"","rec_id","date_participant_enrolled","study_site","participant_age","participant_sex","hh_size","hh_size_cat","occupation","high_educ","avg_daily_resp_contacts","avg_daily_ent_contacts","avg_daily_air_contacts","daily_resp_mean_outlier","daily_resp_q50_outlier","daily_resp_q75_outlier","daily_resp_q80_outlier","daily_resp_q90_outlier","daily_air_mean_outlier","daily_air_q50_outlier","daily_air_q75_outlier","daily_air_q80_outlier","daily_air_q90_outlier","daily_ent_mean_outlier","daily_ent_q50_outlier","daily_ent_q75_outlier","daily_ent_q80_outlier","daily_ent_q90_outlier"
"1","1-1",2023-06-05,"Urban","30-39y","Female",6,"(5,50]","Unemployed outside home","None",2,2,2,0,0,0,0,0,0,0,0,0,0,0,0,0,0,0
"2","2-1",2023-06-05,"Urban","20-29y","Female",4,"(2,5]","Unemployed outside home","Secondary school",3,3,3,0,0,0,0,0,0,1,0,0,0,0,0,0,0,0
"3","3-1",2023-06-05,"Urban","10-19y","Female",3,"(2,5]","Unemployed outside home","Secondary school",3.5,3.5,3.5,0,0,0,0,0,0,1,0,0,0,0,0,0,0,0
"4","4-1",2023-06-05,"Urban","10-19y","Female",9,"(5,50]","Unemployed outside home","Secondary school",0.5,0.5,0.5,0,0,0,0,0,0,0,0,0,0,0,0,0,0,0
"5","5-1",2023-06-05,"Urban","30-39y","Female",3,"(2,5]","Semiskilled / skilled labor","None",2,2,2,0,0,0,0,0,0,0,0,0,0,0,0,0,0,0
"6","6-1",2023-06-05,"Urban","20-29y","Male",6,"(5,50]","Semiprofessional / professional","None",9,11,8,1,1,1,1,0,1,1,1,1,0,1,1,1,1,0
"7","7-1",2023-06-05,"Urban","20-29y","Male",5,"(2,5]","Semiprofessional / professional","Some college or higher",4,5,4,0,0,0,0,0,1,1,0,0,0,0,0,0,0,0
"8","8-1",2023-06-05,"Urban","30-39y","Male",5,"(2,5]","Semiskilled / skilled labor","Secondary school",14.5,17.5,4,1,1,1,1,1,1,1,0,0,0,1,1,1,1,1
"9","9-1",2023-06-06,"Urban","30-39y","Male",5,"(2,5]","Semiskilled / skilled labor","Secondary school",9.5,15.5,0,1,1,1,1,0,0,0,0,0,0,1,1,1,1,1
"10","10-1",2023-06-06,"Urban","30-39y","Male",3,"(2,5]","Semiskilled / skilled labor","None",4.5,6,0,0,1,0,0,0,0,0,0,0,0,0,1,0,0,0
"11","11-1",2023-06-07,"Urban","40-59y","Male",3,"(2,5]","Semiskilled / skilled labor","Secondary school",4.5,4,0.5,0,1,0,0,0,0,0,0,0,0,0,0,0,0,0
"12","12-1",2023-06-07,"Urban","<6mo","Female",10,"(5,50]","Unemployed outside home","None",0,2,0,0,0,0,0,0,0,0,0,0,0,0,0,0,0,0
"13","13-1",2023-06-07,"Urban","<6mo","Male",6,"(5,50]","Unemployed outside home","None",1.5,3.5,1.5,0,0,0,0,0,0,0,0,0,0,0,0,0,0,0
"14","16-1",2023-06-07,"Urban","30-39y","Male",5,"(2,5]","Unemployed outside home","None",8,13.5,0.5,1,1,1,0,0,0,0,0,0,0,1,1,1,1,0
"15","34-1",2023-06-06,"Urban","40-59y","Male",12,"(5,50]","Semiskilled / skilled labor","None",1.5,2.5,0,0,0,0,0,0,0,0,0,0,0,0,0,0,0,0
"16","35-1",2023-06-06,"Rural","40-59y","Female",5,"(2,5]","Unemployed outside home","None",2.5,2,1.5,0,0,0,0,0,0,0,0,0,0,0,0,0,0,0
"17","36-1",2023-06-08,"Rural","40-59y","Female",8,"(5,50]","Unemployed outside home","None",9,10,8,1,1,1,1,0,1,1,1,1,0,1,1,1,0,0
"18","37-1",2023-06-09,"Rural","40-59y","Female",8,"(5,50]","Unemployed outside home","None",10.5,13.5,10.5,1,1,1,1,0,1,1,1,1,1,1,1,1,1,0
"19","38-1",2023-06-10,"Rural","10-19y","Female",4,"(2,5]","Unemployed outside home","Currently enrolled in school",9,9,2.5,1,1,1,1,0,0,0,0,0,0,1,1,0,0,0
"20","39-1",2023-06-10,"Rural","30-39y","Female",6,"(5,50]","Semiskilled / skilled labor","None",6,7.5,6,1,1,0,0,0,1,1,1,0,0,1,1,0,0,0
"21","40-1",2023-06-12,"Rural","30-39y","Female",6,"(5,50]","Unemployed outside home","None",5.5,5,5,1,1,0,0,0,1,1,0,0,0,0,0,0,0,0
"22","41-1",2023-06-12,"Rural","20-29y","Female",5,"(2,5]","Unemployed outside home","None",11.5,12,11.5,1,1,1,1,0,1,1,1,1,1,1,1,1,1,0
"23","43-1",2023-06-14,"Rural","1-4y","Female",4,"(2,5]","Unemployed outside home","None",9,9,9,1,1,1,1,0,1,1,1,1,0,1,1,0,0,0
"24","44-1",2023-06-14,"Rural","10-19y","Female",7,"(5,50]","Unemployed outside home","None",5.5,8.5,3.5,1,1,0,0,0,0,1,0,0,0,1,1,0,0,0
"25","45-1",2023-06-06,"Rural","30-39y","Female",6,"(5,50]","Unemployed outside home","Some college or higher",18.5,19.5,16.5,1,1,1,1,1,1,1,1,1,1,1,1,1,1,1
"26","46-1",2023-06-07,"Rural","5-9y","Female",5,"(2,5]","Unemployed outside home","Primary school",7.5,7.5,7.5,1,1,0,0,0,1,1,1,1,0,1,1,0,0,0
"27","47-1",2023-06-07,"Rural","20-29y","Female",4,"(2,5]","Unemployed outside home","None",5,9.5,4.5,1,1,0,0,0,1,1,0,0,0,1,1,1,0,0
"28","48-1",2023-06-08,"Rural","1-4y","Female",7,"(5,50]","Unemployed outside home","None",4.5,5.5,4.5,0,1,0,0,0,1,1,0,0,0,0,1,0,0,0
"29","49-1",2023-06-08,"Rural","10-19y","Female",7,"(5,50]","Unemployed outside home","None",3.5,3.5,3.5,0,0,0,0,0,0,1,0,0,0,0,0,0,0,0
"30","50-1",2023-06-08,"Rural","40-59y","Female",9,"(5,50]","Unemployed outside home","None",0,2.5,0,0,0,0,0,0,0,0,0,0,0,0,0,0,0,0
"31","51-1",2023-06-08,"Rural","20-29y","Female",5,"(2,5]","Unemployed outside home","None",5.5,5.5,5.5,1,1,0,0,0,1,1,1,0,0,0,1,0,0,0
"32","52-1",2023-06-08,"Rural","10-19y","Female",8,"(5,50]","Student","Currently enrolled in school",17.5,20,16.5,1,1,1,1,1,1,1,1,1,1,1,1,1,1,1
"33","53-1",2023-06-06,"Urban","6-11mo","Male",5,"(2,5]","Unemployed outside home","None",0,1.5,0,0,0,0,0,0,0,0,0,0,0,0,0,0,0,0
"34","54-1",2023-06-06,"Urban","30-39y","Male",3,"(2,5]","Semiskilled / skilled labor","Secondary school",7.5,11.5,3.5,1,1,0,0,0,0,1,0,0,0,1,1,1,1,0
"35","55-1",2023-06-06,"Urban","30-39y","Male",5,"(2,5]","Semiskilled / skilled labor","None",7,10.5,1.5,1,1,0,0,0,0,0,0,0,0,1,1,1,0,0
"36","56-1",2023-06-07,"Urban","6-11mo","Male",5,"(2,5]","Unemployed outside home","None",5,7,5,1,1,0,0,0,1,1,0,0,0,1,1,0,0,0
"37","57-1",2023-06-07,"Urban","<6mo","Female",4,"(2,5]","Unemployed outside home","None",5,5,5,1,1,0,0,0,1,1,0,0,0,0,0,0,0,0
"38","58-1",2023-06-07,"Urban","1-4y","Female",7,"(5,50]","Unemployed outside home","None",1.5,1.5,1.5,0,0,0,0,0,0,0,0,0,0,0,0,0,0,0
"39","59-1",2023-06-07,"Urban","6-11mo","Female",7,"(5,50]","Unemployed outside home","None",2,2,1,0,0,0,0,0,0,0,0,0,0,0,0,0,0,0
"40","62-1",2023-06-08,"Urban","30-39y","Male",4,"(2,5]","Semiskilled / skilled labor","Secondary school",4.5,7,0.5,0,1,0,0,0,0,0,0,0,0,1,1,0,0,0
"41","63-1",2023-06-08,"Urban","30-39y","Male",4,"(2,5]","Semiskilled / skilled labor","Secondary school",6,7.5,2.5,1,1,0,0,0,0,0,0,0,0,1,1,0,0,0
"42","64-1",2023-06-09,"Urban","1-4y","Female",2,"[0,2]","Unemployed outside home","Primary school",3,3,3,0,0,0,0,0,0,1,0,0,0,0,0,0,0,0
"43","65-1",2023-06-10,"Urban","20-29y","Female",5,"(2,5]","Unemployed outside home","Secondary school",0,0,0,0,0,0,0,0,0,0,0,0,0,0,0,0,0,0
"44","67-1",2023-06-10,"Urban","1-4y","Male",7,"(5,50]","Unemployed outside home","None",0,0,0,0,0,0,0,0,0,0,0,0,0,0,0,0,0,0
"45","77-1",2023-06-06,"Urban","20-29y","Female",5,"(2,5]","Unemployed outside home","None",1,1.5,1,0,0,0,0,0,0,0,0,0,0,0,0,0,0,0
"46","78-1",2023-06-06,"Urban","40-59y","Female",4,"(2,5]","Unemployed outside home","Secondary school",1.5,1.5,1.5,0,0,0,0,0,0,0,0,0,0,0,0,0,0,0
"47","79-1",2023-06-06,"Urban","1-4y","Female",6,"(5,50]","Unemployed outside home","Currently enrolled in school",3,5,2.5,0,0,0,0,0,0,0,0,0,0,0,0,0,0,0
"48","80-1",2023-06-06,"Urban","6-11mo","Male",5,"(2,5]","Unemployed outside home","None",0,1.5,0,0,0,0,0,0,0,0,0,0,0,0,0,0,0,0
"49","81-1",2023-06-06,"Urban","30-39y","Male",3,"(2,5]","Semiskilled / skilled labor","Secondary school",7.5,11.5,3.5,1,1,0,0,0,0,1,0,0,0,1,1,1,1,0
"50","82-1",2023-06-06,"Urban","30-39y","Male",5,"(2,5]","Semiskilled / skilled labor","None",7,10.5,1.5,1,1,0,0,0,0,0,0,0,0,1,1,1,0,0
"51","83-1",2023-06-07,"Urban","6-11mo","Male",5,"(2,5]","Unemployed outside home","None",5,7,5,1,1,0,0,0,1,1,0,0,0,1,1,0,0,0
"52","84-1",2023-06-07,"Urban","<6mo","Female",4,"(2,5]","Unemployed outside home","None",5,5,5,1,1,0,0,0,1,1,0,0,0,0,0,0,0,0
"53","85-1",2023-06-07,"Urban","1-4y","Female",7,"(5,50]","Unemployed outside home","None",1.5,1.5,1.5,0,0,0,0,0,0,0,0,0,0,0,0,0,0,0
"54","86-1",2023-06-07,"Urban","6-11mo","Female",7,"(5,50]","Unemployed outside home","None",2,2,1,0,0,0,0,0,0,0,0,0,0,0,0,0,0,0
"55","87-1",2023-06-08,"Urban","30-39y","Male",5,"(2,5]","Semiskilled / skilled labor","Secondary school",10.5,36,2,1,1,1,1,0,0,0,0,0,0,1,1,1,1,1
"56","88-1",2023-06-08,"Urban","30-39y","Male",5,"(2,5]","Semiskilled / skilled labor","Secondary school",7.5,13.5,0,1,1,0,0,0,0,0,0,0,0,1,1,1,1,0
"57","89-1",2023-06-08,"Urban","30-39y","Male",4,"(2,5]","Semiskilled / skilled labor","Secondary school",4.5,7,0.5,0,1,0,0,0,0,0,0,0,0,1,1,0,0,0
"58","90-1",2023-06-08,"Urban","30-39y","Male",4,"(2,5]","Semiskilled / skilled labor","Secondary school",6,7.5,2.5,1,1,0,0,0,0,0,0,0,0,1,1,0,0,0
"59","91-1",2023-06-09,"Urban","1-4y","Female",2,"[0,2]","Unemployed outside home","Primary school",3,3,3,0,0,0,0,0,0,1,0,0,0,0,0,0,0,0
"60","92-1",2023-06-10,"Urban","20-29y","Female",5,"(2,5]","Unemployed outside home","Secondary school",0,0,0,0,0,0,0,0,0,0,0,0,0,0,0,0,0,0
"61","93-1",2023-06-10,"Urban","40-59y","Female",5,"(2,5]","Unemployed outside home","Secondary school",1,1,1,0,0,0,0,0,0,0,0,0,0,0,0,0,0,0
"62","94-1",2023-06-10,"Urban","1-4y","Male",7,"(5,50]","Unemployed outside home","None",0,0,0,0,0,0,0,0,0,0,0,0,0,0,0,0,0,0
"63","95-1",2023-06-21,"Urban","20-29y","Female",10,"(5,50]","Semiskilled / skilled labor","Primary school",6,9,0,1,1,0,0,0,0,0,0,0,0,1,1,0,0,0
"64","96-1",2023-06-12,"Urban","10-19y","Female",5,"(2,5]","Student","None",0,0,0,0,0,0,0,0,0,0,0,0,0,0,0,0,0,0
"65","97-1",2023-06-13,"Urban","1-4y","Female",8,"(5,50]","Unemployed outside home","None",3,3,2.5,0,0,0,0,0,0,0,0,0,0,0,0,0,0,0
"66","98-1",2023-06-13,"Urban","1-4y","Female",5,"(2,5]","Unemployed outside home","None",0,0,0,0,0,0,0,0,0,0,0,0,0,0,0,0,0,0
"67","99-1",2023-06-13,"Urban","30-39y","Male",3,"(2,5]","Semiprofessional / professional","Secondary school",13.5,18,6.5,1,1,1,1,1,1,1,1,1,0,1,1,1,1,1
"68","100-1",2023-06-13,"Urban","30-39y","Male",3,"(2,5]","Semiprofessional / professional","Secondary school",10.5,12.5,5.5,1,1,1,1,0,1,1,1,0,0,1,1,1,1,0
"69","101-1",2023-06-13,"Urban","40-59y","Male",3,"(2,5]","Semiskilled / skilled labor","Primary school",5.5,9.5,1,1,1,0,0,0,0,0,0,0,0,1,1,1,0,0
"70","102-1",2023-06-14,"Urban","10-19y","Female",5,"(2,5]","Student","Currently enrolled in school",2,2,2,0,0,0,0,0,0,0,0,0,0,0,0,0,0,0
"71","103-1",2023-06-17,"Urban","40-59y","Male",3,"(2,5]","Semiskilled / skilled labor","None",6,10,0.5,1,1,0,0,0,0,0,0,0,0,1,1,1,0,0
"72","104-1",2023-06-06,"Urban","20-29y","Female",5,"(2,5]","Unemployed outside home","None",1,1.5,1,0,0,0,0,0,0,0,0,0,0,0,0,0,0,0
"73","105-1",2023-06-06,"Urban","40-59y","Female",4,"(2,5]","Unemployed outside home","Secondary school",1.5,1.5,1.5,0,0,0,0,0,0,0,0,0,0,0,0,0,0,0
"74","106-1",2023-06-06,"Urban","1-4y","Female",6,"(5,50]","Unemployed outside home","Currently enrolled in school",3,5,2.5,0,0,0,0,0,0,0,0,0,0,0,0,0,0,0
"75","107-1",2023-06-06,"Urban","30-39y","Male",5,"(2,5]","Semiskilled / skilled labor","Secondary school",9.5,15.5,0,1,1,1,1,0,0,0,0,0,0,1,1,1,1,1
"76","108-1",2023-06-06,"Urban","30-39y","Male",3,"(2,5]","Semiskilled / skilled labor","None",4.5,6,0,0,1,0,0,0,0,0,0,0,0,0,1,0,0,0
"77","109-1",2023-06-07,"Urban","40-59y","Male",3,"(2,5]","Semiskilled / skilled labor","Secondary school",4.5,4,0.5,0,1,0,0,0,0,0,0,0,0,0,0,0,0,0
"78","110-1",2023-06-07,"Urban","<6mo","Female",10,"(5,50]","Unemployed outside home","None",0,2,0,0,0,0,0,0,0,0,0,0,0,0,0,0,0,0
"79","111-1",2023-06-07,"Urban","<6mo","Male",6,"(5,50]","Unemployed outside home","None",1.5,3.5,1.5,0,0,0,0,0,0,0,0,0,0,0,0,0,0,0
"80","112-1",2023-06-07,"Urban","30-39y","Male",4,"(2,5]","Semiskilled / skilled labor","None",16.5,26,2,1,1,1,1,1,0,0,0,0,0,1,1,1,1,1
"81","113-1",2023-06-07,"Urban","30-39y","Male",6,"(5,50]","Semiskilled / skilled labor","None",7,25.5,2,1,1,0,0,0,0,0,0,0,0,1,1,1,1,1
"82","114-1",2023-06-07,"Urban","30-39y","Male",5,"(2,5]","Unemployed outside home","None",8,13.5,0.5,1,1,1,0,0,0,0,0,0,0,1,1,1,1,0
"83","115-1",2023-06-12,"Urban","30-39y","Male",4,"(2,5]","Unemployed outside home","Secondary school",1,9.5,1,0,0,0,0,0,0,0,0,0,0,1,1,1,0,0
"84","116-1",2023-06-12,"Urban","30-39y","Male",4,"(2,5]","Semiskilled / skilled labor","Secondary school",5,17.5,2.5,1,1,0,0,0,0,0,0,0,0,1,1,1,1,1
"85","117-1",2023-06-14,"Urban","40-59y","Male",5,"(2,5]","Semiskilled / skilled labor","None",5,14.5,3,1,1,0,0,0,0,1,0,0,0,1,1,1,1,1
"86","118-1",2023-06-16,"Urban","40-59y","Male",3,"(2,5]","Semiskilled / skilled labor","None",5,6.5,2,1,1,0,0,0,0,0,0,0,0,1,1,0,0,0
"87","121-1",2023-06-17,"Urban","1-4y","Female",8,"(5,50]","Unemployed outside home","None",0,0.5,0,0,0,0,0,0,0,0,0,0,0,0,0,0,0,0
"88","122-1",2023-06-17,"Urban","1-4y","Female",5,"(2,5]","Unemployed outside home","None",2.5,2,2,0,0,0,0,0,0,0,0,0,0,0,0,0,0,0
"89","123-1",2023-06-17,"Urban","40-59y","Female",3,"(2,5]","Unemployed outside home","Secondary school",2,2,2,0,0,0,0,0,0,0,0,0,0,0,0,0,0,0
"90","126-1",2023-06-19,"Urban","40-59y","Male",4,"(2,5]","Unemployed outside home","None",4.5,13,2.5,0,1,0,0,0,0,0,0,0,0,1,1,1,1,0
"91","127-1",2023-06-19,"Urban","40-59y","Male",3,"(2,5]","Unemployed outside home","None",0,13,0,0,0,0,0,0,0,0,0,0,0,1,1,1,1,0
"92","128-1",2023-06-19,"Urban","40-59y","Male",7,"(5,50]","Unemployed outside home","None",4,12,1.5,0,0,0,0,0,0,0,0,0,0,1,1,1,1,0
"93","129-1",2023-06-19,"Urban","40-59y","Male",6,"(5,50]","Semiskilled / skilled labor","None",9,15,6.5,1,1,1,1,0,1,1,1,1,0,1,1,1,1,1
"94","130-1",2023-06-19,"Urban","40-59y","Male",2,"[0,2]","Unemployed outside home","Primary school",2.5,7,0.5,0,0,0,0,0,0,0,0,0,0,1,1,0,0,0
"95","131-1",2023-06-19,"Urban","40-59y","Male",4,"(2,5]","Semiskilled / skilled labor","Secondary school",6,18,2,1,1,0,0,0,0,0,0,0,0,1,1,1,1,1
"96","132-1",2023-06-06,"Urban","40-59y","Male",12,"(5,50]","Semiskilled / skilled labor","Secondary school",1.5,2.5,0,0,0,0,0,0,0,0,0,0,0,0,0,0,0,0
"97","133-1",2023-06-05,"Rural","20-29y","Male",2,"[0,2]","Semiskilled / skilled labor","None",16,16.5,13,1,1,1,1,1,1,1,1,1,1,1,1,1,1,1
"98","134-1",2023-06-07,"Rural","20-29y","Male",5,"(2,5]","Semiskilled / skilled labor","Primary school",4,8.5,1,0,0,0,0,0,0,0,0,0,0,1,1,0,0,0
"99","135-1",2023-06-08,"Rural","30-39y","Male",9,"(5,50]","Semiskilled / skilled labor","Secondary school",6,11.5,1.5,1,1,0,0,0,0,0,0,0,0,1,1,1,1,0
"100","136-1",2023-06-08,"Rural","20-29y","Male",3,"(2,5]","Semiskilled / skilled labor","Primary school",8.5,10.5,6.5,1,1,1,0,0,1,1,1,1,0,1,1,1,0,0
"101","137-1",2023-06-08,"Rural","20-29y","Male",5,"(2,5]","Semiskilled / skilled labor","Secondary school",1,1,1,0,0,0,0,0,0,0,0,0,0,0,0,0,0,0
"102","138-1",2023-07-27,"Rural","30-39y","Female",16,"(5,50]","Semiskilled / skilled labor","Primary school",2.5,1.5,0,0,0,0,0,0,0,0,0,0,0,0,0,0,0,0
"103","139-1",2023-06-09,"Rural","20-29y","Male",2,"[0,2]","Semiskilled / skilled labor","None",12,8,7,1,1,1,1,1,1,1,1,1,0,1,1,0,0,0
"104","140-1",2023-06-10,"Rural","30-39y","Female",9,"(5,50]","Unemployed outside home","None",2,2,2,0,0,0,0,0,0,0,0,0,0,0,0,0,0,0
"105","141-1",2023-06-10,"Rural","20-29y","Female",6,"(5,50]","Unemployed outside home","None",9,9,9,1,1,1,1,0,1,1,1,1,0,1,1,0,0,0
"106","142-1",2023-06-10,"Rural","20-29y","Female",6,"(5,50]","Unemployed outside home","None",11,11,11,1,1,1,1,0,1,1,1,1,1,1,1,1,1,0
"107","143-1",2023-06-12,"Rural","30-39y","Female",9,"(5,50]","Unemployed outside home","Primary school",10,10,10,1,1,1,1,0,1,1,1,1,1,1,1,1,0,0
"108","144-1",2023-06-05,"Rural","20-29y","Male",4,"(2,5]","Semiskilled / skilled labor","None",13.5,13.5,5,1,1,1,1,1,1,1,0,0,0,1,1,1,1,0
"109","145-1",2023-06-12,"Rural","5-9y","Male",8,"(5,50]","Unemployed outside home","Primary school",11.5,11,11,1,1,1,1,0,1,1,1,1,1,1,1,1,1,0
"110","146-1",2023-06-12,"Rural","20-29y","Male",6,"(5,50]","Semiskilled / skilled labor","None",12.5,11.5,8.5,1,1,1,1,1,1,1,1,1,0,1,1,1,1,0
"111","147-1",2023-06-12,"Rural","40-59y","Male",14,"(5,50]","Semiskilled / skilled labor","None",11,14.5,8,1,1,1,1,0,1,1,1,1,0,1,1,1,1,1
"112","148-1",2023-06-13,"Rural","30-39y","Male",9,"(5,50]","Semiskilled / skilled labor","None",7.5,13,2.5,1,1,0,0,0,0,0,0,0,0,1,1,1,1,0
"113","149-1",2023-06-13,"Rural","30-39y","Male",5,"(2,5]","Semiskilled / skilled labor","None",22,24,9,1,1,1,1,1,1,1,1,1,0,1,1,1,1,1
"114","150-1",2023-06-13,"Rural","10-19y","Male",8,"(5,50]","Student","Currently enrolled in school",13,15.5,4,1,1,1,1,1,1,1,0,0,0,1,1,1,1,1
"115","151-1",2023-06-14,"Rural","20-29y","Female",8,"(5,50]","Unemployed outside home","None",9.5,9.5,9.5,1,1,1,1,0,1,1,1,1,0,1,1,1,0,0
"116","152-1",2023-06-14,"Rural","30-39y","Female",7,"(5,50]","Unemployed outside home","None",14.5,14,14,1,1,1,1,1,1,1,1,1,1,1,1,1,1,0
"117","153-1",2023-06-15,"Rural","5-9y","Female",8,"(5,50]","Unemployed outside home","Primary school",16,16,16,1,1,1,1,1,1,1,1,1,1,1,1,1,1,1
"118","154-1",2023-06-17,"Rural","30-39y","Male",10,"(5,50]","Semiskilled / skilled labor","None",7.5,4.5,0,1,1,0,0,0,0,0,0,0,0,0,0,0,0,0
"119","155-1",2023-06-05,"Rural","10-19y","Male",9,"(5,50]","Semiskilled / skilled labor","None",10.5,10.5,1,1,1,1,1,0,0,0,0,0,0,1,1,1,0,0
"120","156-1",2023-06-19,"Rural","10-19y","Male",7,"(5,50]","Semiskilled / skilled labor","None",8,8.5,7,1,1,1,0,0,1,1,1,1,0,1,1,0,0,0
"121","157-1",2023-06-19,"Rural","40-59y","Male",5,"(2,5]","Semiskilled / skilled labor","None",14,9,5.5,1,1,1,1,1,1,1,1,0,0,1,1,0,0,0
"122","158-1",2023-06-20,"Rural","10-19y","Male",6,"(5,50]","Student","Currently enrolled in school",16.5,16.5,16.5,1,1,1,1,1,1,1,1,1,1,1,1,1,1,1
"123","159-1",2023-06-20,"Rural","30-39y","Male",9,"(5,50]","Semiskilled / skilled labor","None",8,12,2,1,1,1,0,0,0,0,0,0,0,1,1,1,1,0
"124","160-1",2023-06-20,"Rural","30-39y","Male",8,"(5,50]","Semiskilled / skilled labor","None",7.5,4.5,4.5,1,1,0,0,0,1,1,0,0,0,0,0,0,0,0
"125","161-1",2023-06-21,"Rural","1-4y","Male",4,"(2,5]","Unemployed outside home","Currently enrolled in school",15,15,15,1,1,1,1,1,1,1,1,1,1,1,1,1,1,1
"126","162-1",2023-06-21,"Rural","20-29y","Female",4,"(2,5]","Unemployed outside home","None",3,2,0,0,0,0,0,0,0,0,0,0,0,0,0,0,0,0
"127","163-1",2023-06-21,"Rural","20-29y","Female",3,"(2,5]","Unemployed outside home","None",8,9,7,1,1,1,0,0,1,1,1,1,0,1,1,0,0,0
"128","165-1",2023-06-22,"Rural","5-9y","Male",7,"(5,50]","Unemployed outside home","None",12,12,12,1,1,1,1,1,1,1,1,1,1,1,1,1,1,0
"129","166-1",2023-06-05,"Rural","30-39y","Male",7,"(5,50]","Semiskilled / skilled labor","None",6.5,10,5,1,1,0,0,0,1,1,0,0,0,1,1,1,0,0
"130","167-1",2023-06-06,"Rural","60+y","Male",7,"(5,50]","Semiskilled / skilled labor","None",4,6.5,1,0,0,0,0,0,0,0,0,0,0,1,1,0,0,0
"131","168-1",2023-06-06,"Rural","40-59y","Male",7,"(5,50]","Semiprofessional / professional","None",8,9,6.5,1,1,1,0,0,1,1,1,1,0,1,1,0,0,0
"132","169-1",2023-06-06,"Rural","40-59y","Male",12,"(5,50]","Semiskilled / skilled labor","None",3,4.5,2,0,0,0,0,0,0,0,0,0,0,0,0,0,0,0
"133","170-1",2023-06-06,"Rural","30-39y","Male",4,"(2,5]","Semiskilled / skilled labor","None",13.5,14.5,12.5,1,1,1,1,1,1,1,1,1,1,1,1,1,1,1
"134","171-1",2023-06-07,"Rural","40-59y","Male",11,"(5,50]","Semiprofessional / professional","Some college or higher",9.5,11.5,2.5,1,1,1,1,0,0,0,0,0,0,1,1,1,1,0
"135","172-1",2023-06-20,"Urban","40-59y","Male",4,"(2,5]","Semiprofessional / professional","Primary school",0,4,0,0,0,0,0,0,0,0,0,0,0,0,0,0,0,0
"136","173-1",2023-06-20,"Urban","5-9y","Male",5,"(2,5]","Unemployed outside home","Currently enrolled in school",5.5,5.5,0,1,1,0,0,0,0,0,0,0,0,0,1,0,0,0
"137","174-1",2023-06-21,"Urban","10-19y","Male",10,"(5,50]","Student","Secondary school",2,3.5,2,0,0,0,0,0,0,0,0,0,0,0,0,0,0,0
"138","175-1",2023-06-21,"Urban","10-19y","Female",8,"(5,50]","Student","Currently enrolled in school",0,0,0,0,0,0,0,0,0,0,0,0,0,0,0,0,0,0
"139","176-1",2023-06-22,"Urban","5-9y","Female",5,"(2,5]","Unemployed outside home","None",4.5,4.5,0,0,1,0,0,0,0,0,0,0,0,0,0,0,0,0
"140","177-1",2023-06-21,"Urban","10-19y","Female",5,"(2,5]","Student","None",0.5,0.5,0.5,0,0,0,0,0,0,0,0,0,0,0,0,0,0,0
"141","178-1",2023-06-21,"Urban","<6mo","Female",8,"(5,50]","Unemployed outside home",NA,2.5,2.5,2.5,0,0,0,0,0,0,0,0,0,0,0,0,0,0,0
"142","179-1",2023-06-21,"Urban","20-29y","Female",4,"(2,5]","Unemployed outside home","Primary school",3,3,2.5,0,0,0,0,0,0,0,0,0,0,0,0,0,0,0
"143","180-1",2023-06-22,"Urban","10-19y","Female",9,"(5,50]","Unemployed outside home","Secondary school",0.5,0.5,0.5,0,0,0,0,0,0,0,0,0,0,0,0,0,0,0
"144","181-1",2023-06-22,"Urban","6-11mo","Female",6,"(5,50]","Unemployed outside home","None",3,3,3,0,0,0,0,0,0,1,0,0,0,0,0,0,0,0
"145","182-1",2023-06-23,"Urban","10-19y","Female",8,"(5,50]","Unemployed outside home","Secondary school",0,0,0,0,0,0,0,0,0,0,0,0,0,0,0,0,0,0
"146","183-1",2023-06-26,"Urban","<6mo","Male",4,"(2,5]","Unemployed outside home","None",9,10,6.5,1,1,1,1,0,1,1,1,1,0,1,1,1,0,0
"147","184-1",2023-06-26,"Urban","30-39y","Female",8,"(5,50]","Unemployed outside home","Primary school",1.5,1,1,0,0,0,0,0,0,0,0,0,0,0,0,0,0,0
"148","185-1",2023-06-23,"Urban","40-59y","Male",2,"[0,2]","Semiprofessional / professional","Secondary school",5,12.5,5,1,1,0,0,0,1,1,0,0,0,1,1,1,1,0
"149","186-1",2023-06-24,"Urban","5-9y","Male",4,"(2,5]","Unemployed outside home","Currently enrolled in school",10,10,10,1,1,1,1,0,1,1,1,1,1,1,1,1,0,0
"150","187-1",2023-06-26,"Urban","5-9y","Female",7,"(5,50]","Unemployed outside home","Currently enrolled in school",2,4,2,0,0,0,0,0,0,0,0,0,0,0,0,0,0,0
"151","188-1",2023-06-26,"Urban","6-11mo","Female",5,"(2,5]","Unemployed outside home","None",0.5,1.5,0.5,0,0,0,0,0,0,0,0,0,0,0,0,0,0,0
"152","189-1",2023-06-26,"Urban","30-39y","Female",6,"(5,50]","Unemployed outside home","None",0,0,0,0,0,0,0,0,0,0,0,0,0,0,0,0,0,0
"153","190-1",2023-06-26,"Urban","1-4y","Female",7,"(5,50]","Unemployed outside home","None",0,0,0,0,0,0,0,0,0,0,0,0,0,0,0,0,0,0
"154","191-1",2023-06-20,"Rural","10-19y","Female",7,"(5,50]","Unemployed outside home","None",3,3,3,0,0,0,0,0,0,1,0,0,0,0,0,0,0,0
"155","192-1",2023-06-20,"Rural","10-19y","Female",5,"(2,5]","Unemployed outside home","None",7.5,17,7,1,1,0,0,0,1,1,1,1,0,1,1,1,1,1
"156","193-1",2023-06-21,"Rural","10-19y","Female",7,"(5,50]","Unemployed outside home","None",7.5,7.5,7.5,1,1,0,0,0,1,1,1,1,0,1,1,0,0,0
"157","194-1",2023-06-21,"Rural","10-19y","Female",7,"(5,50]","Unemployed outside home","None",4.5,4.5,4,0,1,0,0,0,1,1,0,0,0,0,0,0,0,0
"158","195-1",2023-06-21,"Rural","1-4y","Female",7,"(5,50]","Unemployed outside home","None",23.5,23.5,22.5,1,1,1,1,1,1,1,1,1,1,1,1,1,1,1
"159","196-1",2023-06-21,"Rural","30-39y","Female",7,"(5,50]","Unemployed outside home","Primary school",8.5,9,8.5,1,1,1,0,0,1,1,1,1,0,1,1,0,0,0
"160","197-1",2023-06-22,"Rural","10-19y","Female",14,"(5,50]","Unemployed outside home","None",12.5,17,12.5,1,1,1,1,1,1,1,1,1,1,1,1,1,1,1
"161","198-1",2023-06-26,"Rural","10-19y","Female",7,"(5,50]","Unemployed outside home","Currently enrolled in school",7,10,6.5,1,1,0,0,0,1,1,1,1,0,1,1,1,0,0
"162","199-1",2023-06-26,"Rural","10-19y","Female",8,"(5,50]","Unemployed outside home","Currently enrolled in school",9.5,17,9.5,1,1,1,1,0,1,1,1,1,0,1,1,1,1,1
"163","200-1",2023-06-26,"Rural","30-39y","Female",6,"(5,50]","Unemployed outside home","Secondary school",12,16.5,6.5,1,1,1,1,1,1,1,1,1,0,1,1,1,1,1
"164","202-1",2023-06-23,"Rural","20-29y","Male",5,"(2,5]","Semiskilled / skilled labor","None",10,9.5,9.5,1,1,1,1,0,1,1,1,1,0,1,1,1,0,0
"165","203-1",2023-06-24,"Rural","40-59y","Male",11,"(5,50]","Semiskilled / skilled labor","Primary school",9,9,2.5,1,1,1,1,0,0,0,0,0,0,1,1,0,0,0
"166","206-1",2023-06-23,"Rural","5-9y","Female",7,"(5,50]","Unemployed outside home","Primary school",12,13,11,1,1,1,1,1,1,1,1,1,1,1,1,1,1,0
"167","207-1",2023-06-24,"Rural","6-11mo","Male",9,"(5,50]","Unemployed outside home","None",0.5,0.5,0.5,0,0,0,0,0,0,0,0,0,0,0,0,0,0,0
"168","208-1",2023-06-26,"Rural","10-19y","Female",23,"(5,50]","Unemployed outside home","Currently enrolled in school",4,4,4,0,0,0,0,0,1,1,0,0,0,0,0,0,0,0
"169","209-1",2023-06-26,"Rural","5-9y","Female",8,"(5,50]","Unemployed outside home","Primary school",9,9,9,1,1,1,1,0,1,1,1,1,0,1,1,0,0,0
"170","210-1",2023-06-26,"Rural","60+y","Female",3,"(2,5]","Unemployed outside home","None",4.5,4.5,0,0,1,0,0,0,0,0,0,0,0,0,0,0,0,0
"171","211-1",2023-06-26,"Rural","10-19y","Female",7,"(5,50]","Unemployed outside home","None",13,13,13,1,1,1,1,1,1,1,1,1,1,1,1,1,1,0
"172","212-1",2023-06-26,"Rural","<6mo","Female",5,"(2,5]","Unemployed outside home","None",16,18,15.5,1,1,1,1,1,1,1,1,1,1,1,1,1,1,1
"173","213-1",2023-06-27,"Urban","6-11mo","Female",19,"(5,50]","Unemployed outside home","None",4.5,4.5,2.5,0,1,0,0,0,0,0,0,0,0,0,0,0,0,0
"174","214-1",2023-06-27,"Urban","20-29y","Female",3,"(2,5]","Unemployed outside home","Secondary school",2,2,2,0,0,0,0,0,0,0,0,0,0,0,0,0,0,0
"175","215-1",2023-06-27,"Urban","6-11mo","Female",7,"(5,50]","Unemployed outside home","None",3.5,4,3,0,0,0,0,0,0,1,0,0,0,0,0,0,0,0
"176","216-1",2023-06-27,"Urban","5-9y","Female",3,"(2,5]","Unemployed outside home","Currently enrolled in school",2,2,2,0,0,0,0,0,0,0,0,0,0,0,0,0,0,0
"177","217-1",2023-07-03,"Urban","1-4y","Male",4,"(2,5]","Unemployed outside home","None",2,2.5,1.5,0,0,0,0,0,0,0,0,0,0,0,0,0,0,0
"178","218-1",2023-07-03,"Urban","30-39y","Female",14,"(5,50]","Unemployed outside home","Secondary school",0,0,0,0,0,0,0,0,0,0,0,0,0,0,0,0,0,0
"179","219-1",2023-07-04,"Rural","20-29y","Male",12,"(5,50]","Semiskilled / skilled labor","None",6,7.5,4.5,1,1,0,0,0,1,1,0,0,0,1,1,0,0,0
"180","220-1",2023-07-04,"Rural","30-39y","Male",10,"(5,50]","Semiskilled / skilled labor","Primary school",9.5,12,3,1,1,1,1,0,0,1,0,0,0,1,1,1,1,0
"181","221-1",2023-07-05,"Rural","30-39y","Male",5,"(2,5]","Semiskilled / skilled labor","Primary school",12,12.5,6.5,1,1,1,1,1,1,1,1,1,0,1,1,1,1,0
"182","222-1",2023-07-04,"Rural","20-29y","Male",8,"(5,50]","Semiskilled / skilled labor","None",4.5,5,1.5,0,1,0,0,0,0,0,0,0,0,0,0,0,0,0
"183","223-1",2023-07-04,"Rural","60+y","Male",11,"(5,50]","Semiskilled / skilled labor","None",1,1,0,0,0,0,0,0,0,0,0,0,0,0,0,0,0,0
"184","224-1",2023-07-05,"Rural","30-39y","Female",9,"(5,50]","Unemployed outside home","None",1.5,1,1,0,0,0,0,0,0,0,0,0,0,0,0,0,0,0
"185","225-1",2023-07-05,"Rural","6-11mo","Female",5,"(2,5]","Unemployed outside home","None",1,1,1,0,0,0,0,0,0,0,0,0,0,0,0,0,0,0
"186","226-1",2023-07-07,"Rural","1-4y","Female",5,"(2,5]","Unemployed outside home","None",6,6.5,5.5,1,1,0,0,0,1,1,1,0,0,1,1,0,0,0
"187","227-1",2023-07-07,"Rural","10-19y","Female",3,"(2,5]","Unemployed outside home","None",10.5,10,10,1,1,1,1,0,1,1,1,1,1,1,1,1,0,0
"188","228-1",2023-07-07,"Rural","40-59y","Female",4,"(2,5]","Semiskilled / skilled labor","None",15.5,15.5,15.5,1,1,1,1,1,1,1,1,1,1,1,1,1,1,1
"189","229-1",2023-07-07,"Rural","20-29y","Male",11,"(5,50]","Semiskilled / skilled labor","None",4,3.5,3,0,0,0,0,0,0,1,0,0,0,0,0,0,0,0
"190","230-1",2023-07-07,"Rural","40-59y","Male",10,"(5,50]","Unemployed outside home","Currently enrolled in school",9.5,9.5,9.5,1,1,1,1,0,1,1,1,1,0,1,1,1,0,0
"191","231-1",2023-07-08,"Rural","20-29y","Female",3,"(2,5]","Semiskilled / skilled labor","None",4.5,4.5,4,0,1,0,0,0,1,1,0,0,0,0,0,0,0,0
"192","232-1",2023-07-07,"Urban","10-19y","Male",7,"(5,50]","Student","Currently enrolled in school",4,10,0,0,0,0,0,0,0,0,0,0,0,1,1,1,0,0
"193","233-1",2023-07-07,"Urban","20-29y","Male",6,"(5,50]","Semiskilled / skilled labor","Secondary school",2,11,0.5,0,0,0,0,0,0,0,0,0,0,1,1,1,1,0
"194","234-1",2023-07-08,"Urban","5-9y","Male",11,"(5,50]","Unemployed outside home","Currently enrolled in school",4,7.5,0.5,0,0,0,0,0,0,0,0,0,0,1,1,0,0,0
"195","235-1",2023-07-08,"Urban","5-9y","Male",5,"(2,5]","Unemployed outside home","Currently enrolled in school",3,5,2,0,0,0,0,0,0,0,0,0,0,0,0,0,0,0
"196","236-1",2023-07-08,"Urban","5-9y","Male",8,"(5,50]","Unemployed outside home","Currently enrolled in school",5.5,8.5,0,1,1,0,0,0,0,0,0,0,0,1,1,0,0,0
"197","237-1",2023-07-10,"Urban","40-59y","Male",5,"(2,5]","Semiprofessional / professional","Primary school",8.5,18,5,1,1,1,0,0,1,1,0,0,0,1,1,1,1,1
"198","238-1",2023-07-10,"Urban","5-9y","Male",5,"(2,5]","Unemployed outside home","Currently enrolled in school",8,13.5,5.5,1,1,1,0,0,1,1,1,0,0,1,1,1,1,0
"199","239-1",2023-07-10,"Urban","40-59y","Male",9,"(5,50]","Semiprofessional / professional","Secondary school",4,14,0,0,0,0,0,0,0,0,0,0,0,1,1,1,1,0
"200","240-1",2023-07-04,"Urban","10-19y","Male",8,"(5,50]","Student","None",6,6,4.5,1,1,0,0,0,1,1,0,0,0,0,1,0,0,0
"201","241-1",2023-07-04,"Urban","10-19y","Female",8,"(5,50]","Unemployed outside home","Secondary school",3.5,3.5,3.5,0,0,0,0,0,0,1,0,0,0,0,0,0,0,0
"202","242-1",2023-07-04,"Urban","5-9y","Male",9,"(5,50]","Unemployed outside home","None",6,6,4,1,1,0,0,0,1,1,0,0,0,0,1,0,0,0
"203","243-1",2023-07-05,"Urban","1-4y","Female",5,"(2,5]","Unemployed outside home","None",0,0,0,0,0,0,0,0,0,0,0,0,0,0,0,0,0,0
"204","244-1",2023-07-05,"Urban","10-19y","Female",6,"(5,50]","Unemployed outside home","None",0,0,0,0,0,0,0,0,0,0,0,0,0,0,0,0,0,0
"205","245-1",2023-07-06,"Urban","6-11mo","Female",10,"(5,50]","Unemployed outside home","None",0,0,0,0,0,0,0,0,0,0,0,0,0,0,0,0,0,0
"206","246-1",2023-07-06,"Urban","1-4y","Female",4,"(2,5]","Unemployed outside home","None",2.5,2.5,2.5,0,0,0,0,0,0,0,0,0,0,0,0,0,0,0
"207","247-1",2023-07-06,"Urban","30-39y","Female",3,"(2,5]","Unemployed outside home","None",1.5,1.5,1.5,0,0,0,0,0,0,0,0,0,0,0,0,0,0,0
"208","248-1",2023-07-07,"Urban","20-29y","Female",10,"(5,50]","Unemployed outside home","Secondary school",0,0,0,0,0,0,0,0,0,0,0,0,0,0,0,0,0,0
"209","249-1",2023-07-07,"Urban","1-4y","Female",5,"(2,5]","Unemployed outside home","None",2.5,2.5,2.5,0,0,0,0,0,0,0,0,0,0,0,0,0,0,0
"210","250-1",2023-07-08,"Urban","40-59y","Female",6,"(5,50]","Unemployed outside home","None",0,0,0,0,0,0,0,0,0,0,0,0,0,0,0,0,0,0
"211","251-1",2023-07-10,"Urban","6-11mo","Female",4,"(2,5]","Unemployed outside home","None",4.5,5,3,0,1,0,0,0,0,1,0,0,0,0,0,0,0,0
"212","252-1",2023-07-10,"Urban","60+y","Female",6,"(5,50]","Unemployed outside home","None",0,0,0,0,0,0,0,0,0,0,0,0,0,0,0,0,0,0
"213","253-1",2023-07-10,"Urban","5-9y","Female",4,"(2,5]","Unemployed outside home","None",3,3,3,0,0,0,0,0,0,1,0,0,0,0,0,0,0,0
"214","254-1",2023-07-10,"Urban","6-11mo","Male",3,"(2,5]","Unemployed outside home","None",1.5,1.5,1.5,0,0,0,0,0,0,0,0,0,0,0,0,0,0,0
"215","255-1",2023-06-27,"Urban","40-59y","Male",5,"(2,5]","Semiprofessional / professional","Some college or higher",8.5,26,7.5,1,1,1,0,0,1,1,1,1,0,1,1,1,1,1
"216","256-1",2023-06-27,"Urban","40-59y","Male",10,"(5,50]","Unemployed outside home","Secondary school",7,9.5,3.5,1,1,0,0,0,0,1,0,0,0,1,1,1,0,0
"217","257-1",2023-06-27,"Urban","40-59y","Male",6,"(5,50]","Semiprofessional / professional","Secondary school",6,11,3,1,1,0,0,0,0,1,0,0,0,1,1,1,1,0
"218","258-1",2023-07-04,"Urban","10-19y","Male",7,"(5,50]","Unemployed outside home","None",6.5,6.5,6.5,1,1,0,0,0,1,1,1,1,0,1,1,0,0,0
"219","259-1",2023-07-04,"Urban","10-19y","Male",6,"(5,50]","Unemployed outside home","None",8.5,11,6.5,1,1,1,0,0,1,1,1,1,0,1,1,1,1,0
"220","260-1",2023-07-04,"Urban","10-19y","Male",5,"(2,5]","Unemployed outside home","None",11.5,14,11,1,1,1,1,0,1,1,1,1,1,1,1,1,1,0
"221","261-1",2023-07-05,"Urban","10-19y","Male",5,"(2,5]","Unemployed outside home","None",11,15,11,1,1,1,1,0,1,1,1,1,1,1,1,1,1,1
"222","262-1",2023-07-05,"Urban","10-19y","Male",4,"(2,5]","Unemployed outside home","None",4,4.5,2.5,0,0,0,0,0,0,0,0,0,0,0,0,0,0,0
"223","263-1",2023-07-05,"Urban","10-19y","Male",4,"(2,5]","Unemployed outside home","None",1,2,1,0,0,0,0,0,0,0,0,0,0,0,0,0,0,0
"224","264-1",2023-07-06,"Urban","10-19y","Male",9,"(5,50]","Unemployed outside home","None",4.5,4.5,0,0,1,0,0,0,0,0,0,0,0,0,0,0,0,0
"225","265-1",2023-07-06,"Urban","5-9y","Male",6,"(5,50]","Unemployed outside home","Currently enrolled in school",0,0,0,0,0,0,0,0,0,0,0,0,0,0,0,0,0,0
"226","266-1",2023-07-06,"Urban","10-19y","Male",4,"(2,5]","Unemployed outside home","None",12,15,12,1,1,1,1,1,1,1,1,1,1,1,1,1,1,1
"227","267-1",2023-07-13,"Urban","10-19y","Male",4,"(2,5]","Unemployed outside home","None",11,12,6,1,1,1,1,0,1,1,1,0,0,1,1,1,1,0
"228","268-1",2023-07-06,"Urban","10-19y","Male",3,"(2,5]","Unemployed outside home","None",2,2.5,1.5,0,0,0,0,0,0,0,0,0,0,0,0,0,0,0
"229","269-1",2023-07-06,"Urban","10-19y","Male",3,"(2,5]","Unemployed outside home","None",2.5,2.5,2,0,0,0,0,0,0,0,0,0,0,0,0,0,0,0
"230","270-1",2023-07-06,"Urban","10-19y","Male",4,"(2,5]","Unemployed outside home","None",1,1,0,0,0,0,0,0,0,0,0,0,0,0,0,0,0,0
"231","271-1",2023-07-06,"Urban","20-29y","Male",3,"(2,5]","Semiskilled / skilled labor","Primary school",5,7,0,1,1,0,0,0,0,0,0,0,0,1,1,0,0,0
"232","272-1",2023-07-07,"Urban","20-29y","Male",2,"[0,2]","Unemployed outside home","None",23,23,23,1,1,1,1,1,1,1,1,1,1,1,1,1,1,1
"233","273-1",2023-07-07,"Urban","20-29y","Male",2,"[0,2]","Semiskilled / skilled labor","Secondary school",0,3,0,0,0,0,0,0,0,0,0,0,0,0,0,0,0,0
"234","274-1",2023-07-07,"Urban","20-29y","Male",4,"(2,5]","Semiskilled / skilled labor","Primary school",1,1.5,0,0,0,0,0,0,0,0,0,0,0,0,0,0,0,0
"235","275-1",2023-07-07,"Urban","20-29y","Male",4,"(2,5]","Semiskilled / skilled labor","Primary school",1.5,2,0,0,0,0,0,0,0,0,0,0,0,0,0,0,0,0
"236","276-1",2023-07-07,"Urban","20-29y","Male",4,"(2,5]","Semiskilled / skilled labor","None",0,1.5,0,0,0,0,0,0,0,0,0,0,0,0,0,0,0,0
"237","277-1",2023-07-04,"Urban","10-19y","Male",5,"(2,5]","Student","Currently enrolled in school",5.5,12.5,1.5,1,1,0,0,0,0,0,0,0,0,1,1,1,1,0
"238","278-1",2023-07-04,"Urban","20-29y","Male",4,"(2,5]","Semiprofessional / professional","Secondary school",0,16,0,0,0,0,0,0,0,0,0,0,0,1,1,1,1,1
"239","279-1",2023-07-04,"Urban","5-9y","Male",6,"(5,50]","Unemployed outside home","Currently enrolled in school",3,3.5,2,0,0,0,0,0,0,0,0,0,0,0,0,0,0,0
"240","280-1",2023-07-04,"Urban","10-19y","Male",4,"(2,5]","Student","None",9,10,7.5,1,1,1,1,0,1,1,1,1,0,1,1,1,0,0
"241","281-1",2023-07-04,"Urban","10-19y","Male",5,"(2,5]","Student","None",9,11,2,1,1,1,1,0,0,0,0,0,0,1,1,1,1,0
"242","282-1",2023-07-05,"Urban","1-4y","Male",7,"(5,50]","Unemployed outside home","None",1,1,1,0,0,0,0,0,0,0,0,0,0,0,0,0,0,0
"243","283-1",2023-07-05,"Urban","5-9y","Female",6,"(5,50]","Unemployed outside home",NA,3,3,3,0,0,0,0,0,0,1,0,0,0,0,0,0,0,0
"244","284-1",2023-07-05,"Urban","10-19y","Male",4,"(2,5]","Student","None",10,12,6,1,1,1,1,0,1,1,1,0,0,1,1,1,1,0
"245","285-1",2023-07-05,"Urban","10-19y","Male",5,"(2,5]","Student","Currently enrolled in school",9.5,17,7,1,1,1,1,0,1,1,1,1,0,1,1,1,1,1
"246","286-1",2023-07-06,"Urban","5-9y","Male",9,"(5,50]","Unemployed outside home","Currently enrolled in school",9.5,9.5,8.5,1,1,1,1,0,1,1,1,1,0,1,1,1,0,0
"247","287-1",2023-07-06,"Urban","5-9y","Male",4,"(2,5]","Unemployed outside home","Currently enrolled in school",15,18.5,7,1,1,1,1,1,1,1,1,1,0,1,1,1,1,1
"248","288-1",2023-07-07,"Urban","20-29y","Male",5,"(2,5]","Semiskilled / skilled labor","Secondary school",2.5,5,0,0,0,0,0,0,0,0,0,0,0,0,0,0,0,0
"249","289-1",2023-07-07,"Urban","20-29y","Male",5,"(2,5]","Semiprofessional / professional","Secondary school",9,17,0,1,1,1,1,0,0,0,0,0,0,1,1,1,1,1
"250","290-1",2023-07-07,"Urban","20-29y","Male",4,"(2,5]","Semiskilled / skilled labor","Primary school",7,7,5,1,1,0,0,0,1,1,0,0,0,1,1,0,0,0
"251","291-1",2023-07-07,"Urban","20-29y","Male",4,"(2,5]","Semiskilled / skilled labor","Secondary school",7,11,6,1,1,0,0,0,1,1,1,0,0,1,1,1,1,0
"252","292-1",2023-07-07,"Urban","20-29y","Male",4,"(2,5]","Semiskilled / skilled labor","Primary school",8.5,17,5.5,1,1,1,0,0,1,1,1,0,0,1,1,1,1,1
"253","293-1",2023-07-12,"Urban","40-59y","Male",5,"(2,5]","Semiskilled / skilled labor","None",0,0,0,0,0,0,0,0,0,0,0,0,0,0,0,0,0,0
"254","294-1",2023-07-11,"Urban","5-9y","Male",6,"(5,50]","Unemployed outside home","None",6,8.5,4,1,1,0,0,0,1,1,0,0,0,1,1,0,0,0
"255","295-1",2023-07-11,"Urban","40-59y","Male",9,"(5,50]","Semiskilled / skilled labor","Secondary school",4,7,0,0,0,0,0,0,0,0,0,0,0,1,1,0,0,0
"256","296-1",2023-07-12,"Urban","5-9y","Male",10,"(5,50]","Unemployed outside home","Currently enrolled in school",5.5,7,0,1,1,0,0,0,0,0,0,0,0,1,1,0,0,0
"257","297-1",2023-07-13,"Urban","5-9y","Male",7,"(5,50]","Unemployed outside home","Currently enrolled in school",4,4,0,0,0,0,0,0,0,0,0,0,0,0,0,0,0,0
"258","298-1",2023-07-13,"Urban","40-59y","Male",8,"(5,50]","Semiprofessional / professional","None",1,6.5,0,0,0,0,0,0,0,0,0,0,0,1,1,0,0,0
"259","299-1",2023-07-15,"Urban","5-9y","Male",7,"(5,50]","Unemployed outside home","Currently enrolled in school",5,6,3.5,1,1,0,0,0,0,1,0,0,0,0,1,0,0,0
"260","300-1",2023-07-15,"Urban","5-9y","Male",8,"(5,50]","Unemployed outside home","Currently enrolled in school",3,5,1,0,0,0,0,0,0,0,0,0,0,0,0,0,0,0
"261","301-1",2023-07-15,"Urban","40-59y","Male",4,"(2,5]","Unemployed outside home","None",6,7,6,1,1,0,0,0,1,1,1,0,0,1,1,0,0,0
"262","302-1",2023-07-19,"Urban","1-4y","Male",3,"(2,5]","Unemployed outside home","None",3.5,4.5,3.5,0,0,0,0,0,0,1,0,0,0,0,0,0,0,0
"263","303-1",2023-07-19,"Urban","1-4y","Male",4,"(2,5]","Unemployed outside home","None",3,4,0,0,0,0,0,0,0,0,0,0,0,0,0,0,0,0
"264","304-1",2023-07-19,"Urban","1-4y","Male",5,"(2,5]","Unemployed outside home","None",3,4,2,0,0,0,0,0,0,0,0,0,0,0,0,0,0,0
"265","305-1",2023-07-20,"Urban","10-19y","Male",7,"(5,50]","Student","Currently enrolled in school",6,7,0,1,1,0,0,0,0,0,0,0,0,1,1,0,0,0
"266","306-1",2023-07-20,"Urban","30-39y","Male",3,"(2,5]","Semiprofessional / professional","Secondary school",10,18,10,1,1,1,1,0,1,1,1,1,1,1,1,1,1,1
"267","307-1",2023-07-20,"Urban","10-19y","Female",5,"(2,5]","Student","Currently enrolled in school",8.5,9.5,2,1,1,1,0,0,0,0,0,0,0,1,1,1,0,0
"268","308-1",2023-07-20,"Urban","10-19y","Male",6,"(5,50]","Student","None",4.5,7.5,0,0,1,0,0,0,0,0,0,0,0,1,1,0,0,0
"269","309-1",2023-07-20,"Urban","10-19y","Male",5,"(2,5]","Student","None",7.5,10,4,1,1,0,0,0,1,1,0,0,0,1,1,1,0,0
"270","310-1",2023-07-21,"Urban","10-19y","Male",5,"(2,5]","Unemployed outside home","None",3,7,0,0,0,0,0,0,0,0,0,0,0,1,1,0,0,0
"271","311-1",2023-07-22,"Urban","10-19y","Male",5,"(2,5]","Student","Currently enrolled in school",11,13,0,1,1,1,1,0,0,0,0,0,0,1,1,1,1,0
"272","312-1",2023-07-22,"Urban","10-19y","Male",6,"(5,50]","Unemployed outside home","None",2,2,0,0,0,0,0,0,0,0,0,0,0,0,0,0,0,0
"273","313-1",2023-07-18,"Urban","10-19y","Male",4,"(2,5]","Semiprofessional / professional","Currently enrolled in school",7,15,0,1,1,0,0,0,0,0,0,0,0,1,1,1,1,1
"274","314-1",2023-07-18,"Urban","10-19y","Male",7,"(5,50]","Student","Currently enrolled in school",8,9,6,1,1,1,0,0,1,1,1,0,0,1,1,0,0,0
"275","315-1",2023-07-20,"Urban","40-59y","Female",6,"(5,50]","Semiskilled / skilled labor","Secondary school",0,0,0,0,0,0,0,0,0,0,0,0,0,0,0,0,0,0
"276","316-1",2023-07-24,"Urban","<6mo","Female",7,"(5,50]","Unemployed outside home","None",1,1,1,0,0,0,0,0,0,0,0,0,0,0,0,0,0,0
"277","317-1",2023-07-13,"Urban","40-59y","Male",3,"(2,5]","Semiskilled / skilled labor","None",0,3,0,0,0,0,0,0,0,0,0,0,0,0,0,0,0,0
"278","318-1",2023-07-13,"Urban","40-59y","Male",4,"(2,5]","Semiskilled / skilled labor","None",0,3.5,0,0,0,0,0,0,0,0,0,0,0,0,0,0,0,0
"279","319-1",2023-07-17,"Urban","40-59y","Male",3,"(2,5]","Semiskilled / skilled labor","None",0,4,0,0,0,0,0,0,0,0,0,0,0,0,0,0,0,0
"280","320-1",2023-07-17,"Urban","40-59y","Male",5,"(2,5]","Semiskilled / skilled labor","None",2,3,0,0,0,0,0,0,0,0,0,0,0,0,0,0,0,0
"281","321-1",2023-07-17,"Urban","40-59y","Male",5,"(2,5]","Semiskilled / skilled labor","Secondary school",3,3,0,0,0,0,0,0,0,0,0,0,0,0,0,0,0,0
"282","322-1",2023-07-17,"Urban","40-59y","Male",5,"(2,5]","Semiprofessional / professional","None",0,0,0,0,0,0,0,0,0,0,0,0,0,0,0,0,0,0
"283","323-1",2023-07-19,"Urban","1-4y","Male",4,"(2,5]","Unemployed outside home","None",4,4,2,0,0,0,0,0,0,0,0,0,0,0,0,0,0,0
"284","324-1",2023-07-11,"Urban","1-4y","Male",4,"(2,5]","Unemployed outside home","None",0,0,0,0,0,0,0,0,0,0,0,0,0,0,0,0,0,0
"285","325-1",2023-07-12,"Urban","10-19y","Female",6,"(5,50]","Student","Currently enrolled in school",0,0,0,0,0,0,0,0,0,0,0,0,0,0,0,0,0,0
"286","326-1",2023-07-12,"Urban","10-19y","Female",3,"(2,5]","Unemployed outside home","Secondary school",1.5,1.5,1.5,0,0,0,0,0,0,0,0,0,0,0,0,0,0,0
"287","327-1",2023-07-13,"Urban","1-4y","Female",6,"(5,50]","Unemployed outside home","None",0,0,0,0,0,0,0,0,0,0,0,0,0,0,0,0,0,0
"288","328-1",2023-07-13,"Urban","<6mo","Male",3,"(2,5]","Unemployed outside home","None",0.5,0.5,0.5,0,0,0,0,0,0,0,0,0,0,0,0,0,0,0
"289","329-1",2023-07-14,"Urban","1-4y","Female",8,"(5,50]","Unemployed outside home","None",0,0,0,0,0,0,0,0,0,0,0,0,0,0,0,0,0,0
"290","330-1",2023-07-14,"Urban","6-11mo","Female",6,"(5,50]","Unemployed outside home","None",0,0,0,0,0,0,0,0,0,0,0,0,0,0,0,0,0,0
"291","331-1",2023-07-14,"Urban","5-9y","Male",6,"(5,50]","Unemployed outside home","Currently enrolled in school",1,1,0,0,0,0,0,0,0,0,0,0,0,0,0,0,0,0
"292","332-1",2023-07-14,"Urban","6-11mo","Male",7,"(5,50]","Unemployed outside home","None",0,0,0,0,0,0,0,0,0,0,0,0,0,0,0,0,0,0
"293","333-1",2023-07-14,"Urban","40-59y","Female",8,"(5,50]","Unemployed outside home","None",2,3,0.5,0,0,0,0,0,0,0,0,0,0,0,0,0,0,0
"294","334-1",2023-07-17,"Urban","20-29y","Female",4,"(2,5]","Unemployed outside home","None",0,0,0,0,0,0,0,0,0,0,0,0,0,0,0,0,0,0
"295","335-1",2023-07-17,"Urban","30-39y","Female",7,"(5,50]","Student","Currently enrolled in school",0,0,0,0,0,0,0,0,0,0,0,0,0,0,0,0,0,0
"296","336-1",2023-07-18,"Urban","60+y","Female",3,"(2,5]","Unemployed outside home","None",1,1,1,0,0,0,0,0,0,0,0,0,0,0,0,0,0,0
"297","337-1",2023-07-18,"Urban","40-59y","Female",2,"[0,2]","Unemployed outside home","Secondary school",1.5,1.5,1.5,0,0,0,0,0,0,0,0,0,0,0,0,0,0,0
"298","338-1",2023-07-18,"Urban","40-59y","Female",4,"(2,5]","Unemployed outside home","Secondary school",0,0,0,0,0,0,0,0,0,0,0,0,0,0,0,0,0,0
"299","339-1",2023-07-18,"Urban","20-29y","Female",4,"(2,5]","Unemployed outside home","Secondary school",0,0,0,0,0,0,0,0,0,0,0,0,0,0,0,0,0,0
"300","340-1",2023-07-19,"Urban","20-29y","Female",3,"(2,5]","Unemployed outside home","Secondary school",1,1,1,0,0,0,0,0,0,0,0,0,0,0,0,0,0,0
"301","341-1",2023-07-19,"Urban","1-4y","Male",6,"(5,50]","Unemployed outside home","None",0,0,0,0,0,0,0,0,0,0,0,0,0,0,0,0,0,0
"302","342-1",2023-07-19,"Urban","5-9y","Female",5,"(2,5]","Unemployed outside home","None",0,0,0,0,0,0,0,0,0,0,0,0,0,0,0,0,0,0
"303","343-1",2023-07-20,"Urban","20-29y","Female",3,"(2,5]","Unemployed outside home","Secondary school",1,1,1,0,0,0,0,0,0,0,0,0,0,0,0,0,0,0
"304","344-1",2023-07-20,"Urban","6-11mo","Male",6,"(5,50]","Unemployed outside home","None",0,0,0,0,0,0,0,0,0,0,0,0,0,0,0,0,0,0
"305","345-1",2023-07-20,"Urban","20-29y","Female",8,"(5,50]","Semiskilled / skilled labor","Secondary school",1,1,1,0,0,0,0,0,0,0,0,0,0,0,0,0,0,0
"306","346-1",2023-07-21,"Urban","10-19y","Female",11,"(5,50]","Unemployed outside home","Secondary school",0.5,0.5,0.5,0,0,0,0,0,0,0,0,0,0,0,0,0,0,0
"307","347-1",2023-07-22,"Urban","30-39y","Female",3,"(2,5]","Unemployed outside home","None",1.5,1.5,1.5,0,0,0,0,0,0,0,0,0,0,0,0,0,0,0
"308","348-1",2023-07-22,"Urban","1-4y","Female",5,"(2,5]","Unemployed outside home","None",2.5,2.5,2.5,0,0,0,0,0,0,0,0,0,0,0,0,0,0,0
"309","349-1",2023-07-22,"Urban","30-39y","Female",5,"(2,5]","Unemployed outside home","Primary school",0,0,0,0,0,0,0,0,0,0,0,0,0,0,0,0,0,0
"310","350-1",2023-07-22,"Urban","6-11mo","Female",4,"(2,5]","Unemployed outside home","None",0,0,0,0,0,0,0,0,0,0,0,0,0,0,0,0,0,0
"311","351-1",2023-07-11,"Rural","5-9y","Male",10,"(5,50]","Unemployed outside home","Currently enrolled in school",0,0,0,0,0,0,0,0,0,0,0,0,0,0,0,0,0,0
"312","352-1",2023-07-11,"Rural","1-4y","Female",10,"(5,50]","Unemployed outside home","None",15,15,15,1,1,1,1,1,1,1,1,1,1,1,1,1,1,1
"313","353-1",2023-07-12,"Rural","5-9y","Male",9,"(5,50]","Unemployed outside home","None",4,5,4,0,0,0,0,0,1,1,0,0,0,0,0,0,0,0
"314","354-1",2023-07-12,"Rural","1-4y","Male",5,"(2,5]","Unemployed outside home","None",6.5,6.5,6.5,1,1,0,0,0,1,1,1,1,0,1,1,0,0,0
"315","355-1",2023-07-12,"Rural","60+y","Female",5,"(2,5]","Unemployed outside home","Primary school",18,18,18,1,1,1,1,1,1,1,1,1,1,1,1,1,1,1
"316","356-1",2023-07-12,"Rural","40-59y","Female",5,"(2,5]","Unemployed outside home","None",1.5,1.5,1,0,0,0,0,0,0,0,0,0,0,0,0,0,0,0
"317","357-1",2023-07-13,"Rural","5-9y","Female",6,"(5,50]","Unemployed outside home","None",8,8,7,1,1,1,0,0,1,1,1,1,0,1,1,0,0,0
"318","358-1",2023-07-13,"Rural","60+y","Female",6,"(5,50]","Unemployed outside home","None",10.5,10.5,10.5,1,1,1,1,0,1,1,1,1,1,1,1,1,0,0
"319","359-1",2023-07-13,"Rural","40-59y","Female",7,"(5,50]","Unemployed outside home","None",12,12,12,1,1,1,1,1,1,1,1,1,1,1,1,1,1,0
"320","360-1",2023-07-15,"Rural","40-59y","Female",3,"(2,5]","Semiskilled / skilled labor","None",8,8,8,1,1,1,0,0,1,1,1,1,0,1,1,0,0,0
"321","361-1",2023-07-15,"Rural","10-19y","Female",6,"(5,50]","Student","Currently enrolled in school",4.5,5.5,1,0,1,0,0,0,0,0,0,0,0,0,1,0,0,0
"322","362-1",2023-07-17,"Rural","20-29y","Female",7,"(5,50]","Unemployed outside home","None",12,12,12,1,1,1,1,1,1,1,1,1,1,1,1,1,1,0
"323","363-1",2023-07-17,"Rural","30-39y","Female",4,"(2,5]","Unemployed outside home","None",18.5,18.5,18.5,1,1,1,1,1,1,1,1,1,1,1,1,1,1,1
"324","364-1",2023-07-18,"Rural","1-4y","Male",8,"(5,50]","Unemployed outside home","None",2.5,2.5,2.5,0,0,0,0,0,0,0,0,0,0,0,0,0,0,0
"325","365-1",2023-07-18,"Rural","1-4y","Male",5,"(2,5]","Unemployed outside home","None",8.5,11,8.5,1,1,1,0,0,1,1,1,1,0,1,1,1,1,0
"326","367-1",2023-07-20,"Rural","40-59y","Male",6,"(5,50]","Unemployed outside home","Currently enrolled in school",3.5,1.5,0,0,0,0,0,0,0,0,0,0,0,0,0,0,0,0
"327","368-1",2023-07-20,"Rural","10-19y","Female",7,"(5,50]","Student","Currently enrolled in school",4.5,3.5,3.5,0,1,0,0,0,0,1,0,0,0,0,0,0,0,0
"328","369-1",2023-07-20,"Rural","1-4y","Male",3,"(2,5]","Unemployed outside home","None",18,22,9.5,1,1,1,1,1,1,1,1,1,0,1,1,1,1,1
"329","370-1",2023-07-21,"Rural","40-59y","Male",13,"(5,50]","Semiskilled / skilled labor","Primary school",3.5,5.5,0,0,0,0,0,0,0,0,0,0,0,0,1,0,0,0
"330","371-1",2023-07-21,"Rural","40-59y","Male",14,"(5,50]","Semiskilled / skilled labor","Primary school",7.5,7.5,1,1,1,0,0,0,0,0,0,0,0,1,1,0,0,0
"331","372-1",2023-07-21,"Rural","40-59y","Male",6,"(5,50]","Semiskilled / skilled labor","None",0,3.5,0,0,0,0,0,0,0,0,0,0,0,0,0,0,0,0
"332","373-1",2023-07-21,"Rural","40-59y","Female",7,"(5,50]","Unemployed outside home","None",18,18,18,1,1,1,1,1,1,1,1,1,1,1,1,1,1,1
"333","374-1",2023-07-22,"Rural","40-59y","Male",9,"(5,50]","Semiskilled / skilled labor","None",3,5,1.5,0,0,0,0,0,0,0,0,0,0,0,0,0,0,0
"334","375-1",2023-07-22,"Rural","30-39y","Female",6,"(5,50]","Unemployed outside home","None",3,3,3,0,0,0,0,0,0,1,0,0,0,0,0,0,0,0
"335","376-1",2023-06-27,"Rural","1-4y","Male",7,"(5,50]","Unemployed outside home","None",16,16,16,1,1,1,1,1,1,1,1,1,1,1,1,1,1,1
"336","377-1",2023-06-27,"Rural","1-4y","Female",3,"(2,5]","Unemployed outside home","None",13.5,14.5,12.5,1,1,1,1,1,1,1,1,1,1,1,1,1,1,1
"337","378-1",2023-07-04,"Rural","20-29y","Female",3,"(2,5]","Unemployed outside home","None",2,2,2,0,0,0,0,0,0,0,0,0,0,0,0,0,0,0
"338","379-1",2023-07-04,"Rural","5-9y","Female",5,"(2,5]","Unemployed outside home","None",12.5,12.5,12.5,1,1,1,1,1,1,1,1,1,1,1,1,1,1,0
"339","380-1",2023-07-04,"Rural","1-4y","Female",5,"(2,5]","Unemployed outside home","None",22.5,25,19.5,1,1,1,1,1,1,1,1,1,1,1,1,1,1,1
"340","381-1",2023-07-05,"Rural","5-9y","Female",6,"(5,50]","Unemployed outside home","None",8.5,7.5,1.5,1,1,1,0,0,0,0,0,0,0,1,1,0,0,0
"341","382-1",2023-07-05,"Rural","10-19y","Female",4,"(2,5]","Unemployed outside home","Currently enrolled in school",8.5,8.5,8,1,1,1,0,0,1,1,1,1,0,1,1,0,0,0
"342","383-1",2023-07-06,"Rural","10-19y","Female",5,"(2,5]","Unemployed outside home","None",21.5,21.5,9,1,1,1,1,1,1,1,1,1,0,1,1,1,1,1
"343","384-1",2023-07-07,"Rural","20-29y","Female",5,"(2,5]","Unemployed outside home","None",4.5,4.5,4.5,0,1,0,0,0,1,1,0,0,0,0,0,0,0,0
"344","385-1",2023-07-11,"Rural","40-59y","Female",7,"(5,50]","Unemployed outside home","None",7.5,9.5,7.5,1,1,0,0,0,1,1,1,1,0,1,1,1,0,0
"345","386-1",2023-07-12,"Rural","5-9y","Female",9,"(5,50]","Unemployed outside home","Currently enrolled in school",12.5,11,9,1,1,1,1,1,1,1,1,1,0,1,1,1,1,0
"346","387-1",2023-07-12,"Rural","5-9y","Female",7,"(5,50]","Unemployed outside home","None",24.5,23.5,21,1,1,1,1,1,1,1,1,1,1,1,1,1,1,1
"347","388-1",2023-07-12,"Rural","30-39y","Female",4,"(2,5]","Unemployed outside home","None",17,17,17,1,1,1,1,1,1,1,1,1,1,1,1,1,1,1
"348","389-1",2023-07-14,"Rural","10-19y","Male",8,"(5,50]","Student","Currently enrolled in school",6.5,7,3,1,1,0,0,0,0,1,0,0,0,1,1,0,0,0
"349","390-1",2023-07-14,"Rural","20-29y","Female",6,"(5,50]","Unemployed outside home","Secondary school",18,16,14.5,1,1,1,1,1,1,1,1,1,1,1,1,1,1,1
"350","391-1",2023-07-15,"Rural","20-29y","Female",23,"(5,50]","Unemployed outside home","Primary school",10,9.5,8.5,1,1,1,1,0,1,1,1,1,0,1,1,1,0,0
"351","392-1",2023-07-17,"Rural","1-4y","Female",19,"(5,50]","Unemployed outside home","None",5.5,8,4.5,1,1,0,0,0,1,1,0,0,0,1,1,0,0,0
"352","393-1",2023-07-17,"Rural","5-9y","Female",10,"(5,50]","Unemployed outside home","None",14.5,17.5,11.5,1,1,1,1,1,1,1,1,1,1,1,1,1,1,1
"353","394-1",2023-07-18,"Rural","20-29y","Female",8,"(5,50]","Unemployed outside home","Secondary school",0,0,0,0,0,0,0,0,0,0,0,0,0,0,0,0,0,0
"354","395-1",2023-07-18,"Rural","20-29y","Female",7,"(5,50]","Unemployed outside home","None",14,14,14,1,1,1,1,1,1,1,1,1,1,1,1,1,1,0
"355","396-1",2023-07-19,"Rural","<6mo","Female",10,"(5,50]","Unemployed outside home","None",1.5,2,1,0,0,0,0,0,0,0,0,0,0,0,0,0,0,0
"356","397-1",2023-07-19,"Rural","1-4y","Female",11,"(5,50]","Unemployed outside home","None",3.5,5,1.5,0,0,0,0,0,0,0,0,0,0,0,0,0,0,0
"357","398-1",2023-07-20,"Rural","20-29y","Female",13,"(5,50]","Unemployed outside home","None",0,3,0,0,0,0,0,0,0,0,0,0,0,0,0,0,0,0
"358","399-1",2023-07-20,"Rural","1-4y","Female",8,"(5,50]","Unemployed outside home","None",21.5,25,20.5,1,1,1,1,1,1,1,1,1,1,1,1,1,1,1
"359","400-1",2023-07-21,"Rural","40-59y","Female",17,"(5,50]","Unemployed outside home","None",7,7,7,1,1,0,0,0,1,1,1,1,0,1,1,0,0,0
"360","402-1",2023-07-24,"Rural","40-59y","Male",11,"(5,50]","Semiskilled / skilled labor","Primary school",1.5,3,0,0,0,0,0,0,0,0,0,0,0,0,0,0,0,0
"361","403-1",2023-07-24,"Rural","40-59y","Female",5,"(2,5]","Unemployed outside home","None",4,4.5,4,0,0,0,0,0,1,1,0,0,0,0,0,0,0,0
"362","404-1",2023-07-24,"Rural","5-9y","Female",6,"(5,50]","Unemployed outside home","None",19.5,27.5,16.5,1,1,1,1,1,1,1,1,1,1,1,1,1,1,1
"363","405-1",2023-08-05,"Rural","30-39y","Male",10,"(5,50]","Unemployed outside home","None",1.5,2,0,0,0,0,0,0,0,0,0,0,0,0,0,0,0,0
"364","406-1",2023-07-26,"Rural","1-4y","Male",10,"(5,50]","Unemployed outside home","None",10.5,10.5,10.5,1,1,1,1,0,1,1,1,1,1,1,1,1,0,0
"365","407-1",2023-07-26,"Rural","30-39y","Female",6,"(5,50]","Unemployed outside home","None",7.5,6.5,6.5,1,1,0,0,0,1,1,1,1,0,1,1,0,0,0
"366","408-1",2023-07-31,"Urban","30-39y","Female",7,"(5,50]","Unemployed outside home","Primary school",1.5,1.5,1.5,0,0,0,0,0,0,0,0,0,0,0,0,0,0,0
"367","409-1",2023-08-01,"Urban","20-29y","Female",6,"(5,50]","Unemployed outside home","Primary school",0,0,0,0,0,0,0,0,0,0,0,0,0,0,0,0,0,0
"368","410-1",2023-08-01,"Urban","<6mo","Female",6,"(5,50]","Unemployed outside home","None",0,0,0,0,0,0,0,0,0,0,0,0,0,0,0,0,0,0
"369","411-1",2023-08-01,"Urban","10-19y","Female",4,"(2,5]","Unemployed outside home","Secondary school",2.5,2.5,2.5,0,0,0,0,0,0,0,0,0,0,0,0,0,0,0
"370","412-1",2023-08-01,"Urban","40-59y","Female",3,"(2,5]","Unemployed outside home","Primary school",2,2,2,0,0,0,0,0,0,0,0,0,0,0,0,0,0,0
"371","413-1",2023-08-01,"Urban","20-29y","Female",6,"(5,50]","Unemployed outside home","Secondary school",1,1,1,0,0,0,0,0,0,0,0,0,0,0,0,0,0,0
"372","414-1",2023-07-26,"Rural","40-59y","Male",12,"(5,50]","Semiskilled / skilled labor","None",1.5,2,0,0,0,0,0,0,0,0,0,0,0,0,0,0,0,0
"373","415-1",2023-07-26,"Rural","5-9y","Male",8,"(5,50]","Unemployed outside home","Currently enrolled in school",16,16,16,1,1,1,1,1,1,1,1,1,1,1,1,1,1,1
"374","416-1",2023-07-26,"Rural","40-59y","Female",3,"(2,5]","Unemployed outside home","None",13,13,13,1,1,1,1,1,1,1,1,1,1,1,1,1,1,0
"375","417-1",2023-07-27,"Rural","<6mo","Female",9,"(5,50]","Unemployed outside home","None",2,2,2,0,0,0,0,0,0,0,0,0,0,0,0,0,0,0
"376","418-1",2023-07-27,"Rural","40-59y","Female",8,"(5,50]","Unemployed outside home","None",7.5,6.5,5,1,1,0,0,0,1,1,0,0,0,1,1,0,0,0
"377","419-1",2023-07-27,"Rural","6-11mo","Female",8,"(5,50]","Unemployed outside home","None",5,5,5,1,1,0,0,0,1,1,0,0,0,0,0,0,0,0
"378","420-1",2023-07-31,"Rural","40-59y","Female",12,"(5,50]","Unemployed outside home","None",3.5,4,1,0,0,0,0,0,0,0,0,0,0,0,0,0,0,0
"379","421-1",2023-07-31,"Rural","6-11mo","Male",10,"(5,50]","Unemployed outside home","None",1,1,1,0,0,0,0,0,0,0,0,0,0,0,0,0,0,0
"380","422-1",2023-07-31,"Rural",NA,"Female",11,"(5,50]","Unemployed outside home","None",7,7,7,1,1,0,0,0,1,1,1,1,0,1,1,0,0,0
"381","423-1",2023-08-01,"Rural","6-11mo","Female",4,"(2,5]","Unemployed outside home","None",9.5,13,8.5,1,1,1,1,0,1,1,1,1,0,1,1,1,1,0
"382","424-1",2023-08-01,"Rural","5-9y","Male",8,"(5,50]","Unemployed outside home","Currently enrolled in school",8,10,8,1,1,1,0,0,1,1,1,1,0,1,1,1,0,0
"383","425-1",2023-08-01,"Rural","5-9y","Female",7,"(5,50]","Unemployed outside home","Currently enrolled in school",9.5,10,5.5,1,1,1,1,0,1,1,1,0,0,1,1,1,0,0
"384","426-1",2023-08-01,"Rural","5-9y","Male",5,"(2,5]","Unemployed outside home","Currently enrolled in school",10,10.5,7.5,1,1,1,1,0,1,1,1,1,0,1,1,1,0,0
"385","427-1",2023-07-26,"Urban","6-11mo","Male",3,"(2,5]","Unemployed outside home","None",2,2,2,0,0,0,0,0,0,0,0,0,0,0,0,0,0,0
"386","428-1",2023-07-26,"Urban","20-29y","Female",3,"(2,5]","Unemployed outside home","Primary school",0.5,0.5,0.5,0,0,0,0,0,0,0,0,0,0,0,0,0,0,0
"387","429-1",2023-07-26,"Urban","5-9y","Female",6,"(5,50]","Unemployed outside home","None",0,0,0,0,0,0,0,0,0,0,0,0,0,0,0,0,0,0
"388","430-1",2023-07-27,"Urban","6-11mo","Female",7,"(5,50]","Unemployed outside home","None",0,0,0,0,0,0,0,0,0,0,0,0,0,0,0,0,0,0
"389","431-1",2023-07-31,"Urban","30-39y","Female",3,"(2,5]","Unemployed outside home","Primary school",0.5,0.5,0.5,0,0,0,0,0,0,0,0,0,0,0,0,0,0,0
"390","432-1",2023-07-31,"Urban","40-59y","Female",5,"(2,5]","Unemployed outside home","Primary school",0,0,0,0,0,0,0,0,0,0,0,0,0,0,0,0,0,0
"391","433-1",2023-07-31,"Urban","30-39y","Female",5,"(2,5]","Unemployed outside home","Secondary school",0,0,0,0,0,0,0,0,0,0,0,0,0,0,0,0,0,0
"392","434-1",2023-07-31,"Urban","<6mo","Female",3,"(2,5]","Unemployed outside home","None",3,3,3,0,0,0,0,0,0,1,0,0,0,0,0,0,0,0
"393","435-1",2023-07-31,"Urban","20-29y","Female",2,"[0,2]","Unemployed outside home","Secondary school",5,5,4,1,1,0,0,0,1,1,0,0,0,0,0,0,0,0
"394","436-1",2023-07-31,"Urban","10-19y","Male",6,"(5,50]","Semiprofessional / professional","None",3.5,6,0,0,0,0,0,0,0,0,0,0,0,0,1,0,0,0
"395","437-1",2023-07-31,"Urban","20-29y","Female",4,"(2,5]","Unemployed outside home","Secondary school",3.5,3.5,3.5,0,0,0,0,0,0,1,0,0,0,0,0,0,0,0
"396","438-1",2023-07-31,"Urban","60+y","Female",6,"(5,50]","Unemployed outside home","None",0,0,0,0,0,0,0,0,0,0,0,0,0,0,0,0,0,0
"397","439-1",2023-07-27,"Rural","40-59y","Male",9,"(5,50]","Semiskilled / skilled labor","None",9,9.5,6,1,1,1,1,0,1,1,1,0,0,1,1,1,0,0
"398","440-1",2023-07-31,"Rural","40-59y","Male",8,"(5,50]","Semiskilled / skilled labor","Secondary school",1.5,2,0,0,0,0,0,0,0,0,0,0,0,0,0,0,0,0
"399","441-1",2023-08-01,"Rural","40-59y","Male",5,"(2,5]","Semiskilled / skilled labor","Primary school",7.5,7.5,2,1,1,0,0,0,0,0,0,0,0,1,1,0,0,0
"400","442-1",2023-08-01,"Rural","20-29y","Male",5,"(2,5]","Semiskilled / skilled labor","None",13.5,13.5,12,1,1,1,1,1,1,1,1,1,1,1,1,1,1,0
"401","443-1",2023-08-01,"Rural","60+y","Male",5,"(2,5]","Semiskilled / skilled labor","Primary school",2,19,1,0,0,0,0,0,0,0,0,0,0,1,1,1,1,1
"402","444-1",2023-08-02,"Rural","10-19y","Female",6,"(5,50]","Unemployed outside home","Primary school",5,5,1.5,1,1,0,0,0,0,0,0,0,0,0,0,0,0,0
"403","445-1",2023-08-02,"Rural","6-11mo","Male",13,"(5,50]","Unemployed outside home","None",2.5,2.5,2.5,0,0,0,0,0,0,0,0,0,0,0,0,0,0,0
"404","446-1",2023-08-02,"Rural","30-39y","Female",5,"(2,5]","Unemployed outside home","Currently enrolled in school",14.5,12.5,12.5,1,1,1,1,1,1,1,1,1,1,1,1,1,1,0
"405","447-1",2023-08-04,"Rural","1-4y","Male",7,"(5,50]","Unemployed outside home","None",9,9,9,1,1,1,1,0,1,1,1,1,0,1,1,0,0,0
"406","448-1",2023-08-04,"Rural","60+y","Male",8,"(5,50]","Unemployed outside home","Currently enrolled in school",11.5,11,10.5,1,1,1,1,0,1,1,1,1,1,1,1,1,1,0
"407","449-1",2023-08-04,"Rural","30-39y","Male",8,"(5,50]","Semiskilled / skilled labor","Currently enrolled in school",6.5,6.5,4.5,1,1,0,0,0,1,1,0,0,0,1,1,0,0,0
"408","450-1",2023-08-04,"Rural","5-9y","Male",7,"(5,50]","Unemployed outside home","None",10,9.5,9.5,1,1,1,1,0,1,1,1,1,0,1,1,1,0,0
"409","456-1",2023-08-02,"Urban","10-19y","Male",10,"(5,50]","Student","Currently enrolled in school",6.5,8,3,1,1,0,0,0,0,1,0,0,0,1,1,0,0,0
"410","457-1",2023-08-02,"Urban","10-19y","Male",5,"(2,5]","Student","Currently enrolled in school",6,8,0,1,1,0,0,0,0,0,0,0,0,1,1,0,0,0
"411","458-1",2023-08-03,"Urban","6-11mo","Female",4,"(2,5]","Unemployed outside home","None",0.5,0.5,0.5,0,0,0,0,0,0,0,0,0,0,0,0,0,0,0
"412","459-1",2023-08-03,"Urban","<6mo","Female",7,"(5,50]","Unemployed outside home","None",0,0,0,0,0,0,0,0,0,0,0,0,0,0,0,0,0,0
"413","460-1",2023-08-03,"Urban","<6mo","Female",5,"(2,5]","Unemployed outside home","Secondary school",0.5,0.5,0.5,0,0,0,0,0,0,0,0,0,0,0,0,0,0,0
"414","461-1",2023-08-03,"Urban","5-9y","Female",5,"(2,5]","Unemployed outside home","Currently enrolled in school",0,0,0,0,0,0,0,0,0,0,0,0,0,0,0,0,0,0
"415","462-1",2023-08-03,"Urban","40-59y","Female",4,"(2,5]","Unemployed outside home","Primary school",2,3,2,0,0,0,0,0,0,0,0,0,0,0,0,0,0,0
"416","463-1",2023-08-03,"Urban","40-59y","Female",2,"[0,2]","Unemployed outside home","Primary school",1,1,1,0,0,0,0,0,0,0,0,0,0,0,0,0,0,0
"417","464-1",2023-08-03,"Urban","40-59y","Female",4,"(2,5]","Unemployed outside home","Secondary school",0,0,0,0,0,0,0,0,0,0,0,0,0,0,0,0,0,0
"418","465-1",2023-08-03,"Urban","10-19y","Female",5,"(2,5]","Unemployed outside home","Secondary school",1.5,1.5,1.5,0,0,0,0,0,0,0,0,0,0,0,0,0,0,0
"419","466-1",2023-08-03,"Urban","30-39y","Female",3,"(2,5]","Unemployed outside home","Primary school",1,1,1,0,0,0,0,0,0,0,0,0,0,0,0,0,0,0
"420","467-1",2023-08-03,"Urban","30-39y","Female",5,"(2,5]","Unemployed outside home","Secondary school",1,1,1,0,0,0,0,0,0,0,0,0,0,0,0,0,0,0
"421","468-1",2023-08-08,"Urban","30-39y","Female",5,"(2,5]","Unemployed outside home","Secondary school",0,0,0,0,0,0,0,0,0,0,0,0,0,0,0,0,0,0
"422","469-1",2023-08-08,"Urban","40-59y","Female",3,"(2,5]","Unemployed outside home","None",2.5,2.5,2.5,0,0,0,0,0,0,0,0,0,0,0,0,0,0,0
"423","470-1",2023-08-08,"Urban","40-59y","Female",5,"(2,5]","Unemployed outside home","None",0,0,0,0,0,0,0,0,0,0,0,0,0,0,0,0,0,0
"424","471-1",2023-08-08,"Urban","<6mo","Male",4,"(2,5]","Unemployed outside home","None",0,0,0,0,0,0,0,0,0,0,0,0,0,0,0,0,0,0
"425","472-1",2023-08-11,"Urban","10-19y","Female",6,"(5,50]","Student","Currently enrolled in school",1.5,1.5,1.5,0,0,0,0,0,0,0,0,0,0,0,0,0,0,0
"426","473-1",2023-08-11,"Urban","10-19y","Female",7,"(5,50]","Unemployed outside home","None",0,0,0,0,0,0,0,0,0,0,0,0,0,0,0,0,0,0
"427","474-1",2023-08-11,"Urban","10-19y","Female",6,"(5,50]","Student","Currently enrolled in school",0,0,0,0,0,0,0,0,0,0,0,0,0,0,0,0,0,0
"428","475-1",2023-08-15,"Urban","10-19y","Female",6,"(5,50]","Student","Primary school",4,4,4,0,0,0,0,0,1,1,0,0,0,0,0,0,0,0
"429","476-1",2023-08-15,"Urban","40-59y","Female",4,"(2,5]","Unemployed outside home","Primary school",1.5,1.5,1.5,0,0,0,0,0,0,0,0,0,0,0,0,0,0,0
"430","477-1",2023-08-15,"Urban","10-19y","Female",6,"(5,50]","Student","Currently enrolled in school",5,7,3.5,1,1,0,0,0,0,1,0,0,0,1,1,0,0,0
"431","478-1",2023-08-15,"Urban","10-19y","Female",3,"(2,5]","Student","Currently enrolled in school",0,0.5,0,0,0,0,0,0,0,0,0,0,0,0,0,0,0,0
"432","479-1",2023-08-17,"Urban","40-59y","Female",3,"(2,5]","Unemployed outside home","None",4,4,3.5,0,0,0,0,0,0,1,0,0,0,0,0,0,0,0
"433","480-1",2023-08-17,"Urban","10-19y","Female",7,"(5,50]","Student","Currently enrolled in school",0.5,0.5,0.5,0,0,0,0,0,0,0,0,0,0,0,0,0,0,0
"434","481-1",2023-08-17,"Urban","6-11mo","Male",7,"(5,50]","Unemployed outside home","None",0.5,0.5,0.5,0,0,0,0,0,0,0,0,0,0,0,0,0,0,0
"435","482-1",2023-08-11,"Rural","5-9y","Female",11,"(5,50]","Unemployed outside home","Currently enrolled in school",8.5,8,8,1,1,1,0,0,1,1,1,1,0,1,1,0,0,0
"436","483-1",2023-08-11,"Rural","5-9y","Male",12,"(5,50]","Unemployed outside home","None",7.5,8.5,6.5,1,1,0,0,0,1,1,1,1,0,1,1,0,0,0
"437","484-1",2023-08-11,"Rural","60+y","Female",6,"(5,50]","Unemployed outside home","None",18.5,18.5,18.5,1,1,1,1,1,1,1,1,1,1,1,1,1,1,1
"438","485-1",2023-08-12,"Rural","40-59y","Female",5,"(2,5]","Unemployed outside home","None",12.5,13,11.5,1,1,1,1,1,1,1,1,1,1,1,1,1,1,0
"439","486-1",2023-08-12,"Rural","10-19y","Female",9,"(5,50]","Semiskilled / skilled labor","None",12,12,12,1,1,1,1,1,1,1,1,1,1,1,1,1,1,0
"440","487-1",2023-08-23,"Rural","<6mo","Female",8,"(5,50]","Unemployed outside home","None",0,0,0,0,0,0,0,0,0,0,0,0,0,0,0,0,0,0
"441","488-1",2023-08-23,"Rural","6-11mo","Female",10,"(5,50]","Unemployed outside home","None",1,2,0,0,0,0,0,0,0,0,0,0,0,0,0,0,0,0
"442","489-1",2023-08-23,"Rural","<6mo","Female",7,"(5,50]","Unemployed outside home","None",19,23,14,1,1,1,1,1,1,1,1,1,1,1,1,1,1,1
"443","490-1",2023-08-24,"Rural","6-11mo","Male",3,"(2,5]","Unemployed outside home","None",6.5,8,6,1,1,0,0,0,1,1,1,0,0,1,1,0,0,0
"444","491-1",2023-08-24,"Rural","6-11mo","Female",3,"(2,5]","Unemployed outside home","None",11.5,11.5,11.5,1,1,1,1,0,1,1,1,1,1,1,1,1,1,0
"445","492-1",2023-08-24,"Rural","6-11mo","Male",7,"(5,50]","Unemployed outside home","None",2,2,2,0,0,0,0,0,0,0,0,0,0,0,0,0,0,0
"446","493-1",2023-08-24,"Rural","6-11mo","Female",5,"(2,5]","Unemployed outside home","None",14,16,11.5,1,1,1,1,1,1,1,1,1,1,1,1,1,1,1
"447","494-1",2023-08-25,"Rural","<6mo","Female",9,"(5,50]","Unemployed outside home","None",5.5,14,5,1,1,0,0,0,1,1,0,0,0,1,1,1,1,0
"448","495-1",2023-08-25,"Rural","<6mo","Female",9,"(5,50]","Unemployed outside home","None",3,10,2.5,0,0,0,0,0,0,0,0,0,0,1,1,1,0,0
"449","496-1",2023-08-25,"Rural","<6mo","Female",6,"(5,50]","Unemployed outside home","None",5.5,8,5.5,1,1,0,0,0,1,1,1,0,0,1,1,0,0,0
"450","497-1",2023-08-25,"Rural","<6mo","Male",33,"(5,50]","Unemployed outside home","None",6,7,3.5,1,1,0,0,0,0,1,0,0,0,1,1,0,0,0
"451","499-1",2023-08-02,"Rural","20-29y","Male",9,"(5,50]","Semiskilled / skilled labor","Primary school",4.5,4,4,0,1,0,0,0,1,1,0,0,0,0,0,0,0,0
"452","500-1",2023-08-03,"Rural","30-39y","Male",7,"(5,50]","Semiskilled / skilled labor","Secondary school",1.5,3.5,0,0,0,0,0,0,0,0,0,0,0,0,0,0,0,0
"453","502-1",2023-08-05,"Rural","60+y","Male",9,"(5,50]","Semiskilled / skilled labor","Secondary school",0,0,0,0,0,0,0,0,0,0,0,0,0,0,0,0,0,0
"454","503-1",2023-08-05,"Rural","20-29y","Male",11,"(5,50]","Semiskilled / skilled labor","None",3,2,0,0,0,0,0,0,0,0,0,0,0,0,0,0,0,0
"455","504-1",2023-08-05,"Rural","20-29y","Male",6,"(5,50]","Semiskilled / skilled labor","Primary school",2.5,6,0.5,0,0,0,0,0,0,0,0,0,0,0,1,0,0,0
"456","505-1",2023-08-07,"Rural","10-19y","Male",7,"(5,50]","Semiskilled / skilled labor","Secondary school",3,5,3,0,0,0,0,0,0,1,0,0,0,0,0,0,0,0
"457","506-1",2023-08-07,"Rural","<6mo","Male",5,"(2,5]","Unemployed outside home","None",10,11,8.5,1,1,1,1,0,1,1,1,1,0,1,1,1,1,0
"458","507-1",2023-08-09,"Rural","30-39y","Male",6,"(5,50]","Semiskilled / skilled labor","Secondary school",4,5.5,0,0,0,0,0,0,0,0,0,0,0,0,1,0,0,0
"459","508-1",2023-08-10,"Rural","40-59y","Female",5,"(2,5]","Unemployed outside home","None",24,24,24,1,1,1,1,1,1,1,1,1,1,1,1,1,1,1
"460","509-1",2023-08-10,"Rural","5-9y","Male",4,"(2,5]","Unemployed outside home","Currently enrolled in school",9.5,17.5,7,1,1,1,1,0,1,1,1,1,0,1,1,1,1,1
"461","510-1",2023-08-10,"Rural","40-59y","Male",10,"(5,50]","Semiskilled / skilled labor","Secondary school",1,1,0,0,0,0,0,0,0,0,0,0,0,0,0,0,0,0
"462","511-1",2023-08-10,"Rural","40-59y","Male",7,"(5,50]","Semiskilled / skilled labor","None",2,2,0,0,0,0,0,0,0,0,0,0,0,0,0,0,0,0
"463","512-1",2023-08-08,"Rural","40-59y","Male",5,"(2,5]","Semiskilled / skilled labor","Secondary school",5,5,0,1,1,0,0,0,0,0,0,0,0,0,0,0,0,0
"464","513-1",2023-08-07,"Rural","40-59y","Male",18,"(5,50]","Semiskilled / skilled labor","Secondary school",2.5,2.5,2,0,0,0,0,0,0,0,0,0,0,0,0,0,0,0
"465","514-1",2023-08-12,"Rural","5-9y","Male",9,"(5,50]","Unemployed outside home","Currently enrolled in school",3,3.5,0,0,0,0,0,0,0,0,0,0,0,0,0,0,0,0
"466","515-1",2023-08-08,"Rural","40-59y","Male",3,"(2,5]","Semiskilled / skilled labor","None",1,4,0,0,0,0,0,0,0,0,0,0,0,0,0,0,0,0
"467","517-1",2023-08-17,"Rural","10-19y","Male",6,"(5,50]","Student","Currently enrolled in school",4.5,7,3,0,1,0,0,0,0,1,0,0,0,1,1,0,0,0
"468","518-1",2023-08-17,"Rural","10-19y","Female",6,"(5,50]","Unemployed outside home","None",12,12.5,11,1,1,1,1,1,1,1,1,1,1,1,1,1,1,0
"469","519-1",2023-08-17,"Rural","10-19y","Male",7,"(5,50]","Unemployed outside home","Currently enrolled in school",10,10.5,9.5,1,1,1,1,0,1,1,1,1,0,1,1,1,0,0
"470","521-1",2023-08-21,"Rural","6-11mo","Female",7,"(5,50]","Unemployed outside home","None",10,13,10,1,1,1,1,0,1,1,1,1,1,1,1,1,1,0
"471","522-1",2023-08-21,"Rural","10-19y","Female",5,"(2,5]","Unemployed outside home","None",14.5,19,12,1,1,1,1,1,1,1,1,1,1,1,1,1,1,1
"472","523-1",2023-08-22,"Rural","10-19y","Male",7,"(5,50]","Semiskilled / skilled labor","Primary school",13.5,16,9,1,1,1,1,1,1,1,1,1,0,1,1,1,1,1
"473","524-1",2023-08-08,"Rural","40-59y","Male",5,"(2,5]","Semiskilled / skilled labor","None",4,6,0,0,0,0,0,0,0,0,0,0,0,0,1,0,0,0
"474","525-1",2023-08-08,"Rural","10-19y","Male",7,"(5,50]","Semiskilled / skilled labor","None",3,6,1,0,0,0,0,0,0,0,0,0,0,0,1,0,0,0
"475","526-1",2023-08-22,"Rural","10-19y","Male",7,"(5,50]","Semiskilled / skilled labor","Primary school",1,0,0,0,0,0,0,0,0,0,0,0,0,0,0,0,0,0
"476","527-1",2023-09-01,"Rural","10-19y","Male",7,"(5,50]","Student","Currently enrolled in school",2.5,3,0,0,0,0,0,0,0,0,0,0,0,0,0,0,0,0
"477","528-1",2023-09-02,"Rural","10-19y","Male",16,"(5,50]","Student","Currently enrolled in school",0.5,2,0,0,0,0,0,0,0,0,0,0,0,0,0,0,0,0
"478","529-1",2023-08-31,"Rural","<6mo","Male",8,"(5,50]","Unemployed outside home","None",8.5,8.5,8.5,1,1,1,0,0,1,1,1,1,0,1,1,0,0,0
"479","530-1",2023-08-31,"Rural","6-11mo","Male",16,"(5,50]","Unemployed outside home","None",11.5,12,11,1,1,1,1,0,1,1,1,1,1,1,1,1,1,0
"480","531-1",2023-08-31,"Rural","6-11mo","Male",6,"(5,50]","Unemployed outside home",NA,2,2,2,0,0,0,0,0,0,0,0,0,0,0,0,0,0,0
"481","532-1",2023-09-01,"Rural","<6mo","Male",9,"(5,50]","Unemployed outside home","None",0,0,0,0,0,0,0,0,0,0,0,0,0,0,0,0,0,0
"482","533-1",2023-09-02,"Rural","10-19y","Female",14,"(5,50]","Unemployed outside home","None",10.5,10.5,10,1,1,1,1,0,1,1,1,1,1,1,1,1,0,0
"483","534-1",2023-09-02,"Rural","10-19y","Female",8,"(5,50]","Unemployed outside home","None",7,7,6.5,1,1,0,0,0,1,1,1,1,0,1,1,0,0,0
"484","535-1",2023-09-04,"Rural","<6mo","Male",12,"(5,50]","Unemployed outside home","None",1,1,1,0,0,0,0,0,0,0,0,0,0,0,0,0,0,0
"485","536-1",2023-09-04,"Rural","10-19y","Male",13,"(5,50]","Semiskilled / skilled labor","Primary school",2,4,0.5,0,0,0,0,0,0,0,0,0,0,0,0,0,0,0
"486","537-1",2023-08-03,"Rural","40-59y","Female",34,"(5,50]","Unemployed outside home","None",2,2,2,0,0,0,0,0,0,0,0,0,0,0,0,0,0,0
"487","538-1",2023-08-03,"Rural","60+y","Female",3,"(2,5]","Unemployed outside home","None",6,6.5,6,1,1,0,0,0,1,1,1,0,0,1,1,0,0,0
"488","539-1",2023-08-05,"Rural","40-59y","Female",8,"(5,50]","Unemployed outside home","None",5,2,1.5,1,1,0,0,0,0,0,0,0,0,0,0,0,0,0
"489","540-1",2023-08-05,"Rural","40-59y","Female",9,"(5,50]","Unemployed outside home","None",1,1,1,0,0,0,0,0,0,0,0,0,0,0,0,0,0,0
"490","541-1",2023-08-07,"Rural","30-39y","Male",5,"(2,5]","Semiprofessional / professional","Secondary school",8,9,6,1,1,1,0,0,1,1,1,0,0,1,1,0,0,0
"491","543-1",2023-08-09,"Rural","1-4y","Male",10,"(5,50]","Unemployed outside home","None",8,8,8,1,1,1,0,0,1,1,1,1,0,1,1,0,0,0
"492","544-1",2023-08-09,"Rural","1-4y","Male",6,"(5,50]","Unemployed outside home","None",9,10,9,1,1,1,1,0,1,1,1,1,0,1,1,1,0,0
"493","545-1",2023-08-09,"Rural","5-9y","Female",7,"(5,50]","Unemployed outside home","None",18.5,21,15,1,1,1,1,1,1,1,1,1,1,1,1,1,1,1
"494","546-1",2023-08-09,"Rural","40-59y","Female",6,"(5,50]","Unemployed outside home","None",22.5,17.5,15.5,1,1,1,1,1,1,1,1,1,1,1,1,1,1,1
"495","547-1",2023-08-10,"Rural","5-9y","Male",6,"(5,50]","Unemployed outside home","None",16.5,17.5,16.5,1,1,1,1,1,1,1,1,1,1,1,1,1,1,1
"496","548-1",2023-08-10,"Rural","5-9y","Female",7,"(5,50]","Unemployed outside home","Currently enrolled in school",17,21.5,13,1,1,1,1,1,1,1,1,1,1,1,1,1,1,1
"497","549-1",2023-08-10,"Rural","10-19y","Female",7,"(5,50]","Student","Currently enrolled in school",5.5,5,4.5,1,1,0,0,0,1,1,0,0,0,0,0,0,0,0
"498","550-1",2023-08-11,"Rural","40-59y","Female",6,"(5,50]","Semiskilled / skilled labor","None",3.5,3,3,0,0,0,0,0,0,1,0,0,0,0,0,0,0,0
"499","551-1",2023-08-11,"Rural","6-11mo","Female",6,"(5,50]","Unemployed outside home","None",11,11,11,1,1,1,1,0,1,1,1,1,1,1,1,1,1,0
"500","552-1",2023-08-11,"Rural","40-59y","Female",3,"(2,5]","Unemployed outside home","None",22,22,22,1,1,1,1,1,1,1,1,1,1,1,1,1,1,1
"501","554-1",2023-08-12,"Rural","5-9y","Male",9,"(5,50]","Unemployed outside home","Currently enrolled in school",6.5,3,2,1,1,0,0,0,0,0,0,0,0,0,0,0,0,0
"502","555-1",2023-08-15,"Rural","5-9y","Female",7,"(5,50]","Unemployed outside home","Currently enrolled in school",12,25.5,3.5,1,1,1,1,1,0,1,0,0,0,1,1,1,1,1
"503","556-1",2023-08-15,"Rural","6-11mo","Female",6,"(5,50]","Unemployed outside home","None",12.5,22,7.5,1,1,1,1,1,1,1,1,1,0,1,1,1,1,1
"504","558-1",2023-08-15,"Rural","10-19y","Male",10,"(5,50]","Student","Currently enrolled in school",3.5,5.5,0,0,0,0,0,0,0,0,0,0,0,0,1,0,0,0
"505","559-1",2023-08-16,"Rural","5-9y","Male",7,"(5,50]","Unemployed outside home","None",10,12.5,9,1,1,1,1,0,1,1,1,1,0,1,1,1,1,0
"506","561-1",2023-08-16,"Rural","<6mo","Male",8,"(5,50]","Unemployed outside home","None",0.5,0.5,0,0,0,0,0,0,0,0,0,0,0,0,0,0,0,0
"507","562-1",2023-08-16,"Rural","5-9y","Male",8,"(5,50]","Unemployed outside home","None",10.5,10,8,1,1,1,1,0,1,1,1,1,0,1,1,1,0,0
"508","563-1",2023-08-17,"Rural","5-9y","Female",6,"(5,50]","Unemployed outside home","None",9.5,11,8,1,1,1,1,0,1,1,1,1,0,1,1,1,1,0
"509","564-1",2023-08-17,"Rural","10-19y","Male",4,"(2,5]","Student","Primary school",13,13,13,1,1,1,1,1,1,1,1,1,1,1,1,1,1,0
"510","565-1",2023-08-17,"Rural","10-19y","Female",11,"(5,50]","Unemployed outside home","Currently enrolled in school",6.5,6.5,3,1,1,0,0,0,0,1,0,0,0,1,1,0,0,0
"511","566-1",2023-08-21,"Rural","10-19y","Female",5,"(2,5]","Unemployed outside home","None",16,16,15.5,1,1,1,1,1,1,1,1,1,1,1,1,1,1,1
"512","567-1",2023-08-22,"Rural","6-11mo","Female",4,"(2,5]","Unemployed outside home","None",6,6,6,1,1,0,0,0,1,1,1,0,0,0,1,0,0,0
"513","569-1",2023-08-26,"Rural","6-11mo","Male",17,"(5,50]","Unemployed outside home","None",7,7,7,1,1,0,0,0,1,1,1,1,0,1,1,0,0,0
"514","570-1",2023-08-28,"Rural","10-19y","Female",18,"(5,50]","Unemployed outside home","Currently enrolled in school",4,4,3,0,0,0,0,0,0,1,0,0,0,0,0,0,0,0
"515","571-1",2023-08-28,"Rural","6-11mo","Male",10,"(5,50]","Unemployed outside home","None",0,0,0,0,0,0,0,0,0,0,0,0,0,0,0,0,0,0
"516","572-1",2023-08-29,"Rural","<6mo","Male",3,"(2,5]","Unemployed outside home","None",3,4.5,2.5,0,0,0,0,0,0,0,0,0,0,0,0,0,0,0
"517","573-1",2023-08-29,"Rural","6-11mo","Male",12,"(5,50]","Unemployed outside home","None",4.5,4.5,4,0,1,0,0,0,1,1,0,0,0,0,0,0,0,0
"518","574-1",2023-08-30,"Rural","10-19y","Female",8,"(5,50]","Unemployed outside home","None",4,5,2,0,0,0,0,0,0,0,0,0,0,0,0,0,0,0
"519","575-1",2023-08-30,"Rural","<6mo","Male",9,"(5,50]","Unemployed outside home","None",4,4.5,3,0,0,0,0,0,0,1,0,0,0,0,0,0,0,0
"520","576-1",2023-08-30,"Rural","6-11mo","Female",3,"(2,5]","Unemployed outside home","None",3.5,4,3.5,0,0,0,0,0,0,1,0,0,0,0,0,0,0,0
"521","577-1",2023-08-30,"Rural","6-11mo","Female",3,"(2,5]","Unemployed outside home","None",4,4.5,3.5,0,0,0,0,0,0,1,0,0,0,0,0,0,0,0
"522","578-1",2023-09-30,"Urban","10-19y","Male",4,"(2,5]","Semiskilled / skilled labor","Secondary school",0.5,12,0,0,0,0,0,0,0,0,0,0,0,1,1,1,1,0
"523","579-1",2023-09-21,"Urban","1-4y","Female",5,"(2,5]","Unemployed outside home","None",3,3,3,0,0,0,0,0,0,1,0,0,0,0,0,0,0,0
"524","580-1",2023-09-21,"Urban","6-11mo","Male",6,"(5,50]","Unemployed outside home","None",2.5,2.5,2,0,0,0,0,0,0,0,0,0,0,0,0,0,0,0
"525","581-1",2023-09-21,"Urban","1-4y","Male",7,"(5,50]","Unemployed outside home","None",0.5,0.5,0.5,0,0,0,0,0,0,0,0,0,0,0,0,0,0,0
"526","582-1",2023-09-26,"Urban","10-19y","Male",3,"(2,5]","Semiprofessional / professional","Primary school",8.5,13,2.5,1,1,1,0,0,0,0,0,0,0,1,1,1,1,0
"527","583-1",2023-09-26,"Urban","10-19y","Male",7,"(5,50]","Student","Currently enrolled in school",5,13,5,1,1,0,0,0,1,1,0,0,0,1,1,1,1,0
"528","584-1",2023-09-26,"Urban","10-19y","Male",5,"(2,5]","Student","Currently enrolled in school",10,15,1.5,1,1,1,1,0,0,0,0,0,0,1,1,1,1,1
"529","585-1",2023-09-27,"Urban","10-19y","Male",5,"(2,5]","Student","Currently enrolled in school",9,11,6,1,1,1,1,0,1,1,1,0,0,1,1,1,1,0
"530","586-1",2023-09-27,"Urban","10-19y","Male",9,"(5,50]","Student","Currently enrolled in school",8,10,4,1,1,1,0,0,1,1,0,0,0,1,1,1,0,0
"531","587-1",2023-09-28,"Urban","20-29y","Male",6,"(5,50]","Semiprofessional / professional","Secondary school",2.5,7,2.5,0,0,0,0,0,0,0,0,0,0,1,1,0,0,0
"532","588-1",2023-09-30,"Urban","1-4y","Female",5,"(2,5]","Unemployed outside home","None",3,3,3,0,0,0,0,0,0,1,0,0,0,0,0,0,0,0
"533","589-1",2023-09-30,"Urban","1-4y","Male",5,"(2,5]","Unemployed outside home","None",1.5,2,1.5,0,0,0,0,0,0,0,0,0,0,0,0,0,0,0
"534","590-1",2023-08-02,"Urban","10-19y","Female",4,"(2,5]","Unemployed outside home","Secondary school",6,6,6,1,1,0,0,0,1,1,1,0,0,0,1,0,0,0
"535","591-1",2023-08-02,"Urban","10-19y","Female",5,"(2,5]","Semiskilled / skilled labor","Primary school",1,1,1,0,0,0,0,0,0,0,0,0,0,0,0,0,0,0
"536","592-1",2023-08-02,"Urban","6-11mo","Male",4,"(2,5]","Unemployed outside home","Primary school",0,0,0,0,0,0,0,0,0,0,0,0,0,0,0,0,0,0
"537","593-1",2023-08-02,"Urban","30-39y","Female",6,"(5,50]","Unemployed outside home","Secondary school",0,0,0,0,0,0,0,0,0,0,0,0,0,0,0,0,0,0
"538","594-1",2023-08-02,"Urban","10-19y","Female",7,"(5,50]","Unemployed outside home","Secondary school",0,0,0,0,0,0,0,0,0,0,0,0,0,0,0,0,0,0
"539","595-1",2023-08-07,"Urban","30-39y","Female",7,"(5,50]","Unemployed outside home","Secondary school",0,0,0,0,0,0,0,0,0,0,0,0,0,0,0,0,0,0
"540","596-1",2023-08-07,"Urban","10-19y","Female",4,"(2,5]","Unemployed outside home","Primary school",3.5,3.5,3.5,0,0,0,0,0,0,1,0,0,0,0,0,0,0,0
"541","597-1",2023-08-07,"Urban","40-59y","Female",6,"(5,50]","Unemployed outside home","Secondary school",0,0,0,0,0,0,0,0,0,0,0,0,0,0,0,0,0,0
"542","598-1",2023-08-07,"Urban","40-59y","Female",5,"(2,5]","Unemployed outside home","Primary school",4,4,4,0,0,0,0,0,1,1,0,0,0,0,0,0,0,0
"543","599-1",2023-08-07,"Urban","40-59y","Female",7,"(5,50]","Unemployed outside home","Secondary school",0,0,0,0,0,0,0,0,0,0,0,0,0,0,0,0,0,0
"544","600-1",2023-08-07,"Urban","40-59y","Female",6,"(5,50]","Unemployed outside home","Secondary school",0,0,0,0,0,0,0,0,0,0,0,0,0,0,0,0,0,0
"545","601-1",2023-08-07,"Urban","<6mo","Female",5,"(2,5]","Unemployed outside home","None",0,0,0,0,0,0,0,0,0,0,0,0,0,0,0,0,0,0
"546","602-1",2023-08-08,"Urban","10-19y","Female",3,"(2,5]","Unemployed outside home","Primary school",0.5,0.5,0.5,0,0,0,0,0,0,0,0,0,0,0,0,0,0,0
"547","603-1",2023-08-08,"Urban","40-59y","Female",7,"(5,50]","Unemployed outside home","Secondary school",1.5,1.5,1.5,0,0,0,0,0,0,0,0,0,0,0,0,0,0,0
"548","604-1",2023-08-08,"Urban","<6mo","Female",5,"(2,5]","Unemployed outside home","None",0,0,0,0,0,0,0,0,0,0,0,0,0,0,0,0,0,0
"549","605-1",2023-08-08,"Urban","40-59y","Female",4,"(2,5]","Unemployed outside home","None",2.5,2.5,2.5,0,0,0,0,0,0,0,0,0,0,0,0,0,0,0
"550","606-1",2023-08-08,"Urban","6-11mo","Male",5,"(2,5]","Unemployed outside home","None",0,0,0,0,0,0,0,0,0,0,0,0,0,0,0,0,0,0
"551","607-1",2023-08-08,"Urban","40-59y","Female",7,"(5,50]","Unemployed outside home","Secondary school",0,0,0,0,0,0,0,0,0,0,0,0,0,0,0,0,0,0
"552","608-1",2023-08-08,"Urban","40-59y","Female",6,"(5,50]","Unemployed outside home","Secondary school",1,1,1,0,0,0,0,0,0,0,0,0,0,0,0,0,0,0
"553","609-1",2023-08-10,"Urban","40-59y","Female",5,"(2,5]","Unemployed outside home","Primary school",0.5,0.5,0.5,0,0,0,0,0,0,0,0,0,0,0,0,0,0,0
"554","610-1",2023-08-10,"Urban","6-11mo","Female",4,"(2,5]","Unemployed outside home","None",0,0,0,0,0,0,0,0,0,0,0,0,0,0,0,0,0,0
"555","611-1",2023-08-10,"Urban","40-59y","Female",7,"(5,50]","Unemployed outside home","Secondary school",0,0,0,0,0,0,0,0,0,0,0,0,0,0,0,0,0,0
"556","612-1",2023-08-10,"Urban","5-9y","Female",5,"(2,5]","Unemployed outside home","None",0,0,0,0,0,0,0,0,0,0,0,0,0,0,0,0,0,0
"557","613-1",2023-08-10,"Urban","1-4y","Male",4,"(2,5]","Unemployed outside home","None",4,4,4,0,0,0,0,0,1,1,0,0,0,0,0,0,0,0
"558","614-1",2023-08-10,"Urban","40-59y","Female",2,"[0,2]","Unemployed outside home","Secondary school",1.5,1.5,1.5,0,0,0,0,0,0,0,0,0,0,0,0,0,0,0
"559","615-1",2023-08-12,"Urban","5-9y","Female",5,"(2,5]","Unemployed outside home","None",1,1,1,0,0,0,0,0,0,0,0,0,0,0,0,0,0,0
"560","616-1",2023-08-12,"Urban","10-19y","Female",6,"(5,50]","Unemployed outside home","Primary school",0,0,0,0,0,0,0,0,0,0,0,0,0,0,0,0,0,0
"561","617-1",2023-08-12,"Urban","6-11mo","Male",6,"(5,50]","Unemployed outside home","None",2,2,1.5,0,0,0,0,0,0,0,0,0,0,0,0,0,0,0
"562","618-1",2023-08-12,"Urban","5-9y","Female",4,"(2,5]","Unemployed outside home","None",1.5,1.5,0.5,0,0,0,0,0,0,0,0,0,0,0,0,0,0,0
"563","619-1",2023-08-12,"Urban","10-19y","Female",7,"(5,50]","Student","Currently enrolled in school",1,1,1,0,0,0,0,0,0,0,0,0,0,0,0,0,0,0
"564","620-1",2023-09-28,"Urban","1-4y","Male",3,"(2,5]","Unemployed outside home","None",2,2,2,0,0,0,0,0,0,0,0,0,0,0,0,0,0,0
"565","621-1",2023-09-28,"Urban","1-4y","Female",4,"(2,5]","Unemployed outside home","None",3,3,2,0,0,0,0,0,0,0,0,0,0,0,0,0,0,0
"566","622-1",2023-09-06,"Rural","10-19y","Male",4,"(2,5]","Student","Currently enrolled in school",5.5,6.5,0,1,1,0,0,0,0,0,0,0,0,1,1,0,0,0
"567","623-1",2023-09-06,"Rural","10-19y","Male",13,"(5,50]","Student","Currently enrolled in school",3.5,5,0,0,0,0,0,0,0,0,0,0,0,0,0,0,0,0
"568","624-1",2023-09-08,"Rural","10-19y","Male",7,"(5,50]","Semiskilled / skilled labor","None",2,5,0,0,0,0,0,0,0,0,0,0,0,0,0,0,0,0
"569","625-1",2023-09-12,"Rural","10-19y","Male",5,"(2,5]","Semiskilled / skilled labor","Primary school",6,7,0,1,1,0,0,0,0,0,0,0,0,1,1,0,0,0
"570","626-1",2023-09-12,"Rural","10-19y","Male",11,"(5,50]","Student","Currently enrolled in school",1.5,2.5,0,0,0,0,0,0,0,0,0,0,0,0,0,0,0,0
"571","627-1",2023-09-05,"Rural","<6mo","Female",9,"(5,50]","Unemployed outside home","None",3,3,3,0,0,0,0,0,0,1,0,0,0,0,0,0,0,0
"572","628-1",2023-09-06,"Rural","10-19y","Female",11,"(5,50]","Semiskilled / skilled labor","Currently enrolled in school",4.5,4.5,4.5,0,1,0,0,0,1,1,0,0,0,0,0,0,0,0
"573","629-1",2023-09-06,"Rural","10-19y","Male",6,"(5,50]","Student","Currently enrolled in school",7,10,5.5,1,1,0,0,0,1,1,1,0,0,1,1,1,0,0
"574","631-1",2023-09-07,"Rural","<6mo","Female",5,"(2,5]","Unemployed outside home","None",11.5,11.5,11.5,1,1,1,1,0,1,1,1,1,1,1,1,1,1,0
"575","632-1",2023-09-07,"Rural","<6mo","Female",25,"(5,50]","Unemployed outside home","None",1.5,2,1,0,0,0,0,0,0,0,0,0,0,0,0,0,0,0
"576","633-1",2023-09-07,"Rural","10-19y","Male",14,"(5,50]","Student","Currently enrolled in school",7,10,2,1,1,0,0,0,0,0,0,0,0,1,1,1,0,0
"577","634-1",2023-09-07,"Rural","<6mo","Male",5,"(2,5]","Unemployed outside home","None",3,3,2,0,0,0,0,0,0,0,0,0,0,0,0,0,0,0
"578","635-1",2023-09-08,"Rural","10-19y","Female",9,"(5,50]","Unemployed outside home","None",8,8,8,1,1,1,0,0,1,1,1,1,0,1,1,0,0,0
"579","636-1",2023-09-08,"Rural","10-19y","Male",9,"(5,50]","Unemployed outside home","None",7,7,5.5,1,1,0,0,0,1,1,1,0,0,1,1,0,0,0
"580","637-1",2023-09-08,"Rural","10-19y","Male",19,"(5,50]","Semiskilled / skilled labor","None",1.5,3,1.5,0,0,0,0,0,0,0,0,0,0,0,0,0,0,0
"581","638-1",2023-09-08,"Rural","<6mo","Male",5,"(2,5]","Unemployed outside home","None",6,6,6,1,1,0,0,0,1,1,1,0,0,0,1,0,0,0
"582","639-1",2023-09-08,"Rural","10-19y","Male",15,"(5,50]","Student","Currently enrolled in school",1.5,2.5,0,0,0,0,0,0,0,0,0,0,0,0,0,0,0,0
"583","640-1",2023-09-09,"Rural","10-19y","Male",21,"(5,50]","Student","Primary school",4.5,6,4,0,1,0,0,0,1,1,0,0,0,0,1,0,0,0
"584","641-1",2023-09-11,"Rural","10-19y","Male",11,"(5,50]","Unemployed outside home","None",17.5,17.5,16.5,1,1,1,1,1,1,1,1,1,1,1,1,1,1,1
"585","642-1",2023-09-12,"Rural","10-19y","Male",18,"(5,50]","Semiskilled / skilled labor","None",10.5,12,10.5,1,1,1,1,0,1,1,1,1,1,1,1,1,1,0
"586","643-1",2023-09-12,"Rural","10-19y","Male",31,"(5,50]","Semiskilled / skilled labor","None",10,14.5,5,1,1,1,1,0,1,1,0,0,0,1,1,1,1,1
"587","644-1",2023-09-12,"Rural","10-19y","Male",7,"(5,50]","Student","Currently enrolled in school",3,3,3,0,0,0,0,0,0,1,0,0,0,0,0,0,0,0
"588","645-1",2023-09-12,"Rural","10-19y","Male",7,"(5,50]","Student","Currently enrolled in school",16,16.5,4,1,1,1,1,1,1,1,0,0,0,1,1,1,1,1
"589","646-1",2023-09-18,"Rural","40-59y","Female",9,"(5,50]","Unemployed outside home","None",7.5,7.5,7.5,1,1,0,0,0,1,1,1,1,0,1,1,0,0,0
"590","647-1",2023-09-18,"Rural","60+y","Female",4,"(2,5]","Unemployed outside home","None",1,1,1,0,0,0,0,0,0,0,0,0,0,0,0,0,0,0
"591","648-1",2023-09-09,"Urban","5-9y","Female",6,"(5,50]","Unemployed outside home","Currently enrolled in school",3,3.5,2,0,0,0,0,0,0,0,0,0,0,0,0,0,0,0
"592","649-1",2023-09-21,"Urban","6-11mo","Female",3,"(2,5]","Unemployed outside home","None",1,1,1,0,0,0,0,0,0,0,0,0,0,0,0,0,0,0
"593","650-1",2023-09-21,"Urban","20-29y","Female",2,"[0,2]","Unemployed outside home","Secondary school",1.5,2,1.5,0,0,0,0,0,0,0,0,0,0,0,0,0,0,0
"594","651-1",2023-09-21,"Urban","1-4y","Male",5,"(2,5]","Unemployed outside home","None",1.5,1.5,1.5,0,0,0,0,0,0,0,0,0,0,0,0,0,0,0
"595","652-1",2023-09-21,"Urban","<6mo","Female",6,"(5,50]","Unemployed outside home","None",1.5,1.5,1.5,0,0,0,0,0,0,0,0,0,0,0,0,0,0,0
"596","653-1",2023-09-22,"Urban","1-4y","Male",6,"(5,50]","Unemployed outside home","None",0.5,1.5,0,0,0,0,0,0,0,0,0,0,0,0,0,0,0,0
"597","654-1",2023-09-22,"Urban","1-4y","Female",4,"(2,5]","Unemployed outside home","None",1,2.5,1,0,0,0,0,0,0,0,0,0,0,0,0,0,0,0
"598","655-1",2023-09-22,"Urban","1-4y","Male",7,"(5,50]","Unemployed outside home","None",0.5,0.5,0.5,0,0,0,0,0,0,0,0,0,0,0,0,0,0,0
"599","656-1",2023-09-23,"Urban","5-9y","Male",5,"(2,5]","Unemployed outside home","Currently enrolled in school",3,3,3,0,0,0,0,0,0,1,0,0,0,0,0,0,0,0
"600","657-1",2023-09-23,"Urban","1-4y","Male",5,"(2,5]","Unemployed outside home","None",2.5,2.5,2.5,0,0,0,0,0,0,0,0,0,0,0,0,0,0,0
"601","658-1",2023-09-23,"Urban","<6mo","Male",8,"(5,50]","Unemployed outside home","None",2.5,3,1,0,0,0,0,0,0,0,0,0,0,0,0,0,0,0
"602","659-1",2023-10-02,"Urban","6-11mo","Female",9,"(5,50]","Unemployed outside home","None",0.5,0.5,0.5,0,0,0,0,0,0,0,0,0,0,0,0,0,0,0
"603","660-1",2023-09-26,"Urban","1-4y","Female",5,"(2,5]","Unemployed outside home","None",3,4.5,0.5,0,0,0,0,0,0,0,0,0,0,0,0,0,0,0
"604","661-1",2023-09-26,"Urban","<6mo","Female",6,"(5,50]","Unemployed outside home","None",2,2,2,0,0,0,0,0,0,0,0,0,0,0,0,0,0,0
"605","662-1",2023-09-27,"Urban","1-4y","Female",9,"(5,50]","Unemployed outside home","None",4,4,3.5,0,0,0,0,0,0,1,0,0,0,0,0,0,0,0
"606","663-1",2023-09-27,"Urban","10-19y","Female",5,"(2,5]","Unemployed outside home","None",3.5,3.5,3.5,0,0,0,0,0,0,1,0,0,0,0,0,0,0,0
"607","664-1",2023-09-27,"Urban","60+y","Female",2,"[0,2]","Unemployed outside home","None",6.5,6.5,6,1,1,0,0,0,1,1,1,0,0,1,1,0,0,0
"608","665-1",2023-10-02,"Urban","6-11mo","Female",7,"(5,50]","Unemployed outside home","None",1,1,1,0,0,0,0,0,0,0,0,0,0,0,0,0,0,0
"609","666-1",2023-08-22,"Urban","40-59y","Female",4,"(2,5]","Unemployed outside home","Primary school",4,4,4,0,0,0,0,0,1,1,0,0,0,0,0,0,0,0
"610","667-1",2023-08-22,"Urban","5-9y","Female",6,"(5,50]","Unemployed outside home","Currently enrolled in school",0,0,0,0,0,0,0,0,0,0,0,0,0,0,0,0,0,0
"611","668-1",2023-08-22,"Urban","<6mo","Male",5,"(2,5]","Unemployed outside home","None",2.5,2.5,2.5,0,0,0,0,0,0,0,0,0,0,0,0,0,0,0
"612","669-1",2023-08-24,"Urban","6-11mo","Male",6,"(5,50]","Unemployed outside home","None",2,2,2,0,0,0,0,0,0,0,0,0,0,0,0,0,0,0
"613","670-1",2023-08-24,"Urban","<6mo","Male",3,"(2,5]","Unemployed outside home","None",5,5,5,1,1,0,0,0,1,1,0,0,0,0,0,0,0,0
"614","671-1",2023-08-24,"Urban","<6mo","Male",3,"(2,5]","Unemployed outside home","None",5,5,5,1,1,0,0,0,1,1,0,0,0,0,0,0,0,0
"615","672-1",2023-08-25,"Urban","<6mo","Male",5,"(2,5]","Unemployed outside home","None",2,2,2,0,0,0,0,0,0,0,0,0,0,0,0,0,0,0
"616","673-1",2023-08-25,"Urban","<6mo","Male",4,"(2,5]","Unemployed outside home","None",3.5,3.5,3.5,0,0,0,0,0,0,1,0,0,0,0,0,0,0,0
"617","674-1",2023-08-26,"Urban","<6mo","Male",7,"(5,50]","Unemployed outside home","None",0,0,0,0,0,0,0,0,0,0,0,0,0,0,0,0,0,0
"618","675-1",2023-09-22,"Urban","10-19y","Male",7,"(5,50]","Unemployed outside home","None",3,4,2,0,0,0,0,0,0,0,0,0,0,0,0,0,0,0
"619","676-1",2023-09-22,"Urban","20-29y","Male",4,"(2,5]","Semiskilled / skilled labor","Secondary school",2.5,6,2.5,0,0,0,0,0,0,0,0,0,0,0,1,0,0,0
"620","677-1",2023-09-22,"Urban","10-19y","Male",10,"(5,50]","Student","Currently enrolled in school",3,4,2,0,0,0,0,0,0,0,0,0,0,0,0,0,0,0
"621","678-1",2023-09-22,"Urban","10-19y","Male",6,"(5,50]","Student","Currently enrolled in school",4.5,5.5,3,0,1,0,0,0,0,1,0,0,0,0,1,0,0,0
"622","679-1",2023-09-22,"Urban","10-19y","Male",7,"(5,50]","Student","Currently enrolled in school",1.5,3,1,0,0,0,0,0,0,0,0,0,0,0,0,0,0,0
"623","680-1",2023-09-22,"Urban","10-19y","Male",6,"(5,50]","Student","Currently enrolled in school",2,3,1,0,0,0,0,0,0,0,0,0,0,0,0,0,0,0
"624","681-1",2023-09-23,"Urban","10-19y","Male",6,"(5,50]","Student","Currently enrolled in school",4.5,6.5,3.5,0,1,0,0,0,0,1,0,0,0,1,1,0,0,0
"625","682-1",2023-09-23,"Urban","10-19y","Male",6,"(5,50]","Student","Currently enrolled in school",4,7.5,4,0,0,0,0,0,1,1,0,0,0,1,1,0,0,0
"626","683-1",2023-09-23,"Urban","20-29y","Male",5,"(2,5]","Semiprofessional / professional","Secondary school",5,9,5,1,1,0,0,0,1,1,0,0,0,1,1,0,0,0
"627","684-1",2023-10-02,"Urban","10-19y","Male",9,"(5,50]","Student","Currently enrolled in school",9,11,7,1,1,1,1,0,1,1,1,1,0,1,1,1,1,0
"628","685-1",2023-10-02,"Urban","10-19y","Male",5,"(2,5]","Student","Currently enrolled in school",3.5,9,1,0,0,0,0,0,0,0,0,0,0,1,1,0,0,0
"629","686-1",2023-10-02,"Urban","10-19y","Male",7,"(5,50]","Student","Currently enrolled in school",5,6.5,2,1,1,0,0,0,0,0,0,0,0,1,1,0,0,0
"630","687-1",2023-10-06,"Rural","40-59y","Male",7,"(5,50]","Semiskilled / skilled labor","Primary school",1.5,2,0,0,0,0,0,0,0,0,0,0,0,0,0,0,0,0
"631","688-1",2023-10-06,"Rural","20-29y","Male",8,"(5,50]","Semiskilled / skilled labor","Primary school",4,4,0,0,0,0,0,0,0,0,0,0,0,0,0,0,0,0
"632","689-1",2023-10-09,"Rural","30-39y","Male",7,"(5,50]","Semiskilled / skilled labor","Primary school",0.5,3.5,0,0,0,0,0,0,0,0,0,0,0,0,0,0,0,0
"633","690-1",2023-10-09,"Rural","10-19y","Male",4,"(2,5]","Semiskilled / skilled labor","None",3,3,0,0,0,0,0,0,0,0,0,0,0,0,0,0,0,0
"634","691-1",2023-10-10,"Rural","40-59y","Male",5,"(2,5]","Semiskilled / skilled labor","None",0.5,2.5,0,0,0,0,0,0,0,0,0,0,0,0,0,0,0,0
"635","692-1",2023-10-11,"Rural","10-19y","Male",3,"(2,5]","Unemployed outside home","Primary school",0,7.5,0,0,0,0,0,0,0,0,0,0,0,1,1,0,0,0
"636","693-1",2023-10-13,"Rural","30-39y","Male",4,"(2,5]","Semiskilled / skilled labor","Primary school",2,6,0,0,0,0,0,0,0,0,0,0,0,0,1,0,0,0
"637","694-1",2023-10-13,"Rural","40-59y","Male",5,"(2,5]","Semiskilled / skilled labor","None",1.5,2.5,0,0,0,0,0,0,0,0,0,0,0,0,0,0,0,0
"638","695-1",2023-10-13,"Rural","10-19y","Male",7,"(5,50]","Student","Currently enrolled in school",0.5,2,0,0,0,0,0,0,0,0,0,0,0,0,0,0,0,0
"639","696-1",2023-10-14,"Rural","60+y","Male",7,"(5,50]","Unemployed outside home","None",3,6,0,0,0,0,0,0,0,0,0,0,0,0,1,0,0,0
"640","697-1",2023-10-18,"Rural","20-29y","Male",4,"(2,5]","Semiskilled / skilled labor","None",2.5,5.5,0,0,0,0,0,0,0,0,0,0,0,0,1,0,0,0
"641","698-1",2023-10-19,"Rural","20-29y","Male",2,"[0,2]","Semiskilled / skilled labor","None",1,7,0,0,0,0,0,0,0,0,0,0,0,1,1,0,0,0
"642","699-1",2023-10-24,"Rural","20-29y","Male",8,"(5,50]","Semiskilled / skilled labor","None",3.5,4,0,0,0,0,0,0,0,0,0,0,0,0,0,0,0,0
"643","700-1",2023-10-24,"Rural","60+y","Male",7,"(5,50]","Semiskilled / skilled labor","None",2,5,0,0,0,0,0,0,0,0,0,0,0,0,0,0,0,0
"644","701-1",2023-10-06,"Rural","40-59y","Female",2,"[0,2]","Unemployed outside home","None",9.5,13,5,1,1,1,1,0,1,1,0,0,0,1,1,1,1,0
"645","702-1",2023-10-06,"Rural","6-11mo","Female",10,"(5,50]","Unemployed outside home","None",3,3,3,0,0,0,0,0,0,1,0,0,0,0,0,0,0,0
"646","703-1",2023-10-06,"Rural","40-59y","Female",4,"(2,5]","Semiskilled / skilled labor","None",13,15.5,11.5,1,1,1,1,1,1,1,1,1,1,1,1,1,1,1
"647","704-1",2023-10-06,"Rural","6-11mo","Male",10,"(5,50]","Unemployed outside home","None",6.5,6.5,6.5,1,1,0,0,0,1,1,1,1,0,1,1,0,0,0
"648","705-1",2023-10-07,"Rural","6-11mo","Male",10,"(5,50]","Unemployed outside home","None",4,4,4,0,0,0,0,0,1,1,0,0,0,0,0,0,0,0
"649","706-1",2023-10-07,"Rural","6-11mo","Male",17,"(5,50]","Unemployed outside home","None",0,5,0,0,0,0,0,0,0,0,0,0,0,0,0,0,0,0
"650","707-1",2023-10-07,"Rural","6-11mo","Male",12,"(5,50]","Unemployed outside home","None",1,3,0,0,0,0,0,0,0,0,0,0,0,0,0,0,0,0
"651","708-1",2023-10-07,"Rural","1-4y","Female",6,"(5,50]","Unemployed outside home","None",11,11,9.5,1,1,1,1,0,1,1,1,1,0,1,1,1,1,0
"652","709-1",2023-10-09,"Rural","6-11mo","Male",3,"(2,5]","Unemployed outside home","None",6,6,6,1,1,0,0,0,1,1,1,0,0,0,1,0,0,0
"653","710-1",2023-10-09,"Rural","1-4y","Male",13,"(5,50]","Unemployed outside home","None",0,0,0,0,0,0,0,0,0,0,0,0,0,0,0,0,0,0
"654","711-1",2023-10-09,"Rural","1-4y","Female",12,"(5,50]","Unemployed outside home","None",0,0,0,0,0,0,0,0,0,0,0,0,0,0,0,0,0,0
"655","712-1",2023-10-11,"Rural","1-4y","Female",4,"(2,5]","Unemployed outside home","None",12.5,15,10,1,1,1,1,1,1,1,1,1,1,1,1,1,1,1
"656","713-1",2023-10-11,"Rural","1-4y","Female",7,"(5,50]","Unemployed outside home","None",6,6,6,1,1,0,0,0,1,1,1,0,0,0,1,0,0,0
"657","714-1",2023-10-11,"Rural","<6mo","Male",7,"(5,50]","Unemployed outside home","None",4,5.5,2.5,0,0,0,0,0,0,0,0,0,0,0,1,0,0,0
"658","715-1",2023-10-12,"Rural","6-11mo","Female",11,"(5,50]","Unemployed outside home","None",6.5,10,6,1,1,0,0,0,1,1,1,0,0,1,1,1,0,0
"659","716-1",2023-10-12,"Rural","20-29y","Male",6,"(5,50]","Semiskilled / skilled labor","None",6.5,7,0.5,1,1,0,0,0,0,0,0,0,0,1,1,0,0,0
"660","717-1",2023-10-12,"Rural","6-11mo","Male",6,"(5,50]","Unemployed outside home","None",2,2,2,0,0,0,0,0,0,0,0,0,0,0,0,0,0,0
"661","718-1",2023-10-12,"Rural","1-4y","Male",7,"(5,50]","Unemployed outside home","None",2,2.5,2,0,0,0,0,0,0,0,0,0,0,0,0,0,0,0
"662","719-1",2023-10-13,"Rural","30-39y","Female",9,"(5,50]","Unemployed outside home","None",7.5,17,6.5,1,1,0,0,0,1,1,1,1,0,1,1,1,1,1
"663","720-1",2023-10-17,"Rural","6-11mo","Male",6,"(5,50]","Unemployed outside home","None",5,5.5,5,1,1,0,0,0,1,1,0,0,0,0,1,0,0,0
"664","721-1",2023-10-17,"Rural","6-11mo","Male",5,"(2,5]","Unemployed outside home","None",20.5,22,20,1,1,1,1,1,1,1,1,1,1,1,1,1,1,1
"665","722-1",2023-10-17,"Rural","6-11mo","Male",5,"(2,5]","Unemployed outside home","None",10.5,12,10,1,1,1,1,0,1,1,1,1,1,1,1,1,1,0
"666","723-1",2023-10-17,"Rural","1-4y","Male",4,"(2,5]","Unemployed outside home","None",7,7,7,1,1,0,0,0,1,1,1,1,0,1,1,0,0,0
"667","724-1",2023-10-17,"Rural","10-19y","Male",5,"(2,5]","Unemployed outside home","Primary school",0.5,2,0,0,0,0,0,0,0,0,0,0,0,0,0,0,0,0
"668","725-1",2023-10-10,"Rural","40-59y","Male",5,"(2,5]","Unemployed outside home","Primary school",5,9,2,1,1,0,0,0,0,0,0,0,0,1,1,0,0,0
"669","726-1",2023-10-10,"Rural","40-59y","Male",8,"(5,50]","Unemployed outside home","Secondary school",1.5,4,0,0,0,0,0,0,0,0,0,0,0,0,0,0,0,0
"670","727-1",2023-10-14,"Rural","20-29y","Male",13,"(5,50]","Semiskilled / skilled labor","Primary school",1.5,2.5,0,0,0,0,0,0,0,0,0,0,0,0,0,0,0,0
"671","728-1",2023-10-14,"Rural","40-59y","Male",6,"(5,50]","Semiskilled / skilled labor","Primary school",2.5,4.5,0.5,0,0,0,0,0,0,0,0,0,0,0,0,0,0,0
"672","729-1",2023-10-18,"Rural","6-11mo","Female",10,"(5,50]","Unemployed outside home","None",1,2.5,0.5,0,0,0,0,0,0,0,0,0,0,0,0,0,0,0
"673","730-1",2023-10-18,"Rural","<6mo","Male",7,"(5,50]","Unemployed outside home","None",1,1,1,0,0,0,0,0,0,0,0,0,0,0,0,0,0,0
"674","731-1",2023-10-18,"Rural","6-11mo","Female",9,"(5,50]","Unemployed outside home","None",0.5,0.5,0,0,0,0,0,0,0,0,0,0,0,0,0,0,0,0
"675","732-1",2023-10-19,"Rural","<6mo","Male",7,"(5,50]","Unemployed outside home","None",0,0,0,0,0,0,0,0,0,0,0,0,0,0,0,0,0,0
"676","733-1",2023-10-19,"Rural","6-11mo","Male",6,"(5,50]","Unemployed outside home","None",0,0,0,0,0,0,0,0,0,0,0,0,0,0,0,0,0,0
"677","734-1",2023-10-19,"Rural","6-11mo","Male",8,"(5,50]","Unemployed outside home","None",4,4,4,0,0,0,0,0,1,1,0,0,0,0,0,0,0,0
"678","735-1",2023-10-19,"Rural","<6mo","Female",12,"(5,50]","Unemployed outside home","None",11.5,21,11,1,1,1,1,0,1,1,1,1,1,1,1,1,1,1
"679","736-1",2023-10-19,"Rural","6-11mo","Male",12,"(5,50]","Unemployed outside home","None",8,8,8,1,1,1,0,0,1,1,1,1,0,1,1,0,0,0
"680","737-1",2023-10-20,"Rural","6-11mo","Female",9,"(5,50]","Unemployed outside home","None",2,2,1,0,0,0,0,0,0,0,0,0,0,0,0,0,0,0
"681","738-1",2023-10-20,"Rural","10-19y","Female",9,"(5,50]","Unemployed outside home","None",4,4,4,0,0,0,0,0,1,1,0,0,0,0,0,0,0,0
"682","739-1",2023-10-20,"Rural","10-19y","Female",6,"(5,50]","Unemployed outside home","Currently enrolled in school",9.5,19,7,1,1,1,1,0,1,1,1,1,0,1,1,1,1,1
"683","740-1",2023-10-24,"Rural","10-19y","Female",12,"(5,50]","Unemployed outside home","Primary school",7.5,16.5,5,1,1,0,0,0,1,1,0,0,0,1,1,1,1,1
"684","741-1",2023-10-24,"Rural","<6mo","Male",14,"(5,50]","Unemployed outside home","None",0,0,0,0,0,0,0,0,0,0,0,0,0,0,0,0,0,0
"685","742-1",2023-10-24,"Rural","30-39y","Female",12,"(5,50]","Unemployed outside home","Currently enrolled in school",0.5,1,0.5,0,0,0,0,0,0,0,0,0,0,0,0,0,0,0
"686","743-1",2023-10-26,"Urban","60+y","Female",5,"(2,5]","Unemployed outside home","None",2.5,2.5,2.5,0,0,0,0,0,0,0,0,0,0,0,0,0,0,0
"687","744-1",2023-10-10,"Urban","30-39y","Female",4,"(2,5]","Unemployed outside home","Primary school",2,2,2,0,0,0,0,0,0,0,0,0,0,0,0,0,0,0
"688","745-1",2023-10-10,"Urban","10-19y","Female",5,"(2,5]","Student","Currently enrolled in school",3.5,3.5,3.5,0,0,0,0,0,0,1,0,0,0,0,0,0,0,0
"689","746-1",2023-10-10,"Urban","10-19y","Female",3,"(2,5]","Student","Currently enrolled in school",3.5,3.5,3.5,0,0,0,0,0,0,1,0,0,0,0,0,0,0,0
"690","747-1",2023-10-13,"Urban","20-29y","Male",4,"(2,5]","Semiprofessional / professional","Secondary school",4,12,0.5,0,0,0,0,0,0,0,0,0,0,1,1,1,1,0
"691","748-1",2023-10-13,"Urban","40-59y","Male",9,"(5,50]","Unemployed outside home","Secondary school",0.5,5.5,0.5,0,0,0,0,0,0,0,0,0,0,0,1,0,0,0
"692","749-1",2023-10-25,"Urban","60+y","Female",4,"(2,5]","Unemployed outside home","None",3,3,3,0,0,0,0,0,0,1,0,0,0,0,0,0,0,0
"693","750-1",2023-10-25,"Urban","60+y","Female",5,"(2,5]","Unemployed outside home","None",0.5,3,0.5,0,0,0,0,0,0,0,0,0,0,0,0,0,0,0
"694","751-1",2023-10-26,"Urban","60+y","Female",8,"(5,50]","Unemployed outside home","None",0,3.5,0,0,0,0,0,0,0,0,0,0,0,0,0,0,0,0
"695","752-1",2023-10-28,"Urban","60+y","Female",6,"(5,50]","Unemployed outside home","None",3.5,5,3.5,0,0,0,0,0,0,1,0,0,0,0,0,0,0,0
"696","753-1",2023-10-28,"Urban","60+y","Female",3,"(2,5]","Unemployed outside home","None",3.5,5,3.5,0,0,0,0,0,0,1,0,0,0,0,0,0,0,0
"697","754-1",2023-10-03,"Urban","10-19y","Male",7,"(5,50]","Unemployed outside home","None",0,0,0,0,0,0,0,0,0,0,0,0,0,0,0,0,0,0
"698","755-1",2023-10-05,"Urban","20-29y","Male",2,"[0,2]","Semiprofessional / professional","Secondary school",3,6,1.5,0,0,0,0,0,0,0,0,0,0,0,1,0,0,0
"699","756-1",2023-10-05,"Urban","10-19y","Male",5,"(2,5]","Semiprofessional / professional","Secondary school",6,8.5,6,1,1,0,0,0,1,1,1,0,0,1,1,0,0,0
"700","757-1",2023-10-06,"Urban","10-19y","Male",5,"(2,5]","Student","Currently enrolled in school",5,7,3,1,1,0,0,0,0,1,0,0,0,1,1,0,0,0
"701","758-1",2023-10-06,"Urban","60+y","Male",3,"(2,5]","Unemployed outside home","Secondary school",5,15.5,1,1,1,0,0,0,0,0,0,0,0,1,1,1,1,1
"702","759-1",2023-10-06,"Urban","10-19y","Male",6,"(5,50]","Student","Currently enrolled in school",5,6.5,2.5,1,1,0,0,0,0,0,0,0,0,1,1,0,0,0
"703","760-1",2023-10-07,"Urban","20-29y","Male",2,"[0,2]","Semiprofessional / professional","Secondary school",11,15,5,1,1,1,1,0,1,1,0,0,0,1,1,1,1,1
"704","761-1",2023-10-14,"Urban","40-59y","Female",6,"(5,50]","Unemployed outside home","Secondary school",1,1,1,0,0,0,0,0,0,0,0,0,0,0,0,0,0,0
"705","762-1",2023-10-14,"Urban","20-29y","Female",3,"(2,5]","Unemployed outside home","Secondary school",5,5,5,1,1,0,0,0,1,1,0,0,0,0,0,0,0,0
"706","763-1",2023-10-14,"Urban","30-39y","Female",7,"(5,50]","Unemployed outside home","Secondary school",0.5,0.5,0.5,0,0,0,0,0,0,0,0,0,0,0,0,0,0,0
"707","764-1",2023-10-20,"Urban","5-9y","Male",5,"(2,5]","Unemployed outside home","Primary school",0,3.5,0,0,0,0,0,0,0,0,0,0,0,0,0,0,0,0
"708","765-1",2023-10-20,"Urban","10-19y","Female",8,"(5,50]","Unemployed outside home","None",3.5,3.5,3.5,0,0,0,0,0,0,1,0,0,0,0,0,0,0,0
"709","766-1",2023-10-21,"Urban","10-19y","Male",5,"(2,5]","Semiprofessional / professional","Secondary school",16.5,21.5,11.5,1,1,1,1,1,1,1,1,1,1,1,1,1,1,1
"710","767-1",2023-10-21,"Urban","20-29y","Male",7,"(5,50]","Semiprofessional / professional","Secondary school",12,14,8.5,1,1,1,1,1,1,1,1,1,0,1,1,1,1,0
"711","768-1",2023-10-24,"Urban","60+y","Male",4,"(2,5]","Unemployed outside home","Secondary school",6.5,8.5,6,1,1,0,0,0,1,1,1,0,0,1,1,0,0,0
"712","769-1",2023-10-24,"Urban","60+y","Male",2,"[0,2]","Unemployed outside home","Secondary school",7,8,5.5,1,1,0,0,0,1,1,1,0,0,1,1,0,0,0
"713","770-1",2023-10-25,"Urban","60+y","Male",6,"(5,50]","Unemployed outside home","None",5,5,0,1,1,0,0,0,0,0,0,0,0,0,0,0,0,0
"714","771-1",2023-10-25,"Urban","60+y","Male",6,"(5,50]","Unemployed outside home","None",8,13,4.5,1,1,1,0,0,1,1,0,0,0,1,1,1,1,0
"715","772-1",2023-10-27,"Urban","60+y","Male",7,"(5,50]","Unemployed outside home","Secondary school",6,7,5,1,1,0,0,0,1,1,0,0,0,1,1,0,0,0
"716","773-1",2023-10-27,"Urban","60+y","Female",5,"(2,5]","Unemployed outside home","None",2,4,2,0,0,0,0,0,0,0,0,0,0,0,0,0,0,0
"717","774-1",2023-10-27,"Urban","60+y","Female",5,"(2,5]","Unemployed outside home","None",3,3,2,0,0,0,0,0,0,0,0,0,0,0,0,0,0,0
"718","775-1",2023-10-03,"Urban","1-4y","Male",4,"(2,5]","Unemployed outside home","None",2,3,2,0,0,0,0,0,0,0,0,0,0,0,0,0,0,0
"719","776-1",2023-10-03,"Urban","1-4y","Male",4,"(2,5]","Unemployed outside home","None",2.5,2.5,2.5,0,0,0,0,0,0,0,0,0,0,0,0,0,0,0
"720","777-1",2023-10-04,"Urban","10-19y","Male",5,"(2,5]","Student","Currently enrolled in school",4,6,3,0,0,0,0,0,0,1,0,0,0,0,1,0,0,0
"721","778-1",2023-10-04,"Urban","20-29y","Male",8,"(5,50]","Student","Currently enrolled in school",3.5,10,0,0,0,0,0,0,0,0,0,0,0,1,1,1,0,0
"722","779-1",2023-10-09,"Urban","60+y","Male",4,"(2,5]","Unemployed outside home","Primary school",6.5,6.5,3.5,1,1,0,0,0,0,1,0,0,0,1,1,0,0,0
"723","780-1",2023-10-09,"Urban","10-19y","Male",4,"(2,5]","Student","Secondary school",9,13,4.5,1,1,1,1,0,1,1,0,0,0,1,1,1,1,0
"724","781-1",2023-10-11,"Urban","5-9y","Male",4,"(2,5]","Unemployed outside home","None",2,2,2,0,0,0,0,0,0,0,0,0,0,0,0,0,0,0
"725","782-1",2023-10-11,"Urban","10-19y","Female",6,"(5,50]","Student","Currently enrolled in school",2.5,3,2.5,0,0,0,0,0,0,0,0,0,0,0,0,0,0,0
"726","783-1",2023-10-12,"Urban","40-59y","Male",2,"[0,2]","Semiskilled / skilled labor","Secondary school",11,16.5,6,1,1,1,1,0,1,1,1,0,0,1,1,1,1,1
"727","784-1",2023-10-12,"Urban","40-59y","Male",7,"(5,50]","Semiskilled / skilled labor","Secondary school",2,8,1.5,0,0,0,0,0,0,0,0,0,0,1,1,0,0,0
"728","785-1",2023-10-16,"Urban","5-9y","Female",8,"(5,50]","Unemployed outside home","None",0,0,0,0,0,0,0,0,0,0,0,0,0,0,0,0,0,0
"729","786-1",2023-10-16,"Urban","5-9y","Female",6,"(5,50]","Unemployed outside home","None",3,3.5,2.5,0,0,0,0,0,0,0,0,0,0,0,0,0,0,0
"730","787-1",2023-10-16,"Urban","20-29y","Female",4,"(2,5]","Semiskilled / skilled labor","Secondary school",5,5,5,1,1,0,0,0,1,1,0,0,0,0,0,0,0,0
"731","788-1",2023-10-17,"Urban","10-19y","Female",6,"(5,50]","Unemployed outside home","None",1,2,1,0,0,0,0,0,0,0,0,0,0,0,0,0,0,0
"732","789-1",2023-10-17,"Urban","5-9y","Female",4,"(2,5]","Unemployed outside home","None",2.5,3.5,2.5,0,0,0,0,0,0,0,0,0,0,0,0,0,0,0
"733","790-1",2023-10-17,"Urban","20-29y","Male",5,"(2,5]","Semiprofessional / professional","Secondary school",4,7.5,4,0,0,0,0,0,1,1,0,0,0,1,1,0,0,0
"734","791-1",2023-10-18,"Urban","5-9y","Female",7,"(5,50]","Unemployed outside home","Currently enrolled in school",5,5,4,1,1,0,0,0,1,1,0,0,0,0,0,0,0,0
"735","792-1",2023-10-18,"Urban","5-9y","Male",5,"(2,5]","Unemployed outside home","None",2,5,2,0,0,0,0,0,0,0,0,0,0,0,0,0,0,0
"736","793-1",2023-10-18,"Urban","5-9y","Female",5,"(2,5]","Unemployed outside home","Currently enrolled in school",3.5,5,3,0,0,0,0,0,0,1,0,0,0,0,0,0,0,0
"737","795-1",2023-10-19,"Urban","10-19y","Female",8,"(5,50]","Unemployed outside home","None",2,2,2,0,0,0,0,0,0,0,0,0,0,0,0,0,0,0
"738","796-1",2023-10-19,"Urban","10-19y","Female",7,"(5,50]","Student","Currently enrolled in school",2.5,5.5,1,0,0,0,0,0,0,0,0,0,0,0,1,0,0,0
"739","797-1",2023-10-19,"Urban","10-19y","Female",7,"(5,50]","Student","Currently enrolled in school",2.5,2.5,2.5,0,0,0,0,0,0,0,0,0,0,0,0,0,0,0
"740","798-1",2023-10-26,"Urban","60+y","Male",6,"(5,50]","Unemployed outside home","Secondary school",6.5,8.5,6,1,1,0,0,0,1,1,1,0,0,1,1,0,0,0
"741","799-1",2023-10-28,"Urban","60+y","Male",5,"(2,5]","Unemployed outside home","Secondary school",9.5,12,5,1,1,1,1,0,1,1,0,0,0,1,1,1,1,0
"742","800-1",2023-10-28,"Urban","60+y","Male",8,"(5,50]","Unemployed outside home","Secondary school",5,5,0,1,1,0,0,0,0,0,0,0,0,0,0,0,0,0
"743","801-1",2023-10-04,"Urban","10-19y","Female",6,"(5,50]","Unemployed outside home","None",3,3,3,0,0,0,0,0,0,1,0,0,0,0,0,0,0,0
"744","802-1",2023-10-04,"Urban","20-29y","Female",5,"(2,5]","Unemployed outside home","None",3.5,3.5,3.5,0,0,0,0,0,0,1,0,0,0,0,0,0,0,0
"745","803-1",2023-10-04,"Urban","20-29y","Female",4,"(2,5]","Unemployed outside home","None",2,2.5,2,0,0,0,0,0,0,0,0,0,0,0,0,0,0,0
"746","804-1",2023-10-05,"Urban","10-19y","Female",5,"(2,5]","Unemployed outside home","None",0.5,0.5,0.5,0,0,0,0,0,0,0,0,0,0,0,0,0,0,0
"747","805-1",2023-10-05,"Urban","20-29y","Female",2,"[0,2]","Unemployed outside home","None",5,5.5,5,1,1,0,0,0,1,1,0,0,0,0,1,0,0,0
"748","806-1",2023-10-05,"Urban","5-9y","Female",4,"(2,5]","Unemployed outside home","None",3,3,3,0,0,0,0,0,0,1,0,0,0,0,0,0,0,0
"749","807-1",2023-10-06,"Urban","40-59y","Female",4,"(2,5]","Unemployed outside home","None",0,0,0,0,0,0,0,0,0,0,0,0,0,0,0,0,0,0
"750","808-1",2023-10-09,"Urban","30-39y","Female",3,"(2,5]","Unemployed outside home","None",0,0.5,0,0,0,0,0,0,0,0,0,0,0,0,0,0,0,0
"751","809-1",2023-10-09,"Urban","10-19y","Female",4,"(2,5]","Unemployed outside home","None",1.5,1.5,1.5,0,0,0,0,0,0,0,0,0,0,0,0,0,0,0
"752","810-1",2023-10-13,"Urban","60+y","Male",7,"(5,50]","Unemployed outside home","Secondary school",8,12,6,1,1,1,0,0,1,1,1,0,0,1,1,1,1,0
"753","811-1",2023-10-13,"Urban","60+y","Male",8,"(5,50]","Unemployed outside home","Secondary school",7.5,9,6,1,1,0,0,0,1,1,1,0,0,1,1,0,0,0
"754","812-1",2023-10-13,"Urban","40-59y","Male",7,"(5,50]","Unemployed outside home","Secondary school",10,10,0,1,1,1,1,0,0,0,0,0,0,1,1,1,0,0
"755","813-1",2023-10-14,"Urban","20-29y","Male",5,"(2,5]","Semiprofessional / professional","Secondary school",10,15,4,1,1,1,1,0,1,1,0,0,0,1,1,1,1,1
"756","814-1",2023-10-14,"Urban","10-19y","Male",7,"(5,50]","Student","Currently enrolled in school",7,12,4,1,1,0,0,0,1,1,0,0,0,1,1,1,1,0
"757","815-1",2023-10-20,"Urban","10-19y","Male",3,"(2,5]","Semiprofessional / professional","Secondary school",6.5,9,3,1,1,0,0,0,0,1,0,0,0,1,1,0,0,0
"758","816-1",2023-10-20,"Urban","10-19y","Male",5,"(2,5]","Semiprofessional / professional","Secondary school",4.5,6.5,1,0,1,0,0,0,0,0,0,0,0,1,1,0,0,0
"759","817-1",2023-10-20,"Urban","20-29y","Male",6,"(5,50]","Semiprofessional / professional","Secondary school",8.5,10.5,5,1,1,1,0,0,1,1,0,0,0,1,1,1,0,0
"760","818-1",2023-10-21,"Urban","20-29y","Female",4,"(2,5]","Unemployed outside home","Secondary school",2,3,2,0,0,0,0,0,0,0,0,0,0,0,0,0,0,0
"761","819-1",2023-10-21,"Urban","20-29y","Female",2,"[0,2]","Unemployed outside home","None",3,3,3,0,0,0,0,0,0,1,0,0,0,0,0,0,0,0
"762","820-1",2023-10-21,"Urban","20-29y","Female",6,"(5,50]","Unemployed outside home","Primary school",2,2,2,0,0,0,0,0,0,0,0,0,0,0,0,0,0,0
"763","821-1",2023-10-21,"Urban","10-19y","Female",6,"(5,50]","Unemployed outside home","Secondary school",1.5,1.5,1.5,0,0,0,0,0,0,0,0,0,0,0,0,0,0,0
"764","822-1",2023-10-24,"Urban","60+y","Female",3,"(2,5]","Unemployed outside home","None",0,2,0,0,0,0,0,0,0,0,0,0,0,0,0,0,0,0
"765","823-1",2023-10-24,"Urban","60+y","Female",2,"[0,2]","Unemployed outside home","None",5,5,5,1,1,0,0,0,1,1,0,0,0,0,0,0,0,0
"766","824-1",2023-10-27,"Urban","60+y","Male",7,"(5,50]","Unemployed outside home","Secondary school",1,7,0,0,0,0,0,0,0,0,0,0,0,1,1,0,0,0
"767","825-1",2023-10-31,"Urban","60+y","Male",8,"(5,50]","Unemployed outside home","None",9.5,11,1.5,1,1,1,1,0,0,0,0,0,0,1,1,1,1,0
"768","826-1",2023-11-01,"Urban","20-29y","Female",5,"(2,5]","Unemployed outside home","None",2,3,2,0,0,0,0,0,0,0,0,0,0,0,0,0,0,0
"769","827-1",2023-11-01,"Urban","30-39y","Female",2,"[0,2]","Unemployed outside home","None",4,4.5,4,0,0,0,0,0,1,1,0,0,0,0,0,0,0,0
"770","828-1",2023-11-02,"Urban","20-29y","Female",11,"(5,50]","Unemployed outside home","None",2,2,2,0,0,0,0,0,0,0,0,0,0,0,0,0,0,0
"771","829-1",2023-11-02,"Urban","60+y","Female",3,"(2,5]","Unemployed outside home","None",3.5,3.5,3.5,0,0,0,0,0,0,1,0,0,0,0,0,0,0,0
"772","830-1",2023-11-03,"Urban","5-9y","Female",4,"(2,5]","Unemployed outside home","Currently enrolled in school",3.5,3.5,3,0,0,0,0,0,0,1,0,0,0,0,0,0,0,0
"773","831-1",2023-11-03,"Urban","10-19y","Female",7,"(5,50]","Unemployed outside home","None",1,1,1,0,0,0,0,0,0,0,0,0,0,0,0,0,0,0
"774","832-1",2023-11-06,"Urban","6-11mo","Male",3,"(2,5]","Unemployed outside home","None",4.5,4.5,4.5,0,1,0,0,0,1,1,0,0,0,0,0,0,0,0
"775","833-1",2023-11-06,"Urban","20-29y","Female",4,"(2,5]","Unemployed outside home","None",3.5,3.5,3.5,0,0,0,0,0,0,1,0,0,0,0,0,0,0,0
"776","834-1",2023-11-06,"Urban","6-11mo","Male",5,"(2,5]","Unemployed outside home","None",4.5,4.5,4.5,0,1,0,0,0,1,1,0,0,0,0,0,0,0,0
"777","835-1",2023-11-07,"Urban","6-11mo","Male",4,"(2,5]","Unemployed outside home","None",3.5,3.5,3.5,0,0,0,0,0,0,1,0,0,0,0,0,0,0,0
"778","836-1",2023-11-07,"Urban","5-9y","Female",5,"(2,5]","Unemployed outside home","Currently enrolled in school",0,1.5,0,0,0,0,0,0,0,0,0,0,0,0,0,0,0,0
"779","837-1",2023-11-07,"Urban","6-11mo","Female",7,"(5,50]","Unemployed outside home","None",2.5,3,2,0,0,0,0,0,0,0,0,0,0,0,0,0,0,0
"780","838-1",2023-11-11,"Urban","6-11mo","Male",3,"(2,5]","Unemployed outside home","None",6,6,6,1,1,0,0,0,1,1,1,0,0,0,1,0,0,0
"781","839-1",2023-11-11,"Urban","20-29y","Female",5,"(2,5]","Unemployed outside home","None",4,6.5,4,0,0,0,0,0,1,1,0,0,0,1,1,0,0,0
"782","840-1",2023-11-11,"Urban","6-11mo","Male",4,"(2,5]","Unemployed outside home","None",5,5,5,1,1,0,0,0,1,1,0,0,0,0,0,0,0,0
"783","841-1",2023-10-26,"Urban","60+y","Male",5,"(2,5]","Unemployed outside home","None",3,7,0,0,0,0,0,0,0,0,0,0,0,1,1,0,0,0
"784","842-1",2023-11-15,"Urban","30-39y","Male",8,"(5,50]","Semiprofessional / professional","Secondary school",9,12.5,8,1,1,1,1,0,1,1,1,1,0,1,1,1,1,0
"785","843-1",2023-11-15,"Urban","30-39y","Male",3,"(2,5]","Semiprofessional / professional","Secondary school",8,14,8,1,1,1,0,0,1,1,1,1,0,1,1,1,1,0
"786","844-1",2023-11-16,"Urban","30-39y","Male",4,"(2,5]","Semiprofessional / professional","Secondary school",16,16,3,1,1,1,1,1,0,1,0,0,0,1,1,1,1,1
"787","845-1",2023-11-16,"Urban","10-19y","Male",8,"(5,50]","Student","Currently enrolled in school",10,10,0,1,1,1,1,0,0,0,0,0,0,1,1,1,0,0
"788","846-1",2023-10-31,"Urban","20-29y","Female",3,"(2,5]","Unemployed outside home","Primary school",2.5,2.5,2.5,0,0,0,0,0,0,0,0,0,0,0,0,0,0,0
"789","847-1",2023-10-31,"Urban","60+y","Female",4,"(2,5]","Unemployed outside home","None",4.5,5,4.5,0,1,0,0,0,1,1,0,0,0,0,0,0,0,0
"790","848-1",2023-11-03,"Urban","20-29y","Female",6,"(5,50]","Unemployed outside home","None",1.5,1.5,1.5,0,0,0,0,0,0,0,0,0,0,0,0,0,0,0
"791","849-1",2023-11-03,"Urban","10-19y","Female",8,"(5,50]","Unemployed outside home","None",1.5,1.5,1.5,0,0,0,0,0,0,0,0,0,0,0,0,0,0,0
"792","850-1",2023-11-03,"Urban","60+y","Male",5,"(2,5]","Unemployed outside home","None",11.5,11.5,6.5,1,1,1,1,0,1,1,1,1,0,1,1,1,1,0
"793","851-1",2023-11-08,"Urban",NA,"Female",6,"(5,50]","Unemployed outside home","None",4,4,4,0,0,0,0,0,1,1,0,0,0,0,0,0,0,0
"794","852-1",2023-11-08,"Urban","1-4y","Male",4,"(2,5]","Unemployed outside home","None",3,4,1.5,0,0,0,0,0,0,0,0,0,0,0,0,0,0,0
"795","853-1",2023-11-08,"Urban","6-11mo","Male",3,"(2,5]","Unemployed outside home","None",4,4,4,0,0,0,0,0,1,1,0,0,0,0,0,0,0,0
"796","854-1",2023-11-14,"Urban","10-19y","Female",9,"(5,50]","Student","Currently enrolled in school",0.5,0.5,0.5,0,0,0,0,0,0,0,0,0,0,0,0,0,0,0
"797","855-1",2023-11-14,"Urban","30-39y","Female",6,"(5,50]","Unemployed outside home","None",3.5,3.5,3.5,0,0,0,0,0,0,1,0,0,0,0,0,0,0,0
"798","856-1",2023-11-16,"Urban","60+y","Female",6,"(5,50]","Unemployed outside home","None",3,5,3,0,0,0,0,0,0,1,0,0,0,0,0,0,0,0
"799","857-1",2023-11-16,"Urban","6-11mo","Female",7,"(5,50]","Unemployed outside home","None",2.5,2.5,2.5,0,0,0,0,0,0,0,0,0,0,0,0,0,0,0
"800","858-1",2023-10-30,"Urban","60+y","Female",6,"(5,50]","Unemployed outside home","None",1,1,1,0,0,0,0,0,0,0,0,0,0,0,0,0,0,0
"801","859-1",2023-10-30,"Urban","60+y","Female",5,"(2,5]","Unemployed outside home","None",2,2,2,0,0,0,0,0,0,0,0,0,0,0,0,0,0,0
"802","860-1",2023-11-01,"Urban","60+y","Male",4,"(2,5]","Unemployed outside home","None",6.5,14,2.5,1,1,0,0,0,0,0,0,0,0,1,1,1,1,0
"803","861-1",2023-11-08,"Urban","30-39y","Male",6,"(5,50]","Semiprofessional / professional","None",9,13,5.5,1,1,1,1,0,1,1,1,0,0,1,1,1,1,0
"804","862-1",2023-11-10,"Urban","1-4y","Female",6,"(5,50]","Unemployed outside home","None",3.5,3.5,3.5,0,0,0,0,0,0,1,0,0,0,0,0,0,0,0
"805","863-1",2023-11-10,"Urban","1-4y","Male",6,"(5,50]","Unemployed outside home","None",3,4,0,0,0,0,0,0,0,0,0,0,0,0,0,0,0,0
"806","864-1",2023-11-10,"Urban","<6mo","Female",8,"(5,50]","Unemployed outside home","None",3.5,3.5,3.5,0,0,0,0,0,0,1,0,0,0,0,0,0,0,0
"807","865-1",2023-11-10,"Urban","20-29y","Female",3,"(2,5]","Unemployed outside home","Primary school",3,3,3,0,0,0,0,0,0,1,0,0,0,0,0,0,0,0
"808","866-1",2023-11-13,"Urban","30-39y","Male",6,"(5,50]","Semiskilled / skilled labor","Primary school",10,11,0,1,1,1,1,0,0,0,0,0,0,1,1,1,1,0
"809","867-1",2023-11-30,"Rural","5-9y","Male",8,"(5,50]","Unemployed outside home","Currently enrolled in school",9,9,8,1,1,1,1,0,1,1,1,1,0,1,1,0,0,0
"810","868-1",2023-12-01,"Rural","30-39y","Female",7,"(5,50]","Semiskilled / skilled labor","None",6,13,3.5,1,1,0,0,0,0,1,0,0,0,1,1,1,1,0
"811","869-1",2023-12-01,"Rural","10-19y","Female",5,"(2,5]","Unemployed outside home","None",9,9,9,1,1,1,1,0,1,1,1,1,0,1,1,0,0,0
"812","870-1",2023-12-05,"Rural","10-19y","Female",10,"(5,50]","Unemployed outside home","None",7,8,7,1,1,0,0,0,1,1,1,1,0,1,1,0,0,0
"813","871-1",2023-12-05,"Rural","1-4y","Male",10,"(5,50]","Unemployed outside home","Currently enrolled in school",1.5,9,0,0,0,0,0,0,0,0,0,0,0,1,1,0,0,0
"814","872-1",2023-10-27,"Rural","5-9y","Male",6,"(5,50]","Unemployed outside home","Currently enrolled in school",10,10,10,1,1,1,1,0,1,1,1,1,1,1,1,1,0,0
"815","873-1",2023-10-27,"Rural","40-59y","Female",9,"(5,50]","Unemployed outside home","None",5,4.5,3.5,1,1,0,0,0,0,1,0,0,0,0,0,0,0,0
"816","874-1",2023-10-27,"Rural","5-9y","Female",4,"(2,5]","Unemployed outside home","Currently enrolled in school",14.5,17,14.5,1,1,1,1,1,1,1,1,1,1,1,1,1,1,1
"817","875-1",2023-10-27,"Rural","10-19y","Female",5,"(2,5]","Student","Currently enrolled in school",16.5,16.5,16.5,1,1,1,1,1,1,1,1,1,1,1,1,1,1,1
"818","876-1",2023-10-31,"Rural","5-9y","Male",9,"(5,50]","Unemployed outside home","Currently enrolled in school",2,2,2,0,0,0,0,0,0,0,0,0,0,0,0,0,0,0
"819","877-1",2023-10-31,"Rural","20-29y","Female",9,"(5,50]","Unemployed outside home","None",1,1,1,0,0,0,0,0,0,0,0,0,0,0,0,0,0,0
"820","878-1",2023-10-31,"Rural","5-9y","Female",9,"(5,50]","Unemployed outside home","Currently enrolled in school",10.5,10.5,9.5,1,1,1,1,0,1,1,1,1,0,1,1,1,0,0
"821","879-1",2023-10-31,"Rural","20-29y","Female",6,"(5,50]","Unemployed outside home","None",8,9,8,1,1,1,0,0,1,1,1,1,0,1,1,0,0,0
"822","881-1",2023-11-01,"Rural","1-4y","Female",7,"(5,50]","Unemployed outside home","None",2.5,2.5,2.5,0,0,0,0,0,0,0,0,0,0,0,0,0,0,0
"823","882-1",2023-11-01,"Rural","10-19y","Female",6,"(5,50]","Unemployed outside home","None",5,5,5,1,1,0,0,0,1,1,0,0,0,0,0,0,0,0
"824","883-1",2023-11-01,"Rural","5-9y","Male",5,"(2,5]","Unemployed outside home","None",12,12,12,1,1,1,1,1,1,1,1,1,1,1,1,1,1,0
"825","884-1",2023-11-02,"Rural","60+y","Female",14,"(5,50]","Unemployed outside home","None",1,1,1,0,0,0,0,0,0,0,0,0,0,0,0,0,0,0
"826","885-1",2023-11-08,"Rural","5-9y","Female",4,"(2,5]","Unemployed outside home","Currently enrolled in school",11.5,11,7.5,1,1,1,1,0,1,1,1,1,0,1,1,1,1,0
"827","886-1",2023-11-08,"Rural","5-9y","Female",10,"(5,50]","Unemployed outside home","Primary school",10.5,11,10,1,1,1,1,0,1,1,1,1,1,1,1,1,1,0
"828","887-1",2023-11-08,"Rural","30-39y","Male",16,"(5,50]","Semiskilled / skilled labor","Secondary school",3,3,0.5,0,0,0,0,0,0,0,0,0,0,0,0,0,0,0
"829","888-1",2023-11-13,"Rural","5-9y","Female",16,"(5,50]","Unemployed outside home","Currently enrolled in school",5.5,7,4,1,1,0,0,0,1,1,0,0,0,1,1,0,0,0
"830","890-1",2023-11-14,"Rural","10-19y","Female",12,"(5,50]","Unemployed outside home","Currently enrolled in school",10.5,10,10,1,1,1,1,0,1,1,1,1,1,1,1,1,0,0
"831","891-1",2023-11-14,"Rural","5-9y","Female",6,"(5,50]","Unemployed outside home","Primary school",14,13.5,12,1,1,1,1,1,1,1,1,1,1,1,1,1,1,0
"832","892-1",2023-11-14,"Rural","10-19y","Female",6,"(5,50]","Unemployed outside home","Primary school",11,11,11,1,1,1,1,0,1,1,1,1,1,1,1,1,1,0
"833","893-1",2023-11-14,"Rural","20-29y","Male",5,"(2,5]","Semiskilled / skilled labor","None",3,3,0,0,0,0,0,0,0,0,0,0,0,0,0,0,0,0
"834","894-1",2023-11-14,"Rural","10-19y","Male",10,"(5,50]","Unemployed outside home","None",2,1,0,0,0,0,0,0,0,0,0,0,0,0,0,0,0,0
"835","895-1",2023-11-15,"Rural","5-9y","Female",4,"(2,5]","Unemployed outside home","None",6,13,5,1,1,0,0,0,1,1,0,0,0,1,1,1,1,0
"836","896-1",2023-11-15,"Rural","10-19y","Female",7,"(5,50]","Student","Currently enrolled in school",7,10.5,6.5,1,1,0,0,0,1,1,1,1,0,1,1,1,0,0
"837","897-1",2023-11-15,"Rural","30-39y","Male",10,"(5,50]","Semiskilled / skilled labor","None",4,5,0,0,0,0,0,0,0,0,0,0,0,0,0,0,0,0
"838","898-1",2023-11-15,"Rural","10-19y","Male",9,"(5,50]","Student","Currently enrolled in school",2.5,3.5,0,0,0,0,0,0,0,0,0,0,0,0,0,0,0,0
"839","899-1",2023-11-16,"Rural","30-39y","Female",8,"(5,50]","Unemployed outside home","None",4,4,4,0,0,0,0,0,1,1,0,0,0,0,0,0,0,0
"840","900-1",2023-11-16,"Rural","40-59y","Female",8,"(5,50]","Unemployed outside home","None",9,9,9,1,1,1,1,0,1,1,1,1,0,1,1,0,0,0
"841","901-1",2023-11-24,"Rural","10-19y","Female",5,"(2,5]","Student","Currently enrolled in school",6,10.5,4,1,1,0,0,0,1,1,0,0,0,1,1,1,0,0
"842","902-1",2023-11-24,"Rural","10-19y","Female",7,"(5,50]","Student","Currently enrolled in school",2.5,8,2,0,0,0,0,0,0,0,0,0,0,1,1,0,0,0
"843","903-1",2023-11-24,"Rural","30-39y","Male",8,"(5,50]","Semiskilled / skilled labor","None",0.5,7,0,0,0,0,0,0,0,0,0,0,0,1,1,0,0,0
"844","904-1",2023-11-24,"Rural","10-19y","Male",7,"(5,50]","Student","Currently enrolled in school",6.5,6.5,0,1,1,0,0,0,0,0,0,0,0,1,1,0,0,0
"845","905-1",2023-11-25,"Rural","20-29y","Male",6,"(5,50]","Semiskilled / skilled labor","Primary school",5,6,0,1,1,0,0,0,0,0,0,0,0,0,1,0,0,0
"846","907-1",2023-11-27,"Rural","10-19y","Female",5,"(2,5]","Unemployed outside home","Secondary school",9,9,9,1,1,1,1,0,1,1,1,1,0,1,1,0,0,0
"847","908-1",2023-11-27,"Rural","40-59y","Female",6,"(5,50]","Unemployed outside home","None",6,4.5,4,1,1,0,0,0,1,1,0,0,0,0,0,0,0,0
"848","909-1",2023-12-01,"Rural","40-59y","Female",5,"(2,5]","Unemployed outside home","None",11.5,11.5,11.5,1,1,1,1,0,1,1,1,1,1,1,1,1,1,0
"849","910-1",2023-12-01,"Rural","10-19y","Female",5,"(2,5]","Unemployed outside home","None",5,5.5,5,1,1,0,0,0,1,1,0,0,0,0,1,0,0,0
"850","911-1",2023-11-30,"Rural","60+y","Male",6,"(5,50]","Semiskilled / skilled labor","None",0,3.5,0,0,0,0,0,0,0,0,0,0,0,0,0,0,0,0
"851","912-1",2023-10-25,"Rural","20-29y","Female",8,"(5,50]","Unemployed outside home","None",2,2,2,0,0,0,0,0,0,0,0,0,0,0,0,0,0,0
"852","913-1",2023-10-25,"Rural","40-59y","Female",4,"(2,5]","Unemployed outside home","None",8,8,8,1,1,1,0,0,1,1,1,1,0,1,1,0,0,0
"853","914-1",2023-10-25,"Rural","10-19y","Female",7,"(5,50]","Unemployed outside home","Currently enrolled in school",9.5,11.5,9,1,1,1,1,0,1,1,1,1,0,1,1,1,1,0
"854","915-1",2023-10-26,"Rural","1-4y","Male",5,"(2,5]","Unemployed outside home","None",15.5,15.5,15.5,1,1,1,1,1,1,1,1,1,1,1,1,1,1,1
"855","916-1",2023-10-26,"Rural","1-4y","Female",14,"(5,50]","Unemployed outside home","None",13.5,13.5,13.5,1,1,1,1,1,1,1,1,1,1,1,1,1,1,0
"856","917-1",2023-10-26,"Rural","5-9y","Female",7,"(5,50]","Unemployed outside home","Currently enrolled in school",12,10,8,1,1,1,1,1,1,1,1,1,0,1,1,1,0,0
"857","918-1",2023-10-26,"Rural","1-4y","Female",6,"(5,50]","Unemployed outside home","None",28.5,29,25,1,1,1,1,1,1,1,1,1,1,1,1,1,1,1
"858","919-1",2023-10-26,"Rural","30-39y","Female",4,"(2,5]","Unemployed outside home","Currently enrolled in school",12.5,12.5,12.5,1,1,1,1,1,1,1,1,1,1,1,1,1,1,0
"859","920-1",2023-10-26,"Rural","30-39y","Female",6,"(5,50]","Unemployed outside home","Currently enrolled in school",3,2,2,0,0,0,0,0,0,0,0,0,0,0,0,0,0,0
"860","921-1",2023-11-07,"Rural","1-4y","Female",4,"(2,5]","Unemployed outside home","None",4.5,4.5,4.5,0,1,0,0,0,1,1,0,0,0,0,0,0,0,0
"861","922-1",2023-11-07,"Rural","<6mo","Male",7,"(5,50]","Unemployed outside home","None",2,2,2,0,0,0,0,0,0,0,0,0,0,0,0,0,0,0
"862","923-1",2023-11-07,"Rural","60+y","Male",18,"(5,50]","Unemployed outside home","None",0.5,1,0,0,0,0,0,0,0,0,0,0,0,0,0,0,0,0
"863","924-1",2023-11-07,"Rural","40-59y","Male",3,"(2,5]","Unemployed outside home","None",1,2,1,0,0,0,0,0,0,0,0,0,0,0,0,0,0,0
"864","925-1",2023-11-08,"Rural","40-59y","Male",9,"(5,50]","Semiprofessional / professional","Secondary school",1.5,5,0.5,0,0,0,0,0,0,0,0,0,0,0,0,0,0,0
"865","926-1",2023-11-11,"Rural","20-29y","Female",12,"(5,50]","Unemployed outside home","Primary school",3,7.5,2.5,0,0,0,0,0,0,0,0,0,0,1,1,0,0,0
"866","927-1",2023-11-11,"Rural","30-39y","Female",11,"(5,50]","Unemployed outside home","Primary school",13.5,14,13.5,1,1,1,1,1,1,1,1,1,1,1,1,1,1,0
"867","928-1",2023-11-13,"Rural","20-29y","Male",4,"(2,5]","Semiskilled / skilled labor","None",4,5,0,0,0,0,0,0,0,0,0,0,0,0,0,0,0,0
"868","929-1",2023-11-13,"Rural","30-39y","Male",10,"(5,50]","Semiskilled / skilled labor","None",3,3.5,0,0,0,0,0,0,0,0,0,0,0,0,0,0,0,0
"869","930-1",2023-11-16,"Rural","10-19y","Male",6,"(5,50]","Unemployed outside home","None",5.5,9,5,1,1,0,0,0,1,1,0,0,0,1,1,0,0,0
"870","931-1",2023-11-16,"Rural","40-59y","Female",5,"(2,5]","Unemployed outside home","None",6,6,5.5,1,1,0,0,0,1,1,1,0,0,0,1,0,0,0
"871","932-1",2023-11-16,"Rural","20-29y","Male",10,"(5,50]","Semiskilled / skilled labor","None",4,5,0,0,0,0,0,0,0,0,0,0,0,0,0,0,0,0
"872","933-1",2023-11-16,"Rural","30-39y","Male",4,"(2,5]","Semiskilled / skilled labor","None",6,7,0,1,1,0,0,0,0,0,0,0,0,1,1,0,0,0
"873","934-1",2023-11-17,"Rural","20-29y","Female",10,"(5,50]","Unemployed outside home","Secondary school",2.5,2.5,2.5,0,0,0,0,0,0,0,0,0,0,0,0,0,0,0
"874","935-1",2023-11-17,"Rural","40-59y","Female",3,"(2,5]","Unemployed outside home","Primary school",11,11,11,1,1,1,1,0,1,1,1,1,1,1,1,1,1,0
"875","936-1",2023-11-20,"Rural","40-59y","Male",7,"(5,50]","Student","Currently enrolled in school",9,9,0.5,1,1,1,1,0,0,0,0,0,0,1,1,0,0,0
"876","937-1",2023-11-18,"Rural","10-19y","Male",7,"(5,50]","Unemployed outside home","Primary school",4.5,5,0,0,1,0,0,0,0,0,0,0,0,0,0,0,0,0
"877","938-1",2023-11-18,"Rural","6-11mo","Male",7,"(5,50]","Unemployed outside home","None",7,7,7,1,1,0,0,0,1,1,1,1,0,1,1,0,0,0
"878","939-1",2023-11-18,"Rural","1-4y","Male",5,"(2,5]","Unemployed outside home","None",11,11,11,1,1,1,1,0,1,1,1,1,1,1,1,1,1,0
"879","940-1",2023-11-18,"Rural","20-29y","Male",8,"(5,50]","Semiskilled / skilled labor","Secondary school",0,5.5,0,0,0,0,0,0,0,0,0,0,0,0,1,0,0,0
"880","941-1",2023-11-20,"Rural","10-19y","Female",4,"(2,5]","Unemployed outside home","Primary school",9,12,8,1,1,1,1,0,1,1,1,1,0,1,1,1,1,0
"881","942-1",2023-11-20,"Rural","10-19y","Female",10,"(5,50]","Unemployed outside home","None",2.5,2.5,2.5,0,0,0,0,0,0,0,0,0,0,0,0,0,0,0
"882","943-1",2023-11-20,"Rural","30-39y","Male",6,"(5,50]","Semiskilled / skilled labor","None",2,4,0,0,0,0,0,0,0,0,0,0,0,0,0,0,0,0
"883","944-1",2023-11-27,"Rural","60+y","Male",11,"(5,50]","Semiskilled / skilled labor","None",0,3,0,0,0,0,0,0,0,0,0,0,0,0,0,0,0,0
"884","945-1",2023-11-27,"Rural","30-39y","Male",8,"(5,50]","Semiskilled / skilled labor","Secondary school",1,3.5,0,0,0,0,0,0,0,0,0,0,0,0,0,0,0,0
"885","946-1",2023-11-28,"Rural","10-19y","Female",8,"(5,50]","Student","Currently enrolled in school",12.5,13.5,12.5,1,1,1,1,1,1,1,1,1,1,1,1,1,1,0
"886","947-1",2023-11-28,"Rural","30-39y","Female",6,"(5,50]","Unemployed outside home","None",2.5,2.5,2.5,0,0,0,0,0,0,0,0,0,0,0,0,0,0,0
"887","948-1",2023-12-05,"Rural","60+y","Female",2,"[0,2]","Unemployed outside home","None",12,12,12,1,1,1,1,1,1,1,1,1,1,1,1,1,1,0
"888","949-1",2023-10-25,"Rural","40-59y","Male",9,"(5,50]","Semiskilled / skilled labor","None",0,2,0,0,0,0,0,0,0,0,0,0,0,0,0,0,0,0
"889","950-1",2023-10-25,"Rural","20-29y","Male",5,"(2,5]","Semiskilled / skilled labor","None",1,4,0,0,0,0,0,0,0,0,0,0,0,0,0,0,0,0
"890","951-1",2023-10-26,"Rural","40-59y","Male",2,"[0,2]","Semiskilled / skilled labor","None",3,5.5,0.5,0,0,0,0,0,0,0,0,0,0,0,1,0,0,0
"891","952-1",2023-10-26,"Rural","20-29y","Male",6,"(5,50]","Semiskilled / skilled labor","Primary school",3,4.5,0,0,0,0,0,0,0,0,0,0,0,0,0,0,0,0
"892","953-1",2023-10-26,"Rural","40-59y","Male",5,"(2,5]","Semiskilled / skilled labor","None",3,6,0,0,0,0,0,0,0,0,0,0,0,0,1,0,0,0
"893","954-1",2023-10-26,"Rural","40-59y","Male",10,"(5,50]","Semiskilled / skilled labor","None",3.5,4.5,0.5,0,0,0,0,0,0,0,0,0,0,0,0,0,0,0
"894","955-1",2023-11-01,"Rural","20-29y","Male",10,"(5,50]","Semiskilled / skilled labor","None",2,2,0,0,0,0,0,0,0,0,0,0,0,0,0,0,0,0
"895","956-1",2023-11-01,"Rural","20-29y","Male",5,"(2,5]","Semiskilled / skilled labor","None",3,5.5,0,0,0,0,0,0,0,0,0,0,0,0,1,0,0,0
"896","957-1",2023-10-31,"Rural","60+y","Male",18,"(5,50]","Semiskilled / skilled labor","None",0,0,0,0,0,0,0,0,0,0,0,0,0,0,0,0,0,0
"897","958-1",2023-10-31,"Rural","60+y","Male",7,"(5,50]","Semiskilled / skilled labor","None",2.5,3,0,0,0,0,0,0,0,0,0,0,0,0,0,0,0,0
"898","959-1",2023-10-31,"Rural","10-19y","Male",7,"(5,50]","Semiskilled / skilled labor","None",4.5,5,0,0,1,0,0,0,0,0,0,0,0,0,0,0,0,0
"899","960-1",2023-11-03,"Rural","30-39y","Female",7,"(5,50]","Unemployed outside home","Primary school",19.5,19.5,19.5,1,1,1,1,1,1,1,1,1,1,1,1,1,1,1
"900","961-1",2023-11-03,"Rural","5-9y","Male",7,"(5,50]","Unemployed outside home","Currently enrolled in school",21,22,21,1,1,1,1,1,1,1,1,1,1,1,1,1,1,1
"901","962-1",2023-11-02,"Rural","40-59y","Male",5,"(2,5]","Semiprofessional / professional","Primary school",4,5,2,0,0,0,0,0,0,0,0,0,0,0,0,0,0,0
"902","963-1",2023-11-10,"Rural","20-29y","Male",10,"(5,50]","Semiskilled / skilled labor","Primary school",3,4,0,0,0,0,0,0,0,0,0,0,0,0,0,0,0,0
"903","964-1",2023-11-04,"Rural","1-4y","Male",11,"(5,50]","Unemployed outside home","None",10,16,10,1,1,1,1,0,1,1,1,1,1,1,1,1,1,1
"904","965-1",2023-11-04,"Rural","30-39y","Female",2,"[0,2]","Unemployed outside home","Secondary school",6,6,3.5,1,1,0,0,0,0,1,0,0,0,0,1,0,0,0
"905","966-1",2023-11-04,"Rural","20-29y","Female",3,"(2,5]","Unemployed outside home","None",7.5,9,7,1,1,0,0,0,1,1,1,1,0,1,1,0,0,0
"906","968-1",2023-11-03,"Rural","60+y","Male",9,"(5,50]","Semiskilled / skilled labor","None",3,4.5,0,0,0,0,0,0,0,0,0,0,0,0,0,0,0,0
"907","969-1",2023-11-03,"Rural","40-59y","Male",10,"(5,50]","Semiprofessional / professional","Secondary school",3,4,0,0,0,0,0,0,0,0,0,0,0,0,0,0,0,0
"908","970-1",2023-11-04,"Rural","30-39y","Male",8,"(5,50]","Semiskilled / skilled labor","None",3,3,0,0,0,0,0,0,0,0,0,0,0,0,0,0,0,0
"909","971-1",2023-11-06,"Rural","30-39y","Female",12,"(5,50]","Unemployed outside home","Primary school",4.5,9,2.5,0,1,0,0,0,0,0,0,0,0,1,1,0,0,0
"910","972-1",2023-11-06,"Rural","30-39y","Female",11,"(5,50]","Unemployed outside home","Primary school",13.5,13.5,13.5,1,1,1,1,1,1,1,1,1,1,1,1,1,1,0
"911","973-1",2023-11-06,"Rural","40-59y","Male",4,"(2,5]","Semiskilled / skilled labor","None",0,4,0,0,0,0,0,0,0,0,0,0,0,0,0,0,0,0
"912","974-1",2023-11-06,"Rural","40-59y","Male",7,"(5,50]","Semiskilled / skilled labor","Primary school",3,4,0.5,0,0,0,0,0,0,0,0,0,0,0,0,0,0,0
"913","975-1",2023-11-21,"Rural","30-39y","Female",6,"(5,50]","Unemployed outside home","None",6.5,7,5,1,1,0,0,0,1,1,0,0,0,1,1,0,0,0
"914","976-1",2023-11-21,"Rural","40-59y","Female",9,"(5,50]","Unemployed outside home","None",5.5,5,5,1,1,0,0,0,1,1,0,0,0,0,0,0,0,0
"915","977-1",2023-11-21,"Rural","5-9y","Female",7,"(5,50]","Unemployed outside home","Currently enrolled in school",6.5,8.5,3,1,1,0,0,0,0,1,0,0,0,1,1,0,0,0
"916","978-1",2023-11-21,"Rural","60+y","Male",2,"[0,2]","Semiskilled / skilled labor","None",4,5,0.5,0,0,0,0,0,0,0,0,0,0,0,0,0,0,0
"917","979-1",2023-11-21,"Rural","10-19y","Male",12,"(5,50]","Semiskilled / skilled labor","None",3.5,4.5,0,0,0,0,0,0,0,0,0,0,0,0,0,0,0,0
"918","980-1",2023-11-22,"Rural","40-59y","Female",8,"(5,50]","Unemployed outside home","None",5.5,5.5,5.5,1,1,0,0,0,1,1,1,0,0,0,1,0,0,0
"919","981-1",2023-11-22,"Rural","20-29y","Female",6,"(5,50]","Unemployed outside home","None",6.5,7,6.5,1,1,0,0,0,1,1,1,1,0,1,1,0,0,0
"920","982-1",2023-11-22,"Rural","10-19y","Male",6,"(5,50]","Semiskilled / skilled labor","Secondary school",5.5,8.5,0,1,1,0,0,0,0,0,0,0,0,1,1,0,0,0
"921","983-1",2023-11-22,"Rural","60+y","Male",11,"(5,50]","Unemployed outside home","Primary school",4,5,0,0,0,0,0,0,0,0,0,0,0,0,0,0,0,0
"922","984-1",2023-11-23,"Rural","20-29y","Female",5,"(2,5]","Unemployed outside home","Currently enrolled in school",14.5,14.5,14.5,1,1,1,1,1,1,1,1,1,1,1,1,1,1,1
"923","985-1",2023-11-23,"Rural","20-29y","Female",11,"(5,50]","Semiskilled / skilled labor","Currently enrolled in school",3.5,9.5,0,0,0,0,0,0,0,0,0,0,0,1,1,1,0,0
"924","986-1",2023-11-23,"Rural","60+y","Female",10,"(5,50]","Semiskilled / skilled labor","None",8,9,8,1,1,1,0,0,1,1,1,1,0,1,1,0,0,0
"925","987-1",2023-11-23,"Rural","30-39y","Male",7,"(5,50]","Semiskilled / skilled labor","None",2,5,0,0,0,0,0,0,0,0,0,0,0,0,0,0,0,0
"926","988-1",2023-11-29,"Rural","10-19y","Female",6,"(5,50]","Unemployed outside home","Secondary school",3,5,0,0,0,0,0,0,0,0,0,0,0,0,0,0,0,0
"927","989-1",2023-11-29,"Rural","40-59y","Female",9,"(5,50]","Unemployed outside home","None",0,0,0,0,0,0,0,0,0,0,0,0,0,0,0,0,0,0
"928","990-1",2023-11-29,"Rural","5-9y","Male",4,"(2,5]","Unemployed outside home","Currently enrolled in school",9.5,13.5,7.5,1,1,1,1,0,1,1,1,1,0,1,1,1,1,0
"929","995-1",2023-11-11,"Urban","60+y","Male",2,"[0,2]","Unemployed outside home","None",9,10,0,1,1,1,1,0,0,0,0,0,0,1,1,1,0,0
"930","996-1",2023-11-13,"Urban","10-19y","Female",7,"(5,50]","Student","Currently enrolled in school",1.5,4,1.5,0,0,0,0,0,0,0,0,0,0,0,0,0,0,0
"931","997-1",2023-11-13,"Urban","10-19y","Female",5,"(2,5]","Unemployed outside home","Secondary school",2.5,2.5,2.5,0,0,0,0,0,0,0,0,0,0,0,0,0,0,0
"932","998-1",2023-11-14,"Urban","60+y","Male",7,"(5,50]","Unemployed outside home","Primary school",6,7,0,1,1,0,0,0,0,0,0,0,0,1,1,0,0,0
"933","999-1",2023-11-14,"Urban","60+y","Male",5,"(2,5]","Unemployed outside home","Secondary school",8,9,0,1,1,1,0,0,0,0,0,0,0,1,1,0,0,0
"934","1000-1",2023-11-15,"Urban","30-39y","Female",7,"(5,50]","Unemployed outside home","None",4.5,4.5,4.5,0,1,0,0,0,1,1,0,0,0,0,0,0,0,0
"935","1001-1",2023-11-15,"Urban","6-11mo","Male",7,"(5,50]","Unemployed outside home","None",0.5,0.5,0.5,0,0,0,0,0,0,0,0,0,0,0,0,0,0,0
"936","1005-1",2023-11-18,"Urban","30-39y","Male",5,"(2,5]","Semiprofessional / professional","Secondary school",4,12,0,0,0,0,0,0,0,0,0,0,0,1,1,1,1,0
"937","1020-1",2023-11-06,"Urban","60+y","Male",4,"(2,5]","Unemployed outside home","None",6,15,1,1,1,0,0,0,0,0,0,0,0,1,1,1,1,1
"938","1021-1",2023-11-07,"Urban","10-19y","Male",2,"[0,2]","Unemployed outside home","None",9,9,5.5,1,1,1,1,0,1,1,1,0,0,1,1,0,0,0
"939","1022-1",2023-11-07,"Urban","10-19y","Male",4,"(2,5]","Semiprofessional / professional","Secondary school",8,9,0,1,1,1,0,0,0,0,0,0,0,1,1,0,0,0
"940","1023-1",2023-11-11,"Urban","60+y","Male",2,"[0,2]","Unemployed outside home","None",9,10,0,1,1,1,1,0,0,0,0,0,0,1,1,1,0,0
"941","1024-1",2023-11-13,"Urban","10-19y","Female",7,"(5,50]","Student","Currently enrolled in school",1.5,4,1.5,0,0,0,0,0,0,0,0,0,0,0,0,0,0,0
"942","1025-1",2023-11-13,"Urban","10-19y","Female",5,"(2,5]","Unemployed outside home","Secondary school",2.5,2.5,2.5,0,0,0,0,0,0,0,0,0,0,0,0,0,0,0
"943","1026-1",2023-11-14,"Urban","60+y","Male",7,"(5,50]","Unemployed outside home","Primary school",6,7,0,1,1,0,0,0,0,0,0,0,0,1,1,0,0,0
"944","1027-1",2023-11-14,"Urban","60+y","Male",5,"(2,5]","Unemployed outside home","Secondary school",8,9,0,1,1,1,0,0,0,0,0,0,0,1,1,0,0,0
"945","1028-1",2023-11-15,"Urban","30-39y","Female",7,"(5,50]","Unemployed outside home","None",4.5,4.5,4.5,0,1,0,0,0,1,1,0,0,0,0,0,0,0,0
"946","1029-1",2023-11-15,"Urban","6-11mo","Male",7,"(5,50]","Unemployed outside home","None",0.5,0.5,0.5,0,0,0,0,0,0,0,0,0,0,0,0,0,0,0
"947","1030-1",2023-11-17,"Urban","60+y","Male",4,"(2,5]","Semiskilled / skilled labor","Secondary school",12,18,8,1,1,1,1,1,1,1,1,1,0,1,1,1,1,1
"948","1031-1",2023-11-17,"Urban","60+y","Male",6,"(5,50]","Unemployed outside home","Secondary school",4,5,0,0,0,0,0,0,0,0,0,0,0,0,0,0,0,0
"949","1032-1",2023-11-15,"Urban","30-39y","Male",7,"(5,50]","Semiprofessional / professional","Secondary school",3.5,10,2.5,0,0,0,0,0,0,0,0,0,0,1,1,1,0,0
"950","1033-1",2023-11-18,"Urban","30-39y","Male",5,"(2,5]","Semiprofessional / professional","Secondary school",8,16,5,1,1,1,0,0,1,1,0,0,0,1,1,1,1,1
"951","1034-1",2023-11-18,"Urban","10-19y","Male",5,"(2,5]","Student","Currently enrolled in school",6,7,3,1,1,0,0,0,0,1,0,0,0,1,1,0,0,0
"952","1035-1",2023-11-20,"Urban","60+y","Male",3,"(2,5]","Unemployed outside home","None",8,8,0,1,1,1,0,0,0,0,0,0,0,1,1,0,0,0
"953","1036-1",2023-11-20,"Urban","60+y","Male",5,"(2,5]","Unemployed outside home","Primary school",6,7,0.5,1,1,0,0,0,0,0,0,0,0,1,1,0,0,0
"954","1037-1",2023-11-22,"Urban","60+y","Male",7,"(5,50]","Unemployed outside home","Primary school",11,12,8,1,1,1,1,0,1,1,1,1,0,1,1,1,1,0
"955","1038-1",2023-11-22,"Urban","60+y","Male",9,"(5,50]","Unemployed outside home","Primary school",9,9,5,1,1,1,1,0,1,1,0,0,0,1,1,0,0,0
"956","1039-1",2023-11-23,"Urban","60+y","Male",9,"(5,50]","Unemployed outside home","Primary school",5,5,0.5,1,1,0,0,0,0,0,0,0,0,0,0,0,0,0
"957","1040-1",2023-11-23,"Urban","20-29y","Male",5,"(2,5]","Semiprofessional / professional","Secondary school",7,14,0,1,1,0,0,0,0,0,0,0,0,1,1,1,1,0
"958","1041-1",2023-11-25,"Urban","20-29y","Male",10,"(5,50]","Semiskilled / skilled labor","Secondary school",6,8,4,1,1,0,0,0,1,1,0,0,0,1,1,0,0,0
"959","1042-1",2023-12-01,"Urban","30-39y","Male",8,"(5,50]","Semiprofessional / professional","Secondary school",9,14,7,1,1,1,1,0,1,1,1,1,0,1,1,1,1,0
"960","1043-1",2023-12-01,"Urban","30-39y","Male",6,"(5,50]","Semiprofessional / professional","Secondary school",8,9,7,1,1,1,0,0,1,1,1,1,0,1,1,0,0,0
"961","1044-1",2023-12-02,"Urban","10-19y","Female",5,"(2,5]","Unemployed outside home","None",2,2,2,0,0,0,0,0,0,0,0,0,0,0,0,0,0,0
"962","1045-1",2023-12-02,"Urban","5-9y","Male",5,"(2,5]","Unemployed outside home","None",2.5,4,0,0,0,0,0,0,0,0,0,0,0,0,0,0,0,0
"963","1046-1",2023-12-02,"Urban","5-9y","Male",5,"(2,5]","Unemployed outside home","None",3,4.5,0,0,0,0,0,0,0,0,0,0,0,0,0,0,0,0
"964","1047-1",2023-12-04,"Urban","20-29y","Male",5,"(2,5]","Semiskilled / skilled labor","Secondary school",7,10,3,1,1,0,0,0,0,1,0,0,0,1,1,1,0,0
"965","1048-1",2023-11-21,"Urban","<6mo","Female",4,"(2,5]","Unemployed outside home","None",4.5,4.5,4,0,1,0,0,0,1,1,0,0,0,0,0,0,0,0
"966","1049-1",2023-11-21,"Urban","1-4y","Male",5,"(2,5]","Unemployed outside home","None",3.5,3.5,0,0,0,0,0,0,0,0,0,0,0,0,0,0,0,0
"967","1050-1",2023-11-24,"Urban","6-11mo","Female",4,"(2,5]","Unemployed outside home","None",3,3,3,0,0,0,0,0,0,1,0,0,0,0,0,0,0,0
"968","1051-1",2023-11-24,"Urban","6-11mo","Male",10,"(5,50]","Unemployed outside home","None",3,3,3,0,0,0,0,0,0,1,0,0,0,0,0,0,0,0
"969","1052-1",2023-11-28,"Urban","5-9y","Female",6,"(5,50]","Unemployed outside home","Currently enrolled in school",2.5,4,0,0,0,0,0,0,0,0,0,0,0,0,0,0,0,0
"970","1053-1",2023-11-28,"Urban","30-39y","Female",5,"(2,5]","Unemployed outside home","None",1.5,1.5,1.5,0,0,0,0,0,0,0,0,0,0,0,0,0,0,0
"971","1054-1",2023-11-30,"Urban","10-19y","Female",4,"(2,5]","Unemployed outside home","Secondary school",2.5,2.5,2.5,0,0,0,0,0,0,0,0,0,0,0,0,0,0,0
"972","1055-1",2023-11-30,"Urban","5-9y","Female",6,"(5,50]","Unemployed outside home","None",5,5,5,1,1,0,0,0,1,1,0,0,0,0,0,0,0,0
"973","1056-1",2023-11-30,"Urban","1-4y","Male",4,"(2,5]","Unemployed outside home","None",2.5,4.5,2.5,0,0,0,0,0,0,0,0,0,0,0,0,0,0,0
"974","1057-1",2023-11-20,"Urban","60+y","Female",7,"(5,50]","Unemployed outside home","None",1.5,1.5,1.5,0,0,0,0,0,0,0,0,0,0,0,0,0,0,0
"975","1058-1",2023-11-20,"Urban","1-4y","Female",7,"(5,50]","Unemployed outside home","None",1.5,1.5,0,0,0,0,0,0,0,0,0,0,0,0,0,0,0,0
"976","1059-1",2023-11-20,"Urban","60+y","Female",4,"(2,5]","Unemployed outside home","None",1.5,5,1.5,0,0,0,0,0,0,0,0,0,0,0,0,0,0,0
"977","1060-1",2023-11-22,"Urban","<6mo","Male",4,"(2,5]","Unemployed outside home","None",2.5,2.5,2.5,0,0,0,0,0,0,0,0,0,0,0,0,0,0,0
"978","1061-1",2023-11-22,"Urban",NA,"Male",7,"(5,50]","Unemployed outside home","None",0.5,3.5,0.5,0,0,0,0,0,0,0,0,0,0,0,0,0,0,0
"979","1062-1",2023-11-23,"Urban","30-39y","Female",6,"(5,50]","Unemployed outside home","None",5,5,5,1,1,0,0,0,1,1,0,0,0,0,0,0,0,0
"980","1063-1",2023-11-23,"Urban","<6mo","Male",4,"(2,5]","Unemployed outside home","None",2,2,2,0,0,0,0,0,0,0,0,0,0,0,0,0,0,0
"981","1064-1",2023-11-25,"Urban","1-4y","Female",8,"(5,50]","Unemployed outside home","None",2.5,2.5,2.5,0,0,0,0,0,0,0,0,0,0,0,0,0,0,0
"982","1065-1",2023-11-28,"Urban","60+y","Male",5,"(2,5]","Unemployed outside home","Secondary school",5,7,0,1,1,0,0,0,0,0,0,0,0,1,1,0,0,0
"983","1066-1",2023-11-28,"Urban","20-29y","Male",10,"(5,50]","Semiprofessional / professional","Secondary school",7,8,0,1,1,0,0,0,0,0,0,0,0,1,1,0,0,0
"984","1067-1",2023-11-30,"Urban","60+y","Male",7,"(5,50]","Unemployed outside home","Secondary school",0,0,0,0,0,0,0,0,0,0,0,0,0,0,0,0,0,0
"985","1068-1",2023-12-06,"Urban","<6mo","Female",4,"(2,5]","Unemployed outside home","None",3,3,3,0,0,0,0,0,0,1,0,0,0,0,0,0,0,0
"986","1069-1",2023-12-06,"Urban","<6mo","Male",3,"(2,5]","Unemployed outside home","None",4,4,4,0,0,0,0,0,1,1,0,0,0,0,0,0,0,0
"987","1070-1",2023-12-07,"Urban","<6mo","Male",5,"(2,5]","Unemployed outside home","None",2.5,2.5,2.5,0,0,0,0,0,0,0,0,0,0,0,0,0,0,0
"988","1071-1",2023-12-07,"Urban","10-19y","Female",7,"(5,50]","Unemployed outside home","None",1,2,1,0,0,0,0,0,0,0,0,0,0,0,0,0,0,0
"989","1072-1",2023-12-07,"Urban","10-19y","Female",3,"(2,5]","Unemployed outside home","None",4,6,4,0,0,0,0,0,1,1,0,0,0,0,1,0,0,0
"990","1073-1",2023-11-21,"Urban","60+y","Male",2,"[0,2]","Unemployed outside home","None",3,3,3,0,0,0,0,0,0,1,0,0,0,0,0,0,0,0
"991","1074-1",2023-11-21,"Urban","30-39y","Male",6,"(5,50]","Semiprofessional / professional","None",7.5,10.5,4,1,1,0,0,0,1,1,0,0,0,1,1,1,0,0
"992","1075-1",2023-11-24,"Urban","60+y","Male",5,"(2,5]","Unemployed outside home","Primary school",6.5,10,0,1,1,0,0,0,0,0,0,0,0,1,1,1,0,0
"993","1076-1",2023-11-24,"Urban","60+y","Male",4,"(2,5]","Semiskilled / skilled labor","Secondary school",10,11,2,1,1,1,1,0,0,0,0,0,0,1,1,1,1,0
"994","1077-1",2023-11-29,"Urban","5-9y","Female",7,"(5,50]","Unemployed outside home","Currently enrolled in school",0,2.5,0,0,0,0,0,0,0,0,0,0,0,0,0,0,0,0
"995","1078-1",2023-11-29,"Urban","5-9y","Male",7,"(5,50]","Unemployed outside home","Currently enrolled in school",2.5,2.5,0,0,0,0,0,0,0,0,0,0,0,0,0,0,0,0
"996","1079-1",2023-11-29,"Urban","10-19y","Female",6,"(5,50]","Unemployed outside home","Secondary school",2.5,2.5,1.5,0,0,0,0,0,0,0,0,0,0,0,0,0,0,0
"997","1080-1",2023-11-29,"Urban","10-19y","Female",5,"(2,5]","Unemployed outside home","Secondary school",2.5,2.5,2.5,0,0,0,0,0,0,0,0,0,0,0,0,0,0,0
"998","1081-1",2023-12-01,"Urban","30-39y","Female",7,"(5,50]","Unemployed outside home","None",1.5,2,1.5,0,0,0,0,0,0,0,0,0,0,0,0,0,0,0
"999","1082-1",2023-12-01,"Urban","30-39y","Female",7,"(5,50]","Unemployed outside home","None",2.5,2.5,2.5,0,0,0,0,0,0,0,0,0,0,0,0,0,0,0
"1000","1083-1",2023-12-04,"Urban","<6mo","Male",6,"(5,50]","Unemployed outside home","None",4,4,4,0,0,0,0,0,1,1,0,0,0,0,0,0,0,0
"1001","1084-1",2023-12-04,"Urban","20-29y","Male",4,"(2,5]","Semiprofessional / professional","Secondary school",9,15,5.5,1,1,1,1,0,1,1,1,0,0,1,1,1,1,1
"1002","1085-1",2023-12-04,"Urban","6-11mo","Female",3,"(2,5]","Unemployed outside home","None",4.5,4.5,4.5,0,1,0,0,0,1,1,0,0,0,0,0,0,0,0
"1003","1086-1",2023-12-05,"Urban","5-9y","Male",6,"(5,50]","Unemployed outside home","None",4.5,5.5,4.5,0,1,0,0,0,1,1,0,0,0,0,1,0,0,0
"1004","1087-1",2023-12-05,"Urban","<6mo","Female",3,"(2,5]","Unemployed outside home","None",5.5,5.5,5.5,1,1,0,0,0,1,1,1,0,0,0,1,0,0,0
"1005","1088-1",2023-12-05,"Urban","60+y","Female",3,"(2,5]","Unemployed outside home","None",2.5,2.5,2.5,0,0,0,0,0,0,0,0,0,0,0,0,0,0,0
"1006","1089-1",2023-12-05,"Urban","5-9y","Male",6,"(5,50]","Unemployed outside home","None",5,5,2,1,1,0,0,0,0,0,0,0,0,0,0,0,0,0
"1007","1090-1",2023-12-06,"Urban","5-9y","Male",7,"(5,50]","Unemployed outside home","Currently enrolled in school",8.5,13,6,1,1,1,0,0,1,1,1,0,0,1,1,1,1,0
"1008","1091-1",2023-12-06,"Urban","30-39y","Male",3,"(2,5]","Semiskilled / skilled labor","Primary school",12,11,0.5,1,1,1,1,1,0,0,0,0,0,1,1,1,1,0
"1009","1092-1",2023-12-09,"Rural","60+y","Female",5,"(2,5]","Unemployed outside home","Currently enrolled in school",7.5,8,5.5,1,1,0,0,0,1,1,1,0,0,1,1,0,0,0
"1010","1093-1",2023-12-09,"Rural","40-59y","Female",4,"(2,5]","Unemployed outside home","None",6,13,5,1,1,0,0,0,1,1,0,0,0,1,1,1,1,0
"1011","1094-1",2023-12-09,"Rural","40-59y","Female",5,"(2,5]","Unemployed outside home","None",1.5,4.5,1.5,0,0,0,0,0,0,0,0,0,0,0,0,0,0,0
"1012","1095-1",2023-12-12,"Rural","1-4y","Male",7,"(5,50]","Unemployed outside home","None",9,9,9,1,1,1,1,0,1,1,1,1,0,1,1,0,0,0
"1013","1096-1",2023-12-12,"Rural","20-29y","Female",10,"(5,50]","Unemployed outside home","None",6.5,5.5,5.5,1,1,0,0,0,1,1,1,0,0,0,1,0,0,0
"1014","1097-1",2023-12-13,"Rural","10-19y","Female",4,"(2,5]","Unemployed outside home","None",12,12,12,1,1,1,1,1,1,1,1,1,1,1,1,1,1,0
"1015","1098-1",2023-12-13,"Rural","<6mo","Female",6,"(5,50]","Unemployed outside home","None",5.5,5.5,5.5,1,1,0,0,0,1,1,1,0,0,0,1,0,0,0
"1016","1099-1",2023-12-11,"Rural","1-4y","Male",5,"(2,5]","Unemployed outside home","None",8.5,9,8,1,1,1,0,0,1,1,1,1,0,1,1,0,0,0
"1017","1100-1",2023-12-11,"Rural","5-9y","Female",7,"(5,50]","Unemployed outside home","Currently enrolled in school",13.5,15,7.5,1,1,1,1,1,1,1,1,1,0,1,1,1,1,1
"1018","1101-1",2023-12-11,"Rural","20-29y","Female",12,"(5,50]","Semiskilled / skilled labor","None",4.5,4.5,4.5,0,1,0,0,0,1,1,0,0,0,0,0,0,0,0
"1019","1102-1",2023-12-11,"Rural","5-9y","Female",8,"(5,50]","Unemployed outside home","None",8,8,8,1,1,1,0,0,1,1,1,1,0,1,1,0,0,0
"1020","1103-1",2023-12-13,"Rural","20-29y","Female",17,"(5,50]","Unemployed outside home","Primary school",11,13.5,11,1,1,1,1,0,1,1,1,1,1,1,1,1,1,0
"1021","1104-1",2023-12-13,"Rural",NA,"Male",10,"(5,50]","Unemployed outside home","None",5,5,4.5,1,1,0,0,0,1,1,0,0,0,0,0,0,0,0
"1022","1105-1",2023-12-19,"Rural","5-9y","Male",18,"(5,50]","Unemployed outside home","Currently enrolled in school",7,8,6,1,1,0,0,0,1,1,1,0,0,1,1,0,0,0
"1023","1106-1",2023-12-19,"Rural","60+y","Female",4,"(2,5]","Semiskilled / skilled labor","None",23,23,23,1,1,1,1,1,1,1,1,1,1,1,1,1,1,1
"1024","1107-1",2023-12-19,"Rural","5-9y","Male",8,"(5,50]","Unemployed outside home","Currently enrolled in school",5,6,5,1,1,0,0,0,1,1,0,0,0,0,1,0,0,0
"1025","1108-1",2023-12-12,"Rural","30-39y","Male",10,"(5,50]","Semiskilled / skilled labor","Primary school",3,4,0,0,0,0,0,0,0,0,0,0,0,0,0,0,0,0
"1026","1109-1",2023-12-12,"Rural","60+y","Male",16,"(5,50]","Semiskilled / skilled labor","Primary school",0,0,0,0,0,0,0,0,0,0,0,0,0,0,0,0,0,0
"1027","1110-1",2023-12-13,"Rural","30-39y","Male",8,"(5,50]","Semiskilled / skilled labor","None",4.5,4.5,0,0,1,0,0,0,0,0,0,0,0,0,0,0,0,0
"1028","1111-1",2023-12-15,"Rural","1-4y","Female",12,"(5,50]","Unemployed outside home","None",4,6.5,3.5,0,0,0,0,0,0,1,0,0,0,1,1,0,0,0
"1029","1112-1",2023-12-15,"Rural","5-9y","Male",8,"(5,50]","Unemployed outside home","Currently enrolled in school",10.5,13,5.5,1,1,1,1,0,1,1,1,0,0,1,1,1,1,0
"1030","1113-1",2023-12-15,"Rural","60+y","Male",14,"(5,50]","Semiskilled / skilled labor","Primary school",0,5.5,0,0,0,0,0,0,0,0,0,0,0,0,1,0,0,0
"1031","1114-1",2023-12-19,"Rural","<6mo","Male",13,"(5,50]","Unemployed outside home","None",0,0,0,0,0,0,0,0,0,0,0,0,0,0,0,0,0,0
"1032","1115-1",2023-12-19,"Rural","1-4y","Female",6,"(5,50]","Unemployed outside home","None",12.5,12.5,12.5,1,1,1,1,1,1,1,1,1,1,1,1,1,1,0
"1033","1116-1",2023-12-08,"Urban","5-9y","Male",6,"(5,50]","Unemployed outside home","Currently enrolled in school",1,3.5,1,0,0,0,0,0,0,0,0,0,0,0,0,0,0,0
"1034","1117-1",2023-12-08,"Urban","60+y","Female",3,"(2,5]","Unemployed outside home","Primary school",3.5,3.5,3.5,0,0,0,0,0,0,1,0,0,0,0,0,0,0,0
"1035","1118-1",2023-12-09,"Urban","60+y","Female",5,"(2,5]","Unemployed outside home","Secondary school",3,3,3,0,0,0,0,0,0,1,0,0,0,0,0,0,0,0
"1036","1119-1",2023-12-09,"Urban","10-19y","Female",4,"(2,5]","Student","Secondary school",1.5,1.5,1.5,0,0,0,0,0,0,0,0,0,0,0,0,0,0,0
"1037","1120-1",2023-12-14,"Urban","30-39y","Male",8,"(5,50]","Semiskilled / skilled labor","Secondary school",10,14,3,1,1,1,1,0,0,1,0,0,0,1,1,1,1,0
"1038","1121-1",2023-12-14,"Urban","30-39y","Male",5,"(2,5]","Semiskilled / skilled labor","Secondary school",17,17,9,1,1,1,1,1,1,1,1,1,0,1,1,1,1,1
"1039","1122-1",2023-12-19,"Urban","10-19y","Male",8,"(5,50]","Semiprofessional / professional","Secondary school",12,14,2,1,1,1,1,1,0,0,0,0,0,1,1,1,1,0
"1040","1123-1",2023-12-19,"Urban","10-19y","Male",4,"(2,5]","Student","Currently enrolled in school",10.5,13.5,1.5,1,1,1,1,0,0,0,0,0,0,1,1,1,1,0
"1041","1124-1",2023-12-15,"Urban","<6mo","Male",3,"(2,5]","Unemployed outside home","None",4,4,4,0,0,0,0,0,1,1,0,0,0,0,0,0,0,0
"1042","1125-1",2023-12-15,"Urban","30-39y","Female",10,"(5,50]","Unemployed outside home","None",1,1,1,0,0,0,0,0,0,0,0,0,0,0,0,0,0,0
"1043","1126-1",2023-12-19,"Urban","5-9y","Male",5,"(2,5]","Unemployed outside home","None",8.5,9,7.5,1,1,1,0,0,1,1,1,1,0,1,1,0,0,0
"1044","1127-1",2023-12-19,"Urban","5-9y","Male",5,"(2,5]","Unemployed outside home","None",2.5,5,2.5,0,0,0,0,0,0,0,0,0,0,0,0,0,0,0
"1045","1128-1",2023-12-11,"Urban","60+y","Female",3,"(2,5]","Unemployed outside home","None",1.5,1.5,1.5,0,0,0,0,0,0,0,0,0,0,0,0,0,0,0
"1046","1129-1",2023-12-11,"Urban","10-19y","Female",7,"(5,50]","Unemployed outside home","None",0,1.5,0,0,0,0,0,0,0,0,0,0,0,0,0,0,0,0
"1047","1130-1",2023-12-11,"Urban","10-19y","Female",5,"(2,5]","Student","Currently enrolled in school",7.5,7.5,7,1,1,0,0,0,1,1,1,1,0,1,1,0,0,0
"1048","1131-1",2023-12-11,"Urban","5-9y","Female",4,"(2,5]","Unemployed outside home","None",2.5,5.5,2.5,0,0,0,0,0,0,0,0,0,0,0,1,0,0,0
"1049","1132-1",2023-12-12,"Urban","10-19y","Female",4,"(2,5]","Student","Currently enrolled in school",5,5,5,1,1,0,0,0,1,1,0,0,0,0,0,0,0,0
"1050","1133-1",2023-12-12,"Urban","5-9y","Male",4,"(2,5]","Unemployed outside home","None",2.5,5.5,2.5,0,0,0,0,0,0,0,0,0,0,0,1,0,0,0
"1051","1134-1",2023-12-12,"Urban",NA,"Female",4,"(2,5]","Unemployed outside home","None",4,4,4,0,0,0,0,0,1,1,0,0,0,0,0,0,0,0
"1052","1135-1",2023-12-12,"Urban","5-9y","Male",5,"(2,5]","Unemployed outside home","None",2.5,4,0,0,0,0,0,0,0,0,0,0,0,0,0,0,0,0
"1053","1136-1",2023-12-14,"Urban","10-19y","Female",3,"(2,5]","Student","None",3.5,3.5,3.5,0,0,0,0,0,0,1,0,0,0,0,0,0,0,0
"1054","1137-1",2023-12-14,"Urban","10-19y","Female",7,"(5,50]","Unemployed outside home","None",1.5,3.5,1.5,0,0,0,0,0,0,0,0,0,0,0,0,0,0,0
"1055","1138-1",2023-12-14,"Urban","30-39y","Female",5,"(2,5]","Unemployed outside home","None",2,2,2,0,0,0,0,0,0,0,0,0,0,0,0,0,0,0
"1056","1139-1",2023-12-16,"Urban","60+y","Female",3,"(2,5]","Unemployed outside home","None",6,6,6,1,1,0,0,0,1,1,1,0,0,0,1,0,0,0
"1057","1140-1",2023-12-16,"Urban","30-39y","Female",7,"(5,50]","Unemployed outside home","Secondary school",1.5,1.5,1.5,0,0,0,0,0,0,0,0,0,0,0,0,0,0,0
"1058","1141-1",2023-12-16,"Urban","<6mo","Male",7,"(5,50]","Unemployed outside home","None",1,1,1,0,0,0,0,0,0,0,0,0,0,0,0,0,0,0
"1059","1142-1",2023-12-16,"Urban","<6mo","Female",3,"(2,5]","Unemployed outside home","None",3,3,3,0,0,0,0,0,0,1,0,0,0,0,0,0,0,0
"1060","1143-1",2023-12-18,"Urban","30-39y","Female",5,"(2,5]","Unemployed outside home","Secondary school",2.5,2.5,2.5,0,0,0,0,0,0,0,0,0,0,0,0,0,0,0
"1061","1144-1",2023-12-18,"Urban","30-39y","Female",6,"(5,50]","Unemployed outside home","None",2.5,2.5,2.5,0,0,0,0,0,0,0,0,0,0,0,0,0,0,0
"1062","1145-1",2023-12-18,"Urban","<6mo","Female",4,"(2,5]","Unemployed outside home","None",3,3,3,0,0,0,0,0,0,1,0,0,0,0,0,0,0,0
"1063","1146-1",2023-12-18,"Urban","5-9y","Male",6,"(5,50]","Unemployed outside home","None",2.5,3,1,0,0,0,0,0,0,0,0,0,0,0,0,0,0,0
"1064","1147-1",2023-12-20,"Urban","60+y","Female",4,"(2,5]","Unemployed outside home","None",5,5,5,1,1,0,0,0,1,1,0,0,0,0,0,0,0,0
"1065","1148-1",2023-12-20,"Urban","5-9y","Male",4,"(2,5]","Unemployed outside home","None",5,5,5,1,1,0,0,0,1,1,0,0,0,0,0,0,0,0
"1066","1149-1",2023-12-20,"Urban","5-9y","Male",6,"(5,50]","Unemployed outside home","None",2.5,3,1,0,0,0,0,0,0,0,0,0,0,0,0,0,0,0
"1067","1150-1",2023-12-06,"Rural","10-19y","Female",6,"(5,50]","Unemployed outside home","None",4.5,4.5,4.5,0,1,0,0,0,1,1,0,0,0,0,0,0,0,0
"1068","1151-1",2023-12-06,"Rural","5-9y","Male",10,"(5,50]","Unemployed outside home","Currently enrolled in school",3,3.5,3,0,0,0,0,0,0,1,0,0,0,0,0,0,0,0
"1069","1152-1",2023-12-06,"Rural","30-39y","Male",6,"(5,50]","Semiskilled / skilled labor","None",5.5,6,0,1,1,0,0,0,0,0,0,0,0,0,1,0,0,0
"1070","1153-1",2023-12-07,"Rural","40-59y","Female",9,"(5,50]","Unemployed outside home","Primary school",4,4,4,0,0,0,0,0,1,1,0,0,0,0,0,0,0,0
"1071","1154-1",2023-12-07,"Rural","<6mo","Male",10,"(5,50]","Unemployed outside home","None",1,1,1,0,0,0,0,0,0,0,0,0,0,0,0,0,0,0
"1072","1155-1",2023-12-07,"Rural","10-19y","Male",8,"(5,50]","Semiskilled / skilled labor","Primary school",4,5.5,0,0,0,0,0,0,0,0,0,0,0,0,1,0,0,0
"1073","1156-1",2023-12-07,"Rural","10-19y","Male",6,"(5,50]","Semiskilled / skilled labor","Secondary school",0,8,0,0,0,0,0,0,0,0,0,0,0,1,1,0,0,0
"1074","1158-1",2023-12-08,"Rural","<6mo","Female",4,"(2,5]","Unemployed outside home","None",5,10,3.5,1,1,0,0,0,0,1,0,0,0,1,1,1,0,0
"1075","1159-1",2023-12-11,"Rural","5-9y","Female",5,"(2,5]","Unemployed outside home","Primary school",16,16,16,1,1,1,1,1,1,1,1,1,1,1,1,1,1,1
"1076","1160-1",2023-12-11,"Rural","60+y","Female",6,"(5,50]","Unemployed outside home","None",13.5,14,13,1,1,1,1,1,1,1,1,1,1,1,1,1,1,0
"1077","1161-1",2023-12-11,"Rural","1-4y","Female",4,"(2,5]","Unemployed outside home","None",7,13,5,1,1,0,0,0,1,1,0,0,0,1,1,1,1,0
"1078","1162-1",2023-12-08,"Rural","60+y","Male",10,"(5,50]","Unemployed outside home","Secondary school",5,6,0.5,1,1,0,0,0,0,0,0,0,0,0,1,0,0,0
"1079","1163-1",2023-12-12,"Rural","5-9y","Female",5,"(2,5]","Unemployed outside home","Currently enrolled in school",10.5,13.5,7,1,1,1,1,0,1,1,1,1,0,1,1,1,1,0
"1080","1164-1",2023-12-12,"Rural","10-19y","Female",3,"(2,5]","Student","Currently enrolled in school",5,8,3.5,1,1,0,0,0,0,1,0,0,0,1,1,0,0,0
"1081","1165-1",2023-12-13,"Rural","60+y","Male",4,"(2,5]","Semiskilled / skilled labor","None",0,0,0,0,0,0,0,0,0,0,0,0,0,0,0,0,0,0
"1082","1166-1",2023-12-13,"Rural","60+y","Male",7,"(5,50]","Semiskilled / skilled labor","None",0,2.5,0,0,0,0,0,0,0,0,0,0,0,0,0,0,0,0
"1083","1167-1",2023-12-15,"Rural","1-4y","Male",10,"(5,50]","Unemployed outside home","None",12.5,13,11.5,1,1,1,1,1,1,1,1,1,1,1,1,1,1,0
"1084","1168-1",2023-12-15,"Rural","10-19y","Female",3,"(2,5]","Student","Currently enrolled in school",11.5,20.5,8,1,1,1,1,0,1,1,1,1,0,1,1,1,1,1
"1085","1169-1",2023-12-21,"Rural","20-29y","Female",3,"(2,5]","Unemployed outside home","Primary school",15,16,11.5,1,1,1,1,1,1,1,1,1,1,1,1,1,1,1
"1086","1170-1",2023-12-21,"Rural","<6mo","Male",13,"(5,50]","Unemployed outside home","None",2,2,2,0,0,0,0,0,0,0,0,0,0,0,0,0,0,0
"1087","1171-1",2023-12-21,"Rural","10-19y","Female",9,"(5,50]","Unemployed outside home","None",4,4,4,0,0,0,0,0,1,1,0,0,0,0,0,0,0,0
"1088","1172-1",2023-12-21,"Rural","20-29y","Female",5,"(2,5]","Unemployed outside home","None",1,1,1,0,0,0,0,0,0,0,0,0,0,0,0,0,0,0
"1089","1173-1",2023-12-23,"Rural","10-19y","Male",15,"(5,50]","Student","Currently enrolled in school",3.5,5,1.5,0,0,0,0,0,0,0,0,0,0,0,0,0,0,0
"1090","1174-1",2023-12-27,"Rural","60+y","Female",12,"(5,50]","Unemployed outside home","None",3,1.5,1.5,0,0,0,0,0,0,0,0,0,0,0,0,0,0,0
"1091","1175-1",2023-12-27,"Rural","5-9y","Male",6,"(5,50]","Unemployed outside home","Currently enrolled in school",22,22.5,20,1,1,1,1,1,1,1,1,1,1,1,1,1,1,1
"1092","1176-1",2023-12-27,"Rural","10-19y","Male",7,"(5,50]","Student","Currently enrolled in school",4,6.5,1.5,0,0,0,0,0,0,0,0,0,0,1,1,0,0,0
"1093","1177-1",2023-12-27,"Rural","10-19y","Male",10,"(5,50]","Unemployed outside home","None",2,2,2,0,0,0,0,0,0,0,0,0,0,0,0,0,0,0
"1094","1178-1",2023-12-28,"Rural","60+y","Female",8,"(5,50]","Semiskilled / skilled labor","None",9,13.5,9,1,1,1,1,0,1,1,1,1,0,1,1,1,1,0
"1095","1179-1",2023-12-28,"Rural","60+y","Female",12,"(5,50]","Unemployed outside home","None",10,10,10,1,1,1,1,0,1,1,1,1,1,1,1,1,0,0
"1096","1180-1",2023-12-28,"Rural","60+y","Female",13,"(5,50]","Unemployed outside home","None",1,1.5,1,0,0,0,0,0,0,0,0,0,0,0,0,0,0,0
"1097","1181-1",2023-12-28,"Rural","<6mo","Male",18,"(5,50]","Unemployed outside home","None",0,0,0,0,0,0,0,0,0,0,0,0,0,0,0,0,0,0
"1098","1182-1",2023-12-29,"Rural","10-19y","Male",7,"(5,50]","Semiskilled / skilled labor","Secondary school",0,0,0,0,0,0,0,0,0,0,0,0,0,0,0,0,0,0
"1099","1183-1",2023-12-29,"Rural","5-9y","Male",5,"(2,5]","Unemployed outside home","Currently enrolled in school",9.5,10,9.5,1,1,1,1,0,1,1,1,1,0,1,1,1,0,0
"1100","1184-1",2023-12-29,"Rural","60+y","Female",12,"(5,50]","Semiskilled / skilled labor","None",14.5,14.5,14.5,1,1,1,1,1,1,1,1,1,1,1,1,1,1,1
"1101","1185-1",2023-12-29,"Rural","10-19y","Female",11,"(5,50]","Student","Currently enrolled in school",4.5,5,4.5,0,1,0,0,0,1,1,0,0,0,0,0,0,0,0
"1102","1186-1",2023-12-22,"Urban","60+y","Female",5,"(2,5]","Unemployed outside home","None",4.5,4.5,4.5,0,1,0,0,0,1,1,0,0,0,0,0,0,0,0
"1103","1187-1",2023-12-27,"Urban","60+y","Female",5,"(2,5]","Unemployed outside home","None",2,2,2,0,0,0,0,0,0,0,0,0,0,0,0,0,0,0
"1104","1188-1",2023-12-28,"Urban","60+y","Female",6,"(5,50]","Unemployed outside home","None",3,3,3,0,0,0,0,0,0,1,0,0,0,0,0,0,0,0
"1105","1189-1",2023-12-28,"Urban","60+y","Female",3,"(2,5]","Unemployed outside home","None",3.5,3.5,3.5,0,0,0,0,0,0,1,0,0,0,0,0,0,0,0
"1106","1190-1",2023-12-28,"Urban","<6mo","Male",3,"(2,5]","Unemployed outside home","None",3,3,3,0,0,0,0,0,0,1,0,0,0,0,0,0,0,0
"1107","1191-1",2023-12-29,"Urban","60+y","Female",7,"(5,50]","Unemployed outside home","None",2,2,2,0,0,0,0,0,0,0,0,0,0,0,0,0,0,0
"1108","1192-1",2023-12-29,"Urban","<6mo","Female",5,"(2,5]","Unemployed outside home","None",4,4,4,0,0,0,0,0,1,1,0,0,0,0,0,0,0,0
"1109","1193-1",2023-12-20,"Rural","10-19y","Female",5,"(2,5]","Semiskilled / skilled labor","Primary school",19,19,19,1,1,1,1,1,1,1,1,1,1,1,1,1,1,1
"1110","1194-1",2023-12-20,"Rural","10-19y","Female",7,"(5,50]","Unemployed outside home","None",22.5,22.5,22.5,1,1,1,1,1,1,1,1,1,1,1,1,1,1,1
"1111","1195-1",2023-12-20,"Rural","10-19y","Female",8,"(5,50]","Semiskilled / skilled labor","Primary school",14,14,14,1,1,1,1,1,1,1,1,1,1,1,1,1,1,0
"1112","1196-1",2023-12-20,"Rural","30-39y","Male",7,"(5,50]","Semiskilled / skilled labor","None",2,5,0,0,0,0,0,0,0,0,0,0,0,0,0,0,0,0
"1113","1197-1",2023-12-20,"Rural","30-39y","Male",6,"(5,50]","Semiskilled / skilled labor","None",0.5,2.5,0,0,0,0,0,0,0,0,0,0,0,0,0,0,0,0
"1114","1198-1",2023-12-21,"Rural","10-19y","Male",9,"(5,50]","Student","Currently enrolled in school",4,4,0,0,0,0,0,0,0,0,0,0,0,0,0,0,0,0
"1115","1199-1",2023-12-22,"Rural","60+y","Female",15,"(5,50]","Unemployed outside home","None",10,11.5,9.5,1,1,1,1,0,1,1,1,1,0,1,1,1,1,0
"1116","1200-1",2023-12-27,"Rural","10-19y","Male",11,"(5,50]","Unemployed outside home","None",0.5,3.5,0,0,0,0,0,0,0,0,0,0,0,0,0,0,0,0
"1117","1201-1",2023-12-20,"Rural",NA,"Female",12,"(5,50]","Student","Currently enrolled in school",2,2.5,2,0,0,0,0,0,0,0,0,0,0,0,0,0,0,0
"1118","1202-1",2023-12-20,"Rural","10-19y","Male",18,"(5,50]","Student","Currently enrolled in school",2.5,6.5,2,0,0,0,0,0,0,0,0,0,0,1,1,0,0,0
"1119","1203-1",2023-12-20,"Rural","20-29y","Female",4,"(2,5]","Unemployed outside home","None",7,7,7,1,1,0,0,0,1,1,1,1,0,1,1,0,0,0
"1120","1204-1",2023-12-21,"Rural","10-19y","Female",6,"(5,50]","Student","Currently enrolled in school",7.5,14,7,1,1,0,0,0,1,1,1,1,0,1,1,1,1,0
"1121","1205-1",2023-12-21,"Rural","10-19y","Female",8,"(5,50]","Unemployed outside home","Primary school",6,6,6,1,1,0,0,0,1,1,1,0,0,0,1,0,0,0
"1122","1206-1",2023-12-21,"Rural","5-9y","Male",15,"(5,50]","Unemployed outside home","Currently enrolled in school",7.5,7.5,7.5,1,1,0,0,0,1,1,1,1,0,1,1,0,0,0
"1123","1207-1",2023-12-26,"Rural","5-9y","Male",5,"(2,5]","Unemployed outside home","Currently enrolled in school",6.5,6.5,6,1,1,0,0,0,1,1,1,0,0,1,1,0,0,0
"1124","1208-1",2023-12-27,"Rural","5-9y","Male",10,"(5,50]","Unemployed outside home","Currently enrolled in school",16.5,16.5,16.5,1,1,1,1,1,1,1,1,1,1,1,1,1,1,1
"1125","1210-1",2023-12-28,"Rural","10-19y","Male",8,"(5,50]","Student","Currently enrolled in school",5,13,3,1,1,0,0,0,0,1,0,0,0,1,1,1,1,0
"1126","1211-1",2023-12-28,"Rural","60+y","Male",20,"(5,50]","Semiskilled / skilled labor","None",4,4.5,0,0,0,0,0,0,0,0,0,0,0,0,0,0,0,0
"1127","1212-1",2023-12-28,"Rural","10-19y","Male",15,"(5,50]","Student","Currently enrolled in school",5,6,0,1,1,0,0,0,0,0,0,0,0,0,1,0,0,0
"1128","1213-1",2023-12-29,"Rural","5-9y","Male",6,"(5,50]","Unemployed outside home","None",17,18,17,1,1,1,1,1,1,1,1,1,1,1,1,1,1,1
"1129","1214-1",2023-12-29,"Rural","10-19y","Male",8,"(5,50]","Student","Currently enrolled in school",0,19,0,0,0,0,0,0,0,0,0,0,0,1,1,1,1,1
"1130","1215-1",2023-12-09,"Urban","30-39y","Male",7,"(5,50]","Semiskilled / skilled labor","Secondary school",9.5,11,3,1,1,1,1,0,0,1,0,0,0,1,1,1,1,0
"1131","1216-1",2023-12-15,"Urban","30-39y","Male",6,"(5,50]","Semiskilled / skilled labor","Secondary school",10,14,3,1,1,1,1,0,0,1,0,0,0,1,1,1,1,0
"1132","1217-1",2023-12-15,"Urban","30-39y","Male",3,"(2,5]","Semiprofessional / professional","Secondary school",13.5,15.5,11.5,1,1,1,1,1,1,1,1,1,1,1,1,1,1,1
"1133","1218-1",2023-12-21,"Urban","6-11mo","Female",4,"(2,5]","Unemployed outside home","None",1.5,1.5,1.5,0,0,0,0,0,0,0,0,0,0,0,0,0,0,0
"1134","1219-1",2023-12-21,"Urban","<6mo","Female",3,"(2,5]","Unemployed outside home","None",3,3,3,0,0,0,0,0,0,1,0,0,0,0,0,0,0,0
"1135","1220-1",2023-12-21,"Urban","60+y","Female",9,"(5,50]","Unemployed outside home","None",1.5,1.5,1.5,0,0,0,0,0,0,0,0,0,0,0,0,0,0,0
"1136","1221-1",2023-12-23,"Urban","6-11mo","Female",4,"(2,5]","Unemployed outside home","None",4.5,4.5,4.5,0,1,0,0,0,1,1,0,0,0,0,0,0,0,0
"1137","1222-1",2023-12-23,"Urban","<6mo","Male",6,"(5,50]","Unemployed outside home","None",0.5,0.5,0.5,0,0,0,0,0,0,0,0,0,0,0,0,0,0,0
"1138","1223-1",2023-12-26,"Urban","60+y","Female",4,"(2,5]","Unemployed outside home","None",4,4.5,4,0,0,0,0,0,1,1,0,0,0,0,0,0,0,0
"1139","1224-1",2023-12-26,"Urban","<6mo","Male",6,"(5,50]","Unemployed outside home","None",4.5,4.5,4.5,0,1,0,0,0,1,1,0,0,0,0,0,0,0,0
"1140","1225-1",2023-12-30,"Urban","<6mo","Male",3,"(2,5]","Unemployed outside home","None",5,5,5,1,1,0,0,0,1,1,0,0,0,0,0,0,0,0
"1141","1226-1",2024-01-01,"Rural","60+y","Female",10,"(5,50]","Unemployed outside home","None",8,8,8,1,1,1,0,0,1,1,1,1,0,1,1,0,0,0
"1142","1228-1",2024-01-03,"Rural","60+y","Female",9,"(5,50]","Unemployed outside home","Some college or higher",4,4.5,4,0,0,0,0,0,1,1,0,0,0,0,0,0,0,0
"1143","1229-1",2024-01-03,"Rural","10-19y","Male",7,"(5,50]","Student","Currently enrolled in school",17,19,12,1,1,1,1,1,1,1,1,1,1,1,1,1,1,1
"1144","1230-1",2024-01-03,"Rural","10-19y","Male",7,"(5,50]","Student","Currently enrolled in school",5,5,0,1,1,0,0,0,0,0,0,0,0,0,0,0,0,0
"1145","1231-1",2024-01-04,"Rural","10-19y","Male",13,"(5,50]","Semiskilled / skilled labor","Primary school",4,5,0,0,0,0,0,0,0,0,0,0,0,0,0,0,0,0
"1146","1232-1",2024-01-08,"Rural","<6mo","Male",19,"(5,50]","Unemployed outside home","None",2,2,2,0,0,0,0,0,0,0,0,0,0,0,0,0,0,0
"1147","1233-1",2024-01-08,"Rural","<6mo","Female",5,"(2,5]","Unemployed outside home","None",1.5,1.5,1.5,0,0,0,0,0,0,0,0,0,0,0,0,0,0,0
"1148","1234-1",2023-12-07,"Rural","10-19y","Male",5,"(2,5]","Semiskilled / skilled labor","Primary school",5,6.5,0,1,1,0,0,0,0,0,0,0,0,1,1,0,0,0
"1149","1235-1",2024-01-05,"Rural","10-19y","Male",8,"(5,50]","Semiskilled / skilled labor","None",1.5,2.5,0,0,0,0,0,0,0,0,0,0,0,0,0,0,0,0
"1150","1236-1",2024-01-08,"Rural","10-19y","Female",7,"(5,50]","Student","Currently enrolled in school",11,16,10,1,1,1,1,0,1,1,1,1,1,1,1,1,1,1
"1151","1237-1",2024-01-16,"Urban","6-11mo","Female",6,"(5,50]","Unemployed outside home","None",3.5,3.5,3.5,0,0,0,0,0,0,1,0,0,0,0,0,0,0,0
"1152","1238-1",2024-01-10,"Rural","6-11mo","Female",4,"(2,5]","Unemployed outside home","None",11,11.5,10.5,1,1,1,1,0,1,1,1,1,1,1,1,1,1,0
"1153","1239-1",2024-01-10,"Rural","6-11mo","Female",16,"(5,50]","Unemployed outside home","None",1.5,6,1,0,0,0,0,0,0,0,0,0,0,0,1,0,0,0
"1154","1240-1",2024-01-10,"Rural","<6mo","Female",11,"(5,50]","Unemployed outside home","None",0.5,0.5,0.5,0,0,0,0,0,0,0,0,0,0,0,0,0,0,0
"1155","1241-1",2024-01-12,"Rural","6-11mo","Female",5,"(2,5]","Unemployed outside home","None",2,3,1.5,0,0,0,0,0,0,0,0,0,0,0,0,0,0,0
"1156","1242-1",2024-01-13,"Rural","<6mo","Female",3,"(2,5]","Unemployed outside home","None",16,16,16,1,1,1,1,1,1,1,1,1,1,1,1,1,1,1
"1157","1243-1",2024-01-13,"Rural","<6mo","Female",9,"(5,50]","Unemployed outside home","None",3.5,9.5,2.5,0,0,0,0,0,0,0,0,0,0,1,1,1,0,0
"1158","1244-1",2024-01-18,"Rural","<6mo","Female",7,"(5,50]","Unemployed outside home","None",4,4,4,0,0,0,0,0,1,1,0,0,0,0,0,0,0,0
"1159","1245-1",2024-01-18,"Rural","<6mo","Female",3,"(2,5]","Unemployed outside home","None",0,0,0,0,0,0,0,0,0,0,0,0,0,0,0,0,0,0
"1160","1246-1",2024-01-10,"Rural","6-11mo","Female",5,"(2,5]","Unemployed outside home","None",1.5,1.5,1.5,0,0,0,0,0,0,0,0,0,0,0,0,0,0,0
"1161","1247-1",2024-01-10,"Rural","6-11mo","Female",8,"(5,50]","Unemployed outside home","None",5,5,5,1,1,0,0,0,1,1,0,0,0,0,0,0,0,0
"1162","1248-1",2024-01-17,"Rural","60+y","Female",10,"(5,50]","Unemployed outside home","None",0,3,0,0,0,0,0,0,0,0,0,0,0,0,0,0,0,0
"1163","1249-1",2024-01-17,"Rural","<6mo","Female",6,"(5,50]","Unemployed outside home","None",7,7,7,1,1,0,0,0,1,1,1,1,0,1,1,0,0,0
"1164","1250-1",2024-02-06,"Urban","5-9y","Female",4,"(2,5]","Unemployed outside home","None",6,6,3,1,1,0,0,0,0,1,0,0,0,0,1,0,0,0
"1165","1251-1",2024-02-06,"Urban","5-9y","Female",5,"(2,5]","Unemployed outside home","Currently enrolled in school",4.5,4.5,2.5,0,1,0,0,0,0,0,0,0,0,0,0,0,0,0
"1166","1252-1",2024-02-06,"Urban","10-19y","Male",4,"(2,5]","Student","Secondary school",6,10,6,1,1,0,0,0,1,1,1,0,0,1,1,1,0,0
"1167","1253-1",2024-02-06,"Rural","30-39y","Female",4,"(2,5]","Semiskilled / skilled labor","None",0,0,0,0,0,0,0,0,0,0,0,0,0,0,0,0,0,0
"1168","1254-1",2024-02-06,"Rural","5-9y","Female",14,"(5,50]","Unemployed outside home","Currently enrolled in school",3,7,3,0,0,0,0,0,0,1,0,0,0,1,1,0,0,0
"1169","1255-1",2024-02-06,"Rural","60+y","Female",7,"(5,50]","Unemployed outside home","None",3.5,6,3.5,0,0,0,0,0,0,1,0,0,0,0,1,0,0,0
"1170","1256-1",2024-02-06,"Rural","30-39y","Female",6,"(5,50]","Unemployed outside home","None",3.5,4,3.5,0,0,0,0,0,0,1,0,0,0,0,0,0,0,0
"1171","1257-1",2024-02-13,"Rural","60+y","Female",13,"(5,50]","Semiskilled / skilled labor","None",7,8,7,1,1,0,0,0,1,1,1,1,0,1,1,0,0,0
"1172","1258-1",2024-02-13,"Rural","60+y","Female",9,"(5,50]","Unemployed outside home","None",8.5,9.5,7,1,1,1,0,0,1,1,1,1,0,1,1,1,0,0
"1173","1259-1",2024-02-13,"Rural","60+y","Female",7,"(5,50]","Semiskilled / skilled labor","None",7.5,2,2,1,1,0,0,0,0,0,0,0,0,0,0,0,0,0
"1174","1260-1",2024-02-17,"Rural","6-11mo","Male",6,"(5,50]","Unemployed outside home","None",5,8,4,1,1,0,0,0,1,1,0,0,0,1,1,0,0,0
"1175","1261-1",2024-02-17,"Rural","1-4y","Male",15,"(5,50]","Unemployed outside home","None",4,9,4,0,0,0,0,0,1,1,0,0,0,1,1,0,0,0
"1176","1262-1",2024-02-12,"Rural","60+y","Female",6,"(5,50]","Unemployed outside home","None",8.5,8.5,8.5,1,1,1,0,0,1,1,1,1,0,1,1,0,0,0
"1177","1263-1",2024-02-12,"Rural","60+y","Female",13,"(5,50]","Unemployed outside home","Currently enrolled in school",4,4,4,0,0,0,0,0,1,1,0,0,0,0,0,0,0,0
"1178","1264-1",2024-02-12,"Rural","10-19y","Female",11,"(5,50]","Semiskilled / skilled labor","None",6,6.5,6,1,1,0,0,0,1,1,1,0,0,1,1,0,0,0
"1179","1265-1",2024-02-13,"Rural","60+y","Male",4,"(2,5]","Unemployed outside home","Primary school",3,3.5,0,0,0,0,0,0,0,0,0,0,0,0,0,0,0,0
"1180","1266-1",2024-02-13,"Rural","30-39y","Male",3,"(2,5]","Semiskilled / skilled labor","None",4.5,5,0,0,1,0,0,0,0,0,0,0,0,0,0,0,0,0
"1181","1267-1",2024-02-13,"Rural","60+y","Male",10,"(5,50]","Unemployed outside home","Currently enrolled in school",4.5,5,0,0,1,0,0,0,0,0,0,0,0,0,0,0,0,0
"1182","1268-1",2024-02-13,"Rural","30-39y","Male",6,"(5,50]","Semiskilled / skilled labor","Currently enrolled in school",4,5,0.5,0,0,0,0,0,0,0,0,0,0,0,0,0,0,0
"1183","1269-1",2024-02-12,"Rural","60+y","Male",7,"(5,50]","Unemployed outside home","None",0,0,0,0,0,0,0,0,0,0,0,0,0,0,0,0,0,0
"1184","1270-1",2024-02-09,"Rural","10-19y","Male",6,"(5,50]","Student","Currently enrolled in school",2,3,0.5,0,0,0,0,0,0,0,0,0,0,0,0,0,0,0
"1185","1271-1",2024-02-12,"Rural","60+y","Male",7,"(5,50]","Semiskilled / skilled labor","None",1,1,0,0,0,0,0,0,0,0,0,0,0,0,0,0,0,0
"1186","1272-1",2024-02-14,"Rural","60+y","Male",11,"(5,50]","Semiskilled / skilled labor","Primary school",4.5,4.5,4,0,1,0,0,0,1,1,0,0,0,0,0,0,0,0
"1187","1273-1",2024-02-14,"Rural","5-9y","Female",4,"(2,5]","Unemployed outside home","None",17,18,16,1,1,1,1,1,1,1,1,1,1,1,1,1,1,1
"1188","1274-1",2024-02-17,"Rural","60+y","Male",14,"(5,50]","Semiskilled / skilled labor","None",5,10,0.5,1,1,0,0,0,0,0,0,0,0,1,1,1,0,0
"1189","1275-1",2024-02-17,"Rural","60+y","Male",5,"(2,5]","Unemployed outside home","Secondary school",3,6,0,0,0,0,0,0,0,0,0,0,0,0,1,0,0,0
"1190","1276-1",2024-02-19,"Rural","60+y","Male",16,"(5,50]","Unemployed outside home","None",3,1.5,1,0,0,0,0,0,0,0,0,0,0,0,0,0,0,0
"1191","1277-1",2024-02-20,"Rural","60+y","Female",6,"(5,50]","Unemployed outside home","None",11,11,11,1,1,1,1,0,1,1,1,1,1,1,1,1,1,0
"1192","1278-1",2024-02-20,"Rural","10-19y","Male",5,"(2,5]","Student","Currently enrolled in school",2,5,0,0,0,0,0,0,0,0,0,0,0,0,0,0,0,0
"1193","1279-1",2024-02-20,"Rural","60+y","Female",11,"(5,50]","Unemployed outside home","None",3.5,2,2,0,0,0,0,0,0,0,0,0,0,0,0,0,0,0
"1194","1280-1",2024-02-20,"Rural",NA,"Male",10,"(5,50]","Unemployed outside home","None",7,7,7,1,1,0,0,0,1,1,1,1,0,1,1,0,0,0
"1195","1281-1",2024-04-18,"Urban","10-19y","Female",7,"(5,50]","Student","None",5,5,3,1,1,0,0,0,0,1,0,0,0,0,0,0,0,0
"1196","1282-1",2024-02-22,"Rural","<6mo","Female",4,"(2,5]","Unemployed outside home","None",3,3,3,0,0,0,0,0,0,1,0,0,0,0,0,0,0,0
"1197","1283-1",2024-02-22,"Rural","1-4y","Male",10,"(5,50]","Unemployed outside home","None",1,1,1,0,0,0,0,0,0,0,0,0,0,0,0,0,0,0
"1198","1284-1",2024-02-22,"Rural","<6mo","Male",6,"(5,50]","Unemployed outside home","None",3,3,3,0,0,0,0,0,0,1,0,0,0,0,0,0,0,0
"1199","1285-1",2024-02-24,"Rural","1-4y","Male",4,"(2,5]","Unemployed outside home","None",7.5,7.5,4.5,1,1,0,0,0,1,1,0,0,0,1,1,0,0,0
"1200","1286-1",2024-02-24,"Rural","1-4y","Male",13,"(5,50]","Unemployed outside home","None",6,6,6,1,1,0,0,0,1,1,1,0,0,0,1,0,0,0
"1201","1289-1",2024-02-21,"Rural","10-19y","Male",7,"(5,50]","Student","Currently enrolled in school",1,3,1,0,0,0,0,0,0,0,0,0,0,0,0,0,0,0
"1202","1290-1",2024-02-21,"Rural","10-19y","Female",9,"(5,50]","Unemployed outside home","None",7.5,10.5,7,1,1,0,0,0,1,1,1,1,0,1,1,1,0,0
"1203","1291-1",2024-02-21,"Rural","60+y","Male",5,"(2,5]","Semiskilled / skilled labor","None",6,9,0,1,1,0,0,0,0,0,0,0,0,1,1,0,0,0
"1204","1292-1",2024-02-21,"Rural","60+y","Male",10,"(5,50]","Semiskilled / skilled labor","None",4,4.5,0,0,0,0,0,0,0,0,0,0,0,0,0,0,0,0
"1205","1293-1",2024-02-24,"Rural","6-11mo","Female",6,"(5,50]","Unemployed outside home","None",1,1.5,1,0,0,0,0,0,0,0,0,0,0,0,0,0,0,0
"1206","1294-1",2024-02-24,"Rural","60+y","Female",5,"(2,5]","Unemployed outside home","None",4.5,4.5,4.5,0,1,0,0,0,1,1,0,0,0,0,0,0,0,0
"1207","1295-1",2024-02-24,"Rural","60+y","Male",5,"(2,5]","Unemployed outside home","None",0,2.5,0,0,0,0,0,0,0,0,0,0,0,0,0,0,0,0
"1208","1296-1",2024-03-23,"Rural","60+y","Male",8,"(5,50]","Semiskilled / skilled labor","None",4,4,0,0,0,0,0,0,0,0,0,0,0,0,0,0,0,0
"1209","1297-1",2024-03-28,"Rural","6-11mo","Male",7,"(5,50]","Unemployed outside home","None",0.5,0.5,0.5,0,0,0,0,0,0,0,0,0,0,0,0,0,0,0
"1210","1298-1",2024-03-28,"Rural","6-11mo","Male",7,"(5,50]","Unemployed outside home","None",5.5,5.5,5,1,1,0,0,0,1,1,0,0,0,0,1,0,0,0
"1211","1299-1",2024-03-27,"Rural","<6mo","Female",9,"(5,50]","Unemployed outside home","None",0,0.5,0,0,0,0,0,0,0,0,0,0,0,0,0,0,0,0
"1212","1300-1",2024-03-28,"Rural","<6mo","Female",7,"(5,50]","Unemployed outside home","None",3,3,3,0,0,0,0,0,0,1,0,0,0,0,0,0,0,0
"1213","1301-1",2024-04-19,"Urban","5-9y","Female",4,"(2,5]","Unemployed outside home","Primary school",3.5,3.5,3.5,0,0,0,0,0,0,1,0,0,0,0,0,0,0,0
"1214","1302-1",2024-02-09,"Urban","10-19y","Male",5,"(2,5]","Student","Currently enrolled in school",4.5,4.5,2.5,0,1,0,0,0,0,0,0,0,0,0,0,0,0,0
"1215","1303-1",2024-02-17,"Urban","10-19y","Male",3,"(2,5]","Semiprofessional / professional","None",7,10,6.5,1,1,0,0,0,1,1,1,1,0,1,1,1,0,0
"1216","1304-1",2024-02-26,"Urban","10-19y","Male",9,"(5,50]","Student","Primary school",7,8,6,1,1,0,0,0,1,1,1,0,0,1,1,0,0,0
"1217","1305-1",2024-06-03,"Rural","<6mo","Male",7,"(5,50]","Unemployed outside home","None",0,0,0,0,0,0,0,0,0,0,0,0,0,0,0,0,0,0
"1218","1306-1",2024-06-12,"Rural","<6mo","Female",6,"(5,50]","Unemployed outside home","None",8,8,8,1,1,1,0,0,1,1,1,1,0,1,1,0,0,0
"1219","1307-1",2024-06-13,"Rural","<6mo","Male",5,"(2,5]","Unemployed outside home","None",3.5,5.5,2.5,0,0,0,0,0,0,0,0,0,0,0,1,0,0,0
"1220","1308-1",2024-06-01,"Rural","<6mo","Female",11,"(5,50]","Unemployed outside home","None",7,9.5,7,1,1,0,0,0,1,1,1,1,0,1,1,1,0,0
"1221","1309-1",2024-06-01,"Rural","<6mo","Female",18,"(5,50]","Unemployed outside home","None",0,0,0,0,0,0,0,0,0,0,0,0,0,0,0,0,0,0
"1222","1310-1",2024-06-01,"Rural","<6mo","Female",5,"(2,5]","Unemployed outside home","None",14,14,14,1,1,1,1,1,1,1,1,1,1,1,1,1,1,0
"1223","1311-1",2024-06-01,"Rural","<6mo","Male",13,"(5,50]","Unemployed outside home","None",11,11,11,1,1,1,1,0,1,1,1,1,1,1,1,1,1,0
"1224","1312-1",2024-06-05,"Rural","6-11mo","Male",9,"(5,50]","Unemployed outside home","None",2,2,2,0,0,0,0,0,0,0,0,0,0,0,0,0,0,0
"1225","1313-1",2024-06-06,"Rural","6-11mo","Female",10,"(5,50]","Unemployed outside home","None",4,4,4,0,0,0,0,0,1,1,0,0,0,0,0,0,0,0
"1226","1314-1",2024-06-07,"Rural","6-11mo","Male",21,"(5,50]","Unemployed outside home","None",2.5,3,2.5,0,0,0,0,0,0,0,0,0,0,0,0,0,0,0
"1227","1315-1",2024-06-07,"Rural","6-11mo","Male",9,"(5,50]","Unemployed outside home","None",1,1,1,0,0,0,0,0,0,0,0,0,0,0,0,0,0,0
"1228","1316-1",2024-06-12,"Urban","<6mo","Male",5,"(2,5]","Unemployed outside home","None",1.5,1.5,1.5,0,0,0,0,0,0,0,0,0,0,0,0,0,0,0
"1229","1317-1",2024-06-12,"Urban","<6mo","Male",7,"(5,50]","Unemployed outside home","None",1.5,1.5,1.5,0,0,0,0,0,0,0,0,0,0,0,0,0,0,0
"1230","1318-1",2024-06-12,"Urban","<6mo","Male",7,"(5,50]","Unemployed outside home","None",1.5,1.5,1.5,0,0,0,0,0,0,0,0,0,0,0,0,0,0,0
"1231","1319-1",2024-06-13,"Urban","<6mo","Female",5,"(2,5]","Unemployed outside home","None",1.5,1.5,1.5,0,0,0,0,0,0,0,0,0,0,0,0,0,0,0
"1232","1320-1",2024-06-13,"Urban","<6mo","Female",4,"(2,5]","Unemployed outside home","None",3,3,3,0,0,0,0,0,0,1,0,0,0,0,0,0,0,0
"1233","1321-1",2024-06-14,"Urban","<6mo","Female",7,"(5,50]","Unemployed outside home","None",0.5,0.5,0.5,0,0,0,0,0,0,0,0,0,0,0,0,0,0,0
"1234","1322-1",2024-06-14,"Urban","6-11mo","Female",7,"(5,50]","Unemployed outside home","None",1,1,1,0,0,0,0,0,0,0,0,0,0,0,0,0,0,0
"1235","5-2",2023-03-14,"Rural",NA,"Female",5,"(2,5]","Unemployed outside home","None",5.5,7.5,5.5,1,1,0,0,0,1,1,1,0,0,1,1,0,0,0
"1236","11-2",2023-03-13,"Urban","<6mo","Female",6,"(5,50]","Unemployed outside home","None",0,0,0,0,0,0,0,0,0,0,0,0,0,0,0,0,0,0
"1237","16-2",2023-03-14,"Urban","<6mo","Female",5,"(2,5]","Unemployed outside home","None",0,0,0,0,0,0,0,0,0,0,0,0,0,0,0,0,0,0
"1238","20-2",2023-03-15,"Urban","1-4y","Female",4,"(2,5]","Unemployed outside home","None",0,1.5,0,0,0,0,0,0,0,0,0,0,0,0,0,0,0,0
"1239","25-2",2023-03-15,"Urban","<6mo","Female",6,"(5,50]","Unemployed outside home","None",0,0,0,0,0,0,0,0,0,0,0,0,0,0,0,0,0,0
"1240","27-2",2023-03-16,"Urban","6-11mo","Female",2,"[0,2]","Unemployed outside home","None",0.5,0.5,0.5,0,0,0,0,0,0,0,0,0,0,0,0,0,0,0
"1241","32-2",2023-03-16,"Urban","<6mo","Male",3,"(2,5]","Unemployed outside home","None",1,2,0,0,0,0,0,0,0,0,0,0,0,0,0,0,0,0
"1242","37-2",2023-03-28,"Urban","6-11mo","Male",5,"(2,5]","Unemployed outside home","None",0,0,0,0,0,0,0,0,0,0,0,0,0,0,0,0,0,0
"1243","43-2",2023-03-15,"Rural","1-4y",NA,9,"(5,50]","Unemployed outside home","None",5.5,6,5,1,1,0,0,0,1,1,0,0,0,0,1,0,0,0
"1244","47-2",2023-03-16,"Rural","1-4y","Male",4,"(2,5]","Unemployed outside home","None",11.5,11.5,11.5,1,1,1,1,0,1,1,1,1,1,1,1,1,1,0
"1245","54-2",2023-03-20,"Rural","1-4y","Male",7,"(5,50]","Unemployed outside home","None",3,3,3,0,0,0,0,0,0,1,0,0,0,0,0,0,0,0
"1246","61-2",2023-04-05,"Rural","1-4y","Female",4,"(2,5]","Unemployed outside home","None",1.5,4,1,0,0,0,0,0,0,0,0,0,0,0,0,0,0,0
"1247","64-2",2023-03-30,"Urban","<6mo","Male",3,"(2,5]","Unemployed outside home","None",0,0,0,0,0,0,0,0,0,0,0,0,0,0,0,0,0,0
"1248","70-2",2023-03-30,"Rural","6-11mo",NA,6,"(5,50]","Unemployed outside home","None",7,7,7,1,1,0,0,0,1,1,1,1,0,1,1,0,0,0
"1249","88-2",2023-04-03,"Urban","<6mo","Female",3,"(2,5]","Unemployed outside home","None",2,2,2,0,0,0,0,0,0,0,0,0,0,0,0,0,0,0
"1250","92-2",2023-04-04,"Urban","1-4y","Male",4,"(2,5]","Unemployed outside home","None",0,0,0,0,0,0,0,0,0,0,0,0,0,0,0,0,0,0
"1251","96-2",2023-04-05,"Urban","1-4y","Female",4,"(2,5]","Unemployed outside home","None",0,0,0,0,0,0,0,0,0,0,0,0,0,0,0,0,0,0
"1252","101-2",2023-04-06,"Urban","<6mo","Female",5,"(2,5]","Unemployed outside home","None",0,0,0,0,0,0,0,0,0,0,0,0,0,0,0,0,0,0
"1253","116-2",2023-04-08,"Urban",NA,"Female",5,"(2,5]","Unemployed outside home","None",0,0,0,0,0,0,0,0,0,0,0,0,0,0,0,0,0,0
"1254","121-2",2023-04-10,"Urban",NA,"Male",5,"(2,5]","Unemployed outside home","None",0,0,0,0,0,0,0,0,0,0,0,0,0,0,0,0,0,0
"1255","125-2",2023-04-07,"Urban","1-4y",NA,3,"(2,5]","Unemployed outside home","None",1,1,1,0,0,0,0,0,0,0,0,0,0,0,0,0,0,0
"1256","131-2",2023-03-31,"Urban","1-4y","Female",4,"(2,5]","Unemployed outside home","None",0.5,0.5,0.5,0,0,0,0,0,0,0,0,0,0,0,0,0,0,0
"1257","163-2",2023-04-07,"Rural","1-4y","Female",6,"(5,50]","Unemployed outside home","None",10,10,10,1,1,1,1,0,1,1,1,1,1,1,1,1,0,0
"1258","166-2",2023-04-10,"Rural","6-11mo","Male",3,"(2,5]","Unemployed outside home","None",4,4,4,0,0,0,0,0,1,1,0,0,0,0,0,0,0,0
"1259","168-2",2023-03-28,"Rural","1-4y","Male",3,"(2,5]","Unemployed outside home","None",8,7.5,7.5,1,1,1,0,0,1,1,1,1,0,1,1,0,0,0
"1260","171-2",2023-04-03,"Rural","6-11mo","Female",3,"(2,5]","Unemployed outside home","None",8,8.5,8,1,1,1,0,0,1,1,1,1,0,1,1,0,0,0
"1261","178-2",2023-04-07,"Rural","<6mo","Male",5,"(2,5]","Unemployed outside home","None",6,6,6,1,1,0,0,0,1,1,1,0,0,0,1,0,0,0
"1262","185-2",2023-04-07,"Rural","1-4y","Male",7,"(5,50]","Unemployed outside home","None",0,0,0,0,0,0,0,0,0,0,0,0,0,0,0,0,0,0
"1263","194-2",2023-05-02,"Urban","6-11mo","Female",5,"(2,5]","Unemployed outside home","None",0,0,0,0,0,0,0,0,0,0,0,0,0,0,0,0,0,0
"1264","198-2",2023-05-02,"Urban","1-4y","Female",4,"(2,5]","Unemployed outside home","None",0,0,0,0,0,0,0,0,0,0,0,0,0,0,0,0,0,0
"1265","202-2",2023-05-02,"Urban","1-4y","Female",4,"(2,5]","Unemployed outside home","None",0.5,1.5,0,0,0,0,0,0,0,0,0,0,0,0,0,0,0,0
"1266","207-2",2023-05-03,"Urban","6-11mo",NA,5,"(2,5]","Unemployed outside home","None",0,1,0,0,0,0,0,0,0,0,0,0,0,0,0,0,0,0
"1267","211-2",2023-05-03,"Urban","6-11mo","Male",4,"(2,5]","Unemployed outside home","None",1,1,1,0,0,0,0,0,0,0,0,0,0,0,0,0,0,0
"1268","217-2",2023-05-02,"Rural","1-4y","Male",6,"(5,50]","Unemployed outside home","None",4,4,4,0,0,0,0,0,1,1,0,0,0,0,0,0,0,0
"1269","224-2",2023-05-03,"Rural","1-4y","Male",7,"(5,50]","Unemployed outside home","None",0,0,0,0,0,0,0,0,0,0,0,0,0,0,0,0,0,0
"1270","227-2",2023-05-04,"Rural","6-11mo","Female",3,"(2,5]","Unemployed outside home","None",6.5,6.5,6.5,1,1,0,0,0,1,1,1,1,0,1,1,0,0,0
"1271","230-2",2023-05-05,"Rural","6-11mo","Male",3,"(2,5]","Unemployed outside home","None",4,5,3,0,0,0,0,0,0,1,0,0,0,0,0,0,0,0
"1272","235-2",2023-05-05,"Rural","1-4y",NA,5,"(2,5]","Unemployed outside home","None",5,5,5,1,1,0,0,0,1,1,0,0,0,0,0,0,0,0
"1273","237-2",2023-05-04,"Rural","5-9y",NA,6,"(5,50]","Unemployed outside home","None",6,6,6,1,1,0,0,0,1,1,1,0,0,0,1,0,0,0
"1274","241-2",2023-05-04,"Rural","5-9y","Male",5,"(2,5]","Unemployed outside home","None",4,4,4,0,0,0,0,0,1,1,0,0,0,0,0,0,0,0
"1275","244-2",2023-05-06,"Rural","6-11mo","Male",3,"(2,5]","Unemployed outside home","None",9,9,9,1,1,1,1,0,1,1,1,1,0,1,1,0,0,0
"1276","247-2",2023-05-09,"Rural","5-9y","Female",3,"(2,5]","Unemployed outside home","None",9,9,1.5,1,1,1,1,0,0,0,0,0,0,1,1,0,0,0
"1277","250-2",2023-05-10,"Rural","1-4y","Female",3,"(2,5]","Unemployed outside home","None",4,4,4,0,0,0,0,0,1,1,0,0,0,0,0,0,0,0
"1278","261-2",2023-05-04,"Urban","6-11mo","Male",2,"[0,2]","Unemployed outside home","None",1.5,1.5,1.5,0,0,0,0,0,0,0,0,0,0,0,0,0,0,0
"1279","320-2",2023-05-04,"Urban","<6mo","Male",8,"(5,50]","Unemployed outside home","None",0.5,0.5,0.5,0,0,0,0,0,0,0,0,0,0,0,0,0,0,0
"1280","327-2",2023-05-05,"Urban","6-11mo","Female",7,"(5,50]","Unemployed outside home","None",0,0,0,0,0,0,0,0,0,0,0,0,0,0,0,0,0,0
"1281","331-2",2023-05-05,"Urban","6-11mo","Female",4,"(2,5]","Unemployed outside home","None",0,0,0,0,0,0,0,0,0,0,0,0,0,0,0,0,0,0
"1282","341-2",2023-05-11,"Urban","1-4y","Female",6,"(5,50]","Unemployed outside home","None",0,0,0,0,0,0,0,0,0,0,0,0,0,0,0,0,0,0
"1283","345-2",2023-05-12,"Urban",NA,"Male",4,"(2,5]","Unemployed outside home","None",0,0,0,0,0,0,0,0,0,0,0,0,0,0,0,0,0,0
"1284","351-2",2023-05-14,"Urban","6-11mo","Female",6,"(5,50]","Unemployed outside home","None",2.5,2.5,1,0,0,0,0,0,0,0,0,0,0,0,0,0,0,0
"1285","356-2",2023-05-16,"Urban","1-4y","Male",5,"(2,5]","Unemployed outside home","None",1,1,1,0,0,0,0,0,0,0,0,0,0,0,0,0,0,0
"1286","360-2",2023-05-16,"Urban","1-4y","Male",4,"(2,5]","Unemployed outside home","None",0,0,0,0,0,0,0,0,0,0,0,0,0,0,0,0,0,0
"1287","361-2",2023-05-06,"Urban","6-11mo","Female",5,"(2,5]","Unemployed outside home","None",0,0,0,0,0,0,0,0,0,0,0,0,0,0,0,0,0,0
"1288","363-2",2023-05-02,"Rural","<6mo","Male",5,"(2,5]","Unemployed outside home","None",3,3.5,2.5,0,0,0,0,0,0,0,0,0,0,0,0,0,0,0
"1289","369-2",2023-05-03,"Rural","<6mo","Female",6,"(5,50]","Unemployed outside home","None",12,12,12,1,1,1,1,1,1,1,1,1,1,1,1,1,1,0
"1290","372-2",2023-05-04,"Rural","<6mo","Male",3,"(2,5]","Unemployed outside home","None",6,6,6,1,1,0,0,0,1,1,1,0,0,0,1,0,0,0
"1291","379-2",2023-05-06,"Rural","<6mo","Female",6,"(5,50]","Unemployed outside home","None",5.5,5.5,5.5,1,1,0,0,0,1,1,1,0,0,0,1,0,0,0
"1292","385-2",2023-05-09,"Rural","1-4y","Female",6,"(5,50]","Unemployed outside home","None",2,2,2,0,0,0,0,0,0,0,0,0,0,0,0,0,0,0
"1293","389-2",2023-05-08,"Rural","<6mo","Male",4,"(2,5]","Unemployed outside home","None",6,6,6,1,1,0,0,0,1,1,1,0,0,0,1,0,0,0
"1294","392-2",2023-05-11,"Rural","<6mo","Female",3,"(2,5]","Unemployed outside home","None",10.5,11.5,10.5,1,1,1,1,0,1,1,1,1,1,1,1,1,1,0
"1295","398-2",2023-05-13,"Rural","<6mo","Male",5,"(2,5]","Unemployed outside home","None",4.5,4.5,4.5,0,1,0,0,0,1,1,0,0,0,0,0,0,0,0
"1296","399-2",2023-04-29,"Rural","<6mo","Female",5,"(2,5]","Unemployed outside home","None",2,2,2,0,0,0,0,0,0,0,0,0,0,0,0,0,0,0
"1297","406-2",2023-07-20,"Urban","<6mo","Male",4,"(2,5]","Unemployed outside home","None",0.5,0.5,0.5,0,0,0,0,0,0,0,0,0,0,0,0,0,0,0
"1298","411-2",2023-07-21,"Urban","<6mo","Male",5,"(2,5]","Unemployed outside home","None",0,0,0,0,0,0,0,0,0,0,0,0,0,0,0,0,0,0
"1299","414-2",2023-07-22,"Urban","6-11mo","Female",3,"(2,5]","Unemployed outside home","None",0,0,0,0,0,0,0,0,0,0,0,0,0,0,0,0,0,0
"1300","417-2",2023-07-24,"Urban","6-11mo","Female",3,"(2,5]","Unemployed outside home","None",1.5,1.5,0,0,0,0,0,0,0,0,0,0,0,0,0,0,0,0
"1301","422-2",2023-08-29,"Rural",NA,"Female",5,"(2,5]","Unemployed outside home","None",0,2,0,0,0,0,0,0,0,0,0,0,0,0,0,0,0,0
"1302","425-2",2023-08-25,"Rural","1-4y","Female",4,"(2,5]","Unemployed outside home","None",9,9,8.5,1,1,1,1,0,1,1,1,1,0,1,1,0,0,0
"1303","433-2",2023-09-02,"Rural","6-11mo","Male",4,"(2,5]","Unemployed outside home","None",5,5,5,1,1,0,0,0,1,1,0,0,0,0,0,0,0,0
"1304","449-2",2024-02-05,"Urban","<6mo","Female",4,"(2,5]","Unemployed outside home","None",4,4,4,0,0,0,0,0,1,1,0,0,0,0,0,0,0,0
"1305","454-2",2024-02-13,"Urban","<6mo","Male",5,"(2,5]","Unemployed outside home","None",3,3,1,0,0,0,0,0,0,0,0,0,0,0,0,0,0,0
"1306","457-2",2024-02-14,"Urban","1-4y","Female",3,"(2,5]","Unemployed outside home","None",4.5,4.5,4.5,0,1,0,0,0,1,1,0,0,0,0,0,0,0,0
"1307","460-2",2024-02-15,"Urban","1-4y","Male",3,"(2,5]","Unemployed outside home","None",4.5,4.5,4.5,0,1,0,0,0,1,1,0,0,0,0,0,0,0,0
"1308","466-2",2024-02-16,"Urban","1-4y","Female",6,"(5,50]","Unemployed outside home","None",3,3,3,0,0,0,0,0,0,1,0,0,0,0,0,0,0,0
"1309","470-2",2024-02-17,"Urban","1-4y","Male",4,"(2,5]","Unemployed outside home","None",3,3,0,0,0,0,0,0,0,0,0,0,0,0,0,0,0,0
"1310","478-2",2024-03-15,"Rural","6-11mo","Male",9,"(5,50]","Unemployed outside home","None",11.5,14.5,11.5,1,1,1,1,0,1,1,1,1,1,1,1,1,1,1
"1311","490-2",2024-03-16,"Rural","<6mo","Female",12,"(5,50]","Unemployed outside home","None",0,0,0,0,0,0,0,0,0,0,0,0,0,0,0,0,0,0
"1312","497-2",2024-03-07,"Rural","1-4y","Female",9,"(5,50]","Unemployed outside home","None",4.5,9,4.5,0,1,0,0,0,1,1,0,0,0,1,1,0,0,0
"1313","513-2",2024-03-18,"Rural","<6mo","Male",22,"(5,50]","Unemployed outside home","None",0,2.5,0,0,0,0,0,0,0,0,0,0,0,0,0,0,0,0
"1314","521-2",2024-03-12,"Rural",NA,"Female",9,"(5,50]","Unemployed outside home","None",0,0,0,0,0,0,0,0,0,0,0,0,0,0,0,0,0,0
"1315","528-2",2024-03-12,"Rural","6-11mo","Male",9,"(5,50]","Unemployed outside home","None",2,2,2,0,0,0,0,0,0,0,0,0,0,0,0,0,0,0
"1316","539-2",2024-03-13,"Rural","1-4y","Male",11,"(5,50]","Unemployed outside home","None",0,0,0,0,0,0,0,0,0,0,0,0,0,0,0,0,0,0
"1317","547-2",2024-03-14,"Rural",NA,NA,9,"(5,50]","Unemployed outside home","None",3,6,3,0,0,0,0,0,0,1,0,0,0,0,1,0,0,0
"1318","548-2",2024-03-15,"Rural","1-4y","Female",3,"(2,5]","Unemployed outside home","None",6,11,1,1,1,0,0,0,0,0,0,0,0,1,1,1,1,0
"1319","552-2",2024-03-15,"Rural","<6mo","Female",4,"(2,5]","Unemployed outside home","None",1,5,0,0,0,0,0,0,0,0,0,0,0,0,0,0,0,0
"1320","560-2",2024-03-19,"Rural","1-4y","Female",14,"(5,50]","Unemployed outside home","None",0,0,0,0,0,0,0,0,0,0,0,0,0,0,0,0,0,0
"1321","600-2",2024-02-22,"Urban","6-11mo","Male",6,"(5,50]","Unemployed outside home","None",2,2,2,0,0,0,0,0,0,0,0,0,0,0,0,0,0,0
"1322","604-2",2024-02-24,"Urban","1-4y","Female",4,"(2,5]","Unemployed outside home","None",4.5,4.5,4.5,0,1,0,0,0,1,1,0,0,0,0,0,0,0,0
"1323","607-2",2024-02-27,"Urban","6-11mo","Female",3,"(2,5]","Unemployed outside home","None",3,3,3,0,0,0,0,0,0,1,0,0,0,0,0,0,0,0
"1324","614-2",2024-02-29,"Urban","6-11mo","Female",7,"(5,50]","Unemployed outside home","None",1,1,1,0,0,0,0,0,0,0,0,0,0,0,0,0,0,0
"1325","619-2",2024-03-04,"Urban","1-4y","Male",5,"(2,5]","Unemployed outside home","None",0,0,0,0,0,0,0,0,0,0,0,0,0,0,0,0,0,0
"1326","625-2",2024-03-06,"Urban","6-11mo","Male",6,"(5,50]","Unemployed outside home","None",2.5,2.5,2.5,0,0,0,0,0,0,0,0,0,0,0,0,0,0,0
"1327","631-2",2024-03-07,"Urban","6-11mo","Male",6,"(5,50]","Unemployed outside home","None",1.5,1.5,1.5,0,0,0,0,0,0,0,0,0,0,0,0,0,0,0
"1328","636-2",2024-03-08,"Urban","6-11mo","Female",5,"(2,5]","Unemployed outside home","None",2.5,2.5,2.5,0,0,0,0,0,0,0,0,0,0,0,0,0,0,0
"1329","644-2",2024-03-13,"Urban","<6mo","Female",3,"(2,5]","Unemployed outside home","None",3,3,3,0,0,0,0,0,0,1,0,0,0,0,0,0,0,0
"1330","654-2",2024-03-19,"Urban","<6mo","Male",3,"(2,5]","Unemployed outside home","None",12,12,7,1,1,1,1,1,1,1,1,1,0,1,1,1,1,0
"1331","662-2",2024-03-20,"Urban","6-11mo","Female",8,"(5,50]","Unemployed outside home","None",2,2,2,0,0,0,0,0,0,0,0,0,0,0,0,0,0,0
"1332","669-2",2024-03-25,"Urban","<6mo","Female",3,"(2,5]","Unemployed outside home","None",5,5,5,1,1,0,0,0,1,1,0,0,0,0,0,0,0,0
"1333","673-2",2024-03-27,"Urban","<6mo","Male",4,"(2,5]","Unemployed outside home","None",3.5,3.5,3.5,0,0,0,0,0,0,1,0,0,0,0,0,0,0,0
"1334","677-2",2024-03-28,"Urban","<6mo","Male",4,"(2,5]","Unemployed outside home","None",5,5,5,1,1,0,0,0,1,1,0,0,0,0,0,0,0,0
"1335","682-2",2024-03-30,"Urban","<6mo","Female",5,"(2,5]","Unemployed outside home","None",3,3,3,0,0,0,0,0,0,1,0,0,0,0,0,0,0,0
"1336","684-2",2024-04-01,"Urban","6-11mo","Male",2,"[0,2]","Unemployed outside home","None",5,5,5,1,1,0,0,0,1,1,0,0,0,0,0,0,0,0
"1337","692-2",2024-04-27,"Urban","6-11mo","Female",5,"(2,5]","Unemployed outside home","None",2,2,2,0,0,0,0,0,0,0,0,0,0,0,0,0,0,0
