"","rec_id","date_participant_enrolled","study_site","participant_age","participant_sex","hh_size","hh_size_cat","occupation","high_educ","avg_daily_nonhh_contacts","avg_daily_indtime_contacts","daily_nonhh_mean_outlier","daily_nonhh_q50_outlier","daily_nonhh_q75_outlier","daily_nonhh_q80_outlier","daily_nonhh_q90_outlier","daily_indtime_mean_outlier","daily_indtime_q50_outlier","daily_indtime_q75_outlier","daily_indtime_q80_outlier","daily_indtime_q90_outlier"
"1","807-1",2022-11-22,"Rural","<6mo","Male",5,"(2,5]","Unemployed outside home","None",1.5,NA,0,0,0,0,0,NA,NA,NA,NA,NA
"2","811-1",2022-11-22,"Urban","6-11mo","Male",12,"(5,50]","Unemployed outside home","None",1,NA,0,0,0,0,0,NA,NA,NA,NA,NA
"3","820-1",2022-11-22,"Rural","<6mo","Male",5,"(2,5]","Unemployed outside home","None",1,NA,0,0,0,0,0,NA,NA,NA,NA,NA
"4","821-1",2022-11-22,"Rural","<6mo","Male",4,"(2,5]","Unemployed outside home","None",2,0,0,0,0,0,0,0,0,0,0,0
"5","827-1",2022-11-24,"Rural","<6mo","Male",7,"(5,50]","Unemployed outside home","None",1.5,NA,0,0,0,0,0,NA,NA,NA,NA,NA
"6","828-1",2022-11-24,"Rural","<6mo","Female",5,"(2,5]","Unemployed outside home","None",2.5,NA,0,0,0,0,0,NA,NA,NA,NA,NA
"7","832-1",2022-11-24,"Rural","<6mo","Female",3,"(2,5]","Unemployed outside home","None",1.5,NA,0,0,0,0,0,NA,NA,NA,NA,NA
"8","860-1",2022-11-24,"Urban","6-11mo","Male",9,"(5,50]","Unemployed outside home","None",1,NA,0,0,0,0,0,NA,NA,NA,NA,NA
"9","862-1",2022-11-24,"Urban","6-11mo","Female",6,"(5,50]","Unemployed outside home","None",1,NA,0,0,0,0,0,NA,NA,NA,NA,NA
"10","863-1",2022-11-24,"Urban","6-11mo","Female",6,"(5,50]","Unemployed outside home","None",1,NA,0,0,0,0,0,NA,NA,NA,NA,NA
"11","877-1",2022-11-26,"Urban","<6mo","Male",5,"(2,5]","Unemployed outside home","None",1.5,NA,0,0,0,0,0,NA,NA,NA,NA,NA
"12","881-1",2022-11-26,"Urban","6-11mo","Female",7,"(5,50]","Unemployed outside home","None",3.5,NA,0,0,0,0,0,NA,NA,NA,NA,NA
"13","888-1",2022-11-28,"Urban","6-11mo","Male",6,"(5,50]","Unemployed outside home","None",1,NA,0,0,0,0,0,NA,NA,NA,NA,NA
"14","889-1",2022-11-28,"Urban","6-11mo","Female",6,"(5,50]","Unemployed outside home","None",2.5,NA,0,0,0,0,0,NA,NA,NA,NA,NA
"15","912-1",2022-11-27,"Urban","<6mo","Female",1,"[0,2]","Unemployed outside home","None",1.5,NA,0,0,0,0,0,NA,NA,NA,NA,NA
"16","923-1",2022-11-27,"Urban","<6mo","Male",6,"(5,50]","Unemployed outside home","None",1,NA,0,0,0,0,0,NA,NA,NA,NA,NA
"17","929-1",2022-11-29,"Urban","6-11mo","Female",4,"(2,5]","Unemployed outside home","None",2.5,NA,0,0,0,0,0,NA,NA,NA,NA,NA
"18","942-1",2022-11-29,"Rural","6-11mo","Female",4,"(2,5]","Unemployed outside home","None",1,NA,0,0,0,0,0,NA,NA,NA,NA,NA
"19","948-1",2022-12-01,"Rural","<6mo","Female",5,"(2,5]","Unemployed outside home","None",3.5,NA,0,0,0,0,0,NA,NA,NA,NA,NA
"20","950-1",2022-12-01,"Rural","<6mo","Female",6,"(5,50]","Unemployed outside home","None",1,NA,0,0,0,0,0,NA,NA,NA,NA,NA
"21","952-1",2022-12-02,"Rural","<6mo","Male",5,"(2,5]","Unemployed outside home","None",1,NA,0,0,0,0,0,NA,NA,NA,NA,NA
"22","958-1",2022-12-03,"Rural","6-11mo","Male",5,"(2,5]","Unemployed outside home","None",1,NA,0,0,0,0,0,NA,NA,NA,NA,NA
"23","967-1",2022-12-05,"Rural","<6mo","Female",5,"(2,5]","Unemployed outside home","None",1.5,NA,0,0,0,0,0,NA,NA,NA,NA,NA
"24","969-1",2022-12-05,"Rural","<6mo","Female",5,"(2,5]","Unemployed outside home","None",4,NA,0,0,0,0,0,NA,NA,NA,NA,NA
"25","972-1",2022-11-29,"Urban","6-11mo","Female",5,"(2,5]","Unemployed outside home","None",3.5,NA,0,0,0,0,0,NA,NA,NA,NA,NA
"26","974-1",2022-11-30,"Urban","6-11mo","Female",3,"(2,5]","Unemployed outside home","None",3.5,0,0,0,0,0,0,0,0,0,0,0
"27","975-1",2022-11-30,"Urban","6-11mo","Male",5,"(2,5]","Unemployed outside home","None",2.5,NA,0,0,0,0,0,NA,NA,NA,NA,NA
"28","976-1",2022-12-02,"Urban","<6mo","Female",1,"[0,2]","Unemployed outside home","None",5.5,NA,1,1,0,0,0,NA,NA,NA,NA,NA
"29","977-1",2022-12-02,"Urban","6-11mo","Female",9,"(5,50]","Unemployed outside home","None",1,NA,0,0,0,0,0,NA,NA,NA,NA,NA
"30","978-1",2022-12-02,"Urban","<6mo","Female",6,"(5,50]","Unemployed outside home","None",4.5,NA,0,1,0,0,0,NA,NA,NA,NA,NA
"31","987-1",2022-11-29,"Urban","6-11mo","Male",5,"(2,5]","Unemployed outside home","None",1.5,NA,0,0,0,0,0,NA,NA,NA,NA,NA
"32","989-1",2022-11-30,"Urban","<6mo","Female",5,"(2,5]","Unemployed outside home","None",1,NA,0,0,0,0,0,NA,NA,NA,NA,NA
"33","991-1",2022-12-01,"Urban","6-11mo","Male",5,"(2,5]","Unemployed outside home","None",3.5,NA,0,0,0,0,0,NA,NA,NA,NA,NA
"34","995-1",2022-12-01,"Urban","6-11mo","Male",1,"[0,2]","Unemployed outside home","None",6.5,NA,1,1,1,0,0,NA,NA,NA,NA,NA
"35","997-1",2022-12-02,"Urban","<6mo","Female",1,"[0,2]","Unemployed outside home","None",1,NA,0,0,0,0,0,NA,NA,NA,NA,NA
"36","1002-1",2022-12-05,"Urban","<6mo","Male",1,"[0,2]","Unemployed outside home","None",5.5,NA,1,1,0,0,0,NA,NA,NA,NA,NA
"37","1003-1",2022-12-06,"Urban","<6mo","Female",1,"[0,2]","Unemployed outside home","None",2.5,NA,0,0,0,0,0,NA,NA,NA,NA,NA
"38","1004-1",2022-12-06,"Rural","<6mo","Male",5,"(2,5]","Unemployed outside home","None",1,NA,0,0,0,0,0,NA,NA,NA,NA,NA
"39","1006-1",2022-12-06,"Rural","6-11mo","Male",6,"(5,50]","Unemployed outside home","None",1,NA,0,0,0,0,0,NA,NA,NA,NA,NA
"40","1011-1",2022-12-06,"Rural","<6mo","Male",1,"[0,2]","Unemployed outside home","None",3,0,0,0,0,0,0,0,0,0,0,0
"41","1015-1",2022-11-30,"Urban","6-11mo","Female",4,"(2,5]","Unemployed outside home","None",1.5,NA,0,0,0,0,0,NA,NA,NA,NA,NA
"42","1017-1",2022-12-01,"Urban","6-11mo","Male",1,"[0,2]","Unemployed outside home","None",4.5,NA,0,1,0,0,0,NA,NA,NA,NA,NA
"43","1019-1",2022-12-01,"Urban","6-11mo","Male",2,"[0,2]","Unemployed outside home","None",2.5,NA,0,0,0,0,0,NA,NA,NA,NA,NA
"44","1039-1",2022-12-01,"Urban","6-11mo","Female",1,"[0,2]","Unemployed outside home","None",3.5,0,0,0,0,0,0,0,0,0,0,0
"45","1049-1",2022-12-07,"Urban","<6mo","Male",6,"(5,50]","Unemployed outside home","None",1,NA,0,0,0,0,0,NA,NA,NA,NA,NA
"46","1052-1",2022-12-06,"Urban","<6mo","Male",1,"[0,2]","Unemployed outside home","None",7.5,NA,1,1,1,1,0,NA,NA,NA,NA,NA
"47","1054-1",2022-12-07,"Rural","6-11mo","Female",9,"(5,50]","Unemployed outside home","None",3.5,NA,0,0,0,0,0,NA,NA,NA,NA,NA
"48","1055-1",2022-12-07,"Rural","6-11mo","Female",6,"(5,50]","Unemployed outside home","None",1,NA,0,0,0,0,0,NA,NA,NA,NA,NA
"49","1056-1",2022-12-08,"Rural","<6mo","Male",5,"(2,5]","Unemployed outside home","None",5,NA,1,1,0,0,0,NA,NA,NA,NA,NA
"50","1058-1",2022-12-07,"Rural","6-11mo","Female",4,"(2,5]","Unemployed outside home","None",1,NA,0,0,0,0,0,NA,NA,NA,NA,NA
"51","1059-1",2022-12-08,"Rural","<6mo","Male",5,"(2,5]","Unemployed outside home","None",2.5,NA,0,0,0,0,0,NA,NA,NA,NA,NA
"52","1073-1",2023-01-03,"Rural","<6mo","Female",1,"[0,2]","Unemployed outside home","None",1,NA,0,0,0,0,0,NA,NA,NA,NA,NA
"53","1074-1",2023-01-03,"Rural","<6mo","Male",1,"[0,2]","Unemployed outside home","None",2,NA,0,0,0,0,0,NA,NA,NA,NA,NA
"54","1075-1",2023-01-03,"Rural","<6mo","Female",1,"[0,2]","Unemployed outside home","None",1.5,0,0,0,0,0,0,0,0,0,0,0
"55","1076-1",2023-01-09,"Urban","6-11mo","Female",1,"[0,2]","Unemployed outside home","None",7.5,NA,1,1,1,1,0,NA,NA,NA,NA,NA
"56","1077-1",2023-01-09,"Urban","6-11mo","Male",1,"[0,2]","Unemployed outside home","None",2.5,NA,0,0,0,0,0,NA,NA,NA,NA,NA
"57","1078-1",2023-01-09,"Urban","6-11mo","Female",1,"[0,2]","Unemployed outside home","None",2.5,NA,0,0,0,0,0,NA,NA,NA,NA,NA
"58","1079-1",2023-01-12,"Urban","6-11mo","Female",6,"(5,50]","Unemployed outside home","None",1.5,NA,0,0,0,0,0,NA,NA,NA,NA,NA
"59","1080-1",2023-01-12,"Urban","6-11mo","Female",1,"[0,2]","Unemployed outside home","None",9.5,NA,1,1,1,1,1,NA,NA,NA,NA,NA
"60","1081-1",2023-01-12,"Rural","6-11mo","Male",1,"[0,2]","Unemployed outside home","None",1.5,NA,0,0,0,0,0,NA,NA,NA,NA,NA
"61","1082-1",2023-01-12,"Rural","6-11mo","Male",1,"[0,2]","Unemployed outside home","None",1,NA,0,0,0,0,0,NA,NA,NA,NA,NA
"62","1083-1",2023-01-13,"Rural","6-11mo","Female",1,"[0,2]","Unemployed outside home","None",2.5,NA,0,0,0,0,0,NA,NA,NA,NA,NA
"63","1084-1",2023-01-13,"Rural","6-11mo","Male",1,"[0,2]","Unemployed outside home","None",1,NA,0,0,0,0,0,NA,NA,NA,NA,NA
"64","1085-1",2023-01-19,"Rural","6-11mo","Male",1,"[0,2]","Unemployed outside home","None",4.5,NA,0,1,0,0,0,NA,NA,NA,NA,NA
"65","1086-1",2023-01-12,"Urban","6-11mo","Male",1,"[0,2]","Unemployed outside home","None",6.5,NA,1,1,1,0,0,NA,NA,NA,NA,NA
"66","1087-1",2023-01-12,"Urban","6-11mo","Male",1,"[0,2]","Unemployed outside home","None",4.5,NA,0,1,0,0,0,NA,NA,NA,NA,NA
"67","1089-1",2023-01-21,"Urban","6-11mo","Female",6,"(5,50]","Unemployed outside home","None",1,NA,0,0,0,0,0,NA,NA,NA,NA,NA
"68","1090-1",2023-01-24,"Rural","6-11mo","Female",1,"[0,2]","Unemployed outside home","None",1.5,NA,0,0,0,0,0,NA,NA,NA,NA,NA
"69","1091-1",2023-01-30,"Rural","6-11mo","Male",1,"[0,2]","Unemployed outside home","None",5.5,NA,1,1,0,0,0,NA,NA,NA,NA,NA
"70","1092-1",2023-01-30,"Rural","6-11mo","Female",1,"[0,2]","Unemployed outside home","None",1,NA,0,0,0,0,0,NA,NA,NA,NA,NA
"71","1093-1",2023-01-27,"Rural","6-11mo","Male",1,"[0,2]","Unemployed outside home","None",2,NA,0,0,0,0,0,NA,NA,NA,NA,NA
"72","1094-1",2023-01-30,"Rural","6-11mo","Male",1,"[0,2]","Unemployed outside home","None",1,NA,0,0,0,0,0,NA,NA,NA,NA,NA
"73","1095-1",2023-01-30,"Rural","6-11mo","Male",1,"[0,2]","Unemployed outside home","None",1.5,NA,0,0,0,0,0,NA,NA,NA,NA,NA
"74","1096-1",2023-01-31,"Rural","6-11mo","Female",1,"[0,2]","Unemployed outside home","None",1.5,0.025,0,0,0,0,0,0,0,0,0,0
"75","1097-1",2023-01-31,"Rural","6-11mo","Female",1,"[0,2]","Unemployed outside home","None",1,NA,0,0,0,0,0,NA,NA,NA,NA,NA
"76","1098-1",2023-01-31,"Rural","6-11mo","Female",1,"[0,2]","Unemployed outside home","None",2.5,2.5,0,0,0,0,0,0,0,0,0,0
"77","1099-1",2023-01-31,"Rural","6-11mo","Male",1,"[0,2]","Unemployed outside home","None",3,4.33333333333333,0,0,0,0,0,0,1,0,0,0
"78","1100-1",2023-01-31,"Rural","6-11mo","Male",1,"[0,2]","Unemployed outside home","None",1.5,1.125,0,0,0,0,0,0,0,0,0,0
"79","1101-1",2023-02-01,"Rural","6-11mo","Male",1,"[0,2]","Unemployed outside home","None",1.5,NA,0,0,0,0,0,NA,NA,NA,NA,NA
"80","1102-1",2023-02-01,"Rural","6-11mo","Female",1,"[0,2]","Unemployed outside home","None",3,1.9,0,0,0,0,0,0,0,0,0,0
"81","1103-1",2023-02-01,"Rural","6-11mo","Female",1,"[0,2]","Unemployed outside home","None",8.5,NA,1,1,1,1,0,NA,NA,NA,NA,NA
"82","1104-1",2023-02-01,"Rural","6-11mo","Female",1,"[0,2]","Unemployed outside home","None",2.5,NA,0,0,0,0,0,NA,NA,NA,NA,NA
"83","1105-1",2023-02-01,"Rural","6-11mo","Female",1,"[0,2]","Unemployed outside home","None",2.5,NA,0,0,0,0,0,NA,NA,NA,NA,NA
"84","1106-1",2023-02-02,"Rural","6-11mo","Female",1,"[0,2]","Unemployed outside home","None",2.5,0.275,0,0,0,0,0,0,0,0,0,0
"85","1107-1",2023-02-02,"Rural","6-11mo","Male",1,"[0,2]","Unemployed outside home","None",2.5,NA,0,0,0,0,0,NA,NA,NA,NA,NA
"86","1108-1",2023-02-03,"Rural","6-11mo","Female",1,"[0,2]","Unemployed outside home","None",1,NA,0,0,0,0,0,NA,NA,NA,NA,NA
"87","1109-1",2023-02-03,"Rural","6-11mo","Female",1,"[0,2]","Unemployed outside home","None",5.5,NA,1,1,0,0,0,NA,NA,NA,NA,NA
"88","1110-1",2023-02-03,"Rural","6-11mo","Female",1,"[0,2]","Unemployed outside home","None",2.5,NA,0,0,0,0,0,NA,NA,NA,NA,NA
"89","17-2",2022-07-12,"Rural","<6mo","Female",5,"(2,5]","Unemployed outside home","None",2.5,6.16666666666667,0,0,0,0,0,1,1,0,0,0
"90","19-2",2022-07-18,"Rural","6-11mo","Male",6,"(5,50]","Unemployed outside home","None",2.5,0,0,0,0,0,0,0,0,0,0,0
"91","24-2",2022-07-19,"Rural","<6mo","Female",5,"(2,5]","Unemployed outside home","None",2.5,0,0,0,0,0,0,0,0,0,0,0
"92","31-2",2022-07-16,"Rural","<6mo","Male",6,"(5,50]","Unemployed outside home","None",1.5,0,0,0,0,0,0,0,0,0,0,0
"93","37-2",2022-07-15,"Rural","<6mo","Female",5,"(2,5]","Unemployed outside home","None",1,NA,0,0,0,0,0,NA,NA,NA,NA,NA
"94","45-2",2022-07-18,"Rural","6-11mo","Female",6,"(5,50]","Unemployed outside home","None",8.5,2.7,1,1,1,1,0,0,0,0,0,0
"95","63-2",2022-07-14,"Rural","<6mo","Male",7,"(5,50]","Unemployed outside home","None",3.5,2.95,0,0,0,0,0,0,0,0,0,0
"96","67-2",2022-07-18,"Rural","<6mo","Male",4,"(2,5]","Unemployed outside home","None",5.5,NA,1,1,0,0,0,NA,NA,NA,NA,NA
"97","70-2",2022-07-19,"Rural","<6mo","Female",4,"(2,5]","Unemployed outside home","None",1,NA,0,0,0,0,0,NA,NA,NA,NA,NA
"98","75-2",2022-07-19,"Rural","<6mo","Male",5,"(2,5]","Unemployed outside home","None",1.5,NA,0,0,0,0,0,NA,NA,NA,NA,NA
"99","84-2",2022-07-15,"Rural","<6mo","Male",6,"(5,50]","Unemployed outside home","None",1,NA,0,0,0,0,0,NA,NA,NA,NA,NA
"100","103-2",2022-07-14,"Urban","<6mo","Female",4,"(2,5]","Unemployed outside home","None",5,0.483333333333333,1,1,0,0,0,0,0,0,0,0
"101","108-2",2022-07-20,"Urban","<6mo","Male",3,"(2,5]","Unemployed outside home","None",7.5,9.66666666666667,1,1,1,1,0,1,1,1,0,0
"102","117-2",2022-07-21,"Urban","<6mo","Male",7,"(5,50]","Unemployed outside home","None",2.5,0.0833333333333333,0,0,0,0,0,0,0,0,0,0
"103","124-2",2022-07-18,"Urban","6-11mo","Male",6,"(5,50]","Unemployed outside home","None",5,NA,1,1,0,0,0,NA,NA,NA,NA,NA
"104","125-2",2022-07-20,"Urban","6-11mo","Male",5,"(2,5]","Unemployed outside home","None",3,NA,0,0,0,0,0,NA,NA,NA,NA,NA
"105","133-2",2022-07-20,"Urban","<6mo","Female",5,"(2,5]","Unemployed outside home","None",3,0,0,0,0,0,0,0,0,0,0,0
"106","138-2",2022-07-21,"Rural","<6mo","Female",5,"(2,5]","Unemployed outside home","None",6.5,NA,1,1,1,0,0,NA,NA,NA,NA,NA
"107","147-2",2022-07-20,"Rural","<6mo","Female",7,"(5,50]","Unemployed outside home","None",2.5,NA,0,0,0,0,0,NA,NA,NA,NA,NA
"108","154-2",2022-07-20,"Urban","<6mo","Male",4,"(2,5]","Unemployed outside home","None",4,NA,0,0,0,0,0,NA,NA,NA,NA,NA
"109","157-2",2022-07-22,"Rural","<6mo","Female",4,"(2,5]","Unemployed outside home","None",1,0,0,0,0,0,0,0,0,0,0,0
"110","161-2",2022-07-27,"Rural","<6mo","Male",8,"(5,50]","Unemployed outside home","None",1,NA,0,0,0,0,0,NA,NA,NA,NA,NA
"111","168-2",2022-08-01,"Urban","6-11mo","Female",4,"(2,5]","Unemployed outside home","None",3.5,10.5,0,0,0,0,0,1,1,1,1,0
"112","172-2",2022-08-01,"Rural","<6mo","Male",6,"(5,50]","Unemployed outside home","None",1.5,NA,0,0,0,0,0,NA,NA,NA,NA,NA
"113","181-2",2022-08-02,"Urban","6-11mo","Male",6,"(5,50]","Unemployed outside home","None",2.5,0,0,0,0,0,0,0,0,0,0,0
"114","186-2",2022-08-02,"Urban","<6mo","Male",4,"(2,5]","Unemployed outside home","None",2,NA,0,0,0,0,0,NA,NA,NA,NA,NA
"115","189-2",2022-08-01,"Rural","<6mo","Female",5,"(2,5]","Unemployed outside home","None",2.5,0.0833333333333333,0,0,0,0,0,0,0,0,0,0
"116","199-2",2022-08-03,"Urban","6-11mo","Male",5,"(2,5]","Unemployed outside home","None",1.5,0,0,0,0,0,0,0,0,0,0,0
"117","207-2",2022-08-05,"Urban","<6mo","Female",5,"(2,5]","Unemployed outside home","None",1.5,0,0,0,0,0,0,0,0,0,0,0
"118","210-2",2022-08-04,"Rural","6-11mo","Male",5,"(2,5]","Unemployed outside home","None",2,NA,0,0,0,0,0,NA,NA,NA,NA,NA
"119","217-2",2022-08-05,"Urban","<6mo","Female",5,"(2,5]","Unemployed outside home","None",2,NA,0,0,0,0,0,NA,NA,NA,NA,NA
"120","234-2",2022-08-09,"Urban","6-11mo","Female",4,"(2,5]","Unemployed outside home","None",5,NA,1,1,0,0,0,NA,NA,NA,NA,NA
"121","237-2",2022-08-10,"Urban","<6mo","Male",3,"(2,5]","Unemployed outside home","None",5,NA,1,1,0,0,0,NA,NA,NA,NA,NA
"122","242-2",2022-08-09,"Rural","<6mo","Male",4,"(2,5]","Unemployed outside home","None",7.5,0,1,1,1,1,0,0,0,0,0,0
"123","246-2",2022-08-11,"Urban","<6mo","Female",4,"(2,5]","Unemployed outside home","None",4.5,0.941666666666667,0,1,0,0,0,0,0,0,0,0
"124","249-2",2022-07-20,"Urban","6-11mo","Female",6,"(5,50]","Unemployed outside home","None",4.5,NA,0,1,0,0,0,NA,NA,NA,NA,NA
"125","254-2",2022-08-12,"Rural","<6mo","Male",5,"(2,5]","Unemployed outside home","None",1.5,NA,0,0,0,0,0,NA,NA,NA,NA,NA
"126","259-2",2022-08-05,"Urban","<6mo","Male",5,"(2,5]","Unemployed outside home","None",2,NA,0,0,0,0,0,NA,NA,NA,NA,NA
"127","263-2",2022-08-16,"Urban","<6mo","Male",6,"(5,50]","Unemployed outside home","None",3,2.75,0,0,0,0,0,0,0,0,0,0
"128","294-2",2022-08-14,"Urban","6-11mo","Male",5,"(2,5]","Unemployed outside home","None",2.5,0,0,0,0,0,0,0,0,0,0,0
"129","319-2",2022-08-16,"Urban","<6mo","Female",5,"(2,5]","Unemployed outside home","None",4,NA,0,0,0,0,0,NA,NA,NA,NA,NA
"130","321-2",2022-08-19,"Urban","<6mo","Female",6,"(5,50]","Unemployed outside home","None",2,NA,0,0,0,0,0,NA,NA,NA,NA,NA
"131","322-2",2022-08-19,"Rural","<6mo","Male",7,"(5,50]","Unemployed outside home","None",5,0.433333333333333,1,1,0,0,0,0,0,0,0,0
"132","334-2",2022-08-21,"Urban","<6mo","Male",5,"(2,5]","Unemployed outside home","None",3.5,0,0,0,0,0,0,0,0,0,0,0
"133","352-2",2022-08-23,"Urban","<6mo","Male",4,"(2,5]","Unemployed outside home","None",4.5,0.383333333333333,0,1,0,0,0,0,0,0,0,0
"134","356-2",2022-08-25,"Urban","<6mo","Male",5,"(2,5]","Unemployed outside home","None",3,0.833333333333333,0,0,0,0,0,0,0,0,0,0
"135","360-2",2022-08-26,"Rural","<6mo","Male",3,"(2,5]","Unemployed outside home","None",3.5,NA,0,0,0,0,0,NA,NA,NA,NA,NA
"136","363-2",2022-08-25,"Urban","<6mo","Female",6,"(5,50]","Unemployed outside home","None",1.5,0,0,0,0,0,0,0,0,0,0,0
"137","372-2",2022-08-28,"Urban","<6mo","Male",5,"(2,5]","Unemployed outside home","None",1,NA,0,0,0,0,0,NA,NA,NA,NA,NA
"138","384-2",2022-09-02,"Rural","6-11mo","Female",5,"(2,5]","Unemployed outside home","None",2.5,0.85,0,0,0,0,0,0,0,0,0,0
"139","388-2",2022-09-02,"Rural","<6mo","Female",4,"(2,5]","Unemployed outside home","None",1,NA,0,0,0,0,0,NA,NA,NA,NA,NA
"140","400-2",2022-09-07,"Urban","6-11mo","Male",4,"(2,5]","Unemployed outside home","None",5.5,1.28333333333333,1,1,0,0,0,0,0,0,0,0
"141","408-2",2022-09-13,"Rural","6-11mo","Female",6,"(5,50]","Unemployed outside home","None",1.5,0.0833333333333333,0,0,0,0,0,0,0,0,0,0
"142","414-2",2022-09-09,"Urban","<6mo","Female",3,"(2,5]","Unemployed outside home","None",4.5,NA,0,1,0,0,0,NA,NA,NA,NA,NA
"143","420-2",2022-08-22,"Rural","6-11mo","Male",4,"(2,5]","Unemployed outside home","None",1.5,NA,0,0,0,0,0,NA,NA,NA,NA,NA
"144","421-2",2022-08-22,"Rural","<6mo","Male",7,"(5,50]","Unemployed outside home","None",1,NA,0,0,0,0,0,NA,NA,NA,NA,NA
"145","423-2",2022-09-20,"Rural","6-11mo","Female",5,"(2,5]","Unemployed outside home","None",2.5,NA,0,0,0,0,0,NA,NA,NA,NA,NA
"146","436-2",2022-09-14,"Urban","6-11mo","Female",4,"(2,5]","Unemployed outside home","None",4,NA,0,0,0,0,0,NA,NA,NA,NA,NA
"147","438-2",2022-09-14,"Urban","6-11mo","Male",4,"(2,5]","Unemployed outside home","None",5.5,NA,1,1,0,0,0,NA,NA,NA,NA,NA
"148","441-2",2022-09-18,"Urban","6-11mo","Male",3,"(2,5]","Unemployed outside home","None",6.5,0,1,1,1,0,0,0,0,0,0,0
"149","452-2",2022-09-18,"Urban","<6mo","Female",6,"(5,50]","Unemployed outside home","None",1.5,NA,0,0,0,0,0,NA,NA,NA,NA,NA
"150","457-2",2022-09-21,"Urban","<6mo","Female",6,"(5,50]","Unemployed outside home","None",3.5,0,0,0,0,0,0,0,0,0,0,0
"151","464-2",2022-09-23,"Rural","<6mo","Female",5,"(2,5]","Unemployed outside home","None",2.5,3.44166666666667,0,0,0,0,0,0,1,0,0,0
"152","475-2",2022-09-27,"Rural","<6mo","Female",4,"(2,5]","Unemployed outside home","None",2,0,0,0,0,0,0,0,0,0,0,0
"153","481-2",2022-10-03,"Rural","<6mo","Male",4,"(2,5]","Unemployed outside home","None",4.5,NA,0,1,0,0,0,NA,NA,NA,NA,NA
"154","485-2",2022-10-04,"Rural","<6mo","Female",4,"(2,5]","Unemployed outside home","None",6,NA,1,1,0,0,0,NA,NA,NA,NA,NA
"155","489-2",2022-10-04,"Urban","6-11mo","Female",5,"(2,5]","Unemployed outside home","None",3.5,0.566666666666667,0,0,0,0,0,0,0,0,0,0
"156","494-2",2022-10-02,"Urban","<6mo","Female",4,"(2,5]","Unemployed outside home","None",1,NA,0,0,0,0,0,NA,NA,NA,NA,NA
"157","498-2",2022-10-03,"Urban","6-11mo","Female",4,"(2,5]","Unemployed outside home","None",5,0.383333333333333,1,1,0,0,0,0,0,0,0,0
"158","502-2",2022-10-04,"Urban","6-11mo","Female",4,"(2,5]","Unemployed outside home","None",5.5,NA,1,1,0,0,0,NA,NA,NA,NA,NA
"159","519-2",2022-10-06,"Urban","6-11mo","Female",4,"(2,5]","Unemployed outside home","None",12,0.166666666666667,1,1,1,1,1,0,0,0,0,0
"160","522-2",2022-10-07,"Rural","6-11mo","Male",5,"(2,5]","Unemployed outside home","None",5.5,0.175,1,1,0,0,0,0,0,0,0,0
"161","526-2",2022-10-05,"Urban","6-11mo","Male",4,"(2,5]","Unemployed outside home","None",3.5,0,0,0,0,0,0,0,0,0,0,0
"162","533-2",2022-10-10,"Rural","<6mo","Male",6,"(5,50]","Unemployed outside home","None",3.5,0,0,0,0,0,0,0,0,0,0,0
"163","538-2",2022-10-08,"Urban","<6mo","Female",5,"(2,5]","Unemployed outside home","None",4.5,0.0833333333333333,0,1,0,0,0,0,0,0,0,0
"164","546-2",2022-08-25,"Rural","<6mo","Female",5,"(2,5]","Unemployed outside home","None",1.5,NA,0,0,0,0,0,NA,NA,NA,NA,NA
"165","564-2",2022-10-12,"Urban","<6mo","Female",4,"(2,5]","Unemployed outside home","None",4,NA,0,0,0,0,0,NA,NA,NA,NA,NA
"166","568-2",2022-09-10,"Rural","<6mo","Female",6,"(5,50]","Unemployed outside home","None",1,NA,0,0,0,0,0,NA,NA,NA,NA,NA
"167","574-2",2022-09-03,"Rural","6-11mo","Male",3,"(2,5]","Unemployed outside home","None",4.5,0.375,0,1,0,0,0,0,0,0,0,0
"168","577-2",2022-08-24,"Rural","6-11mo","Female",6,"(5,50]","Unemployed outside home","None",3.5,0,0,0,0,0,0,0,0,0,0,0
"169","588-2",2022-09-01,"Rural","<6mo","Male",5,"(2,5]","Unemployed outside home","None",2.5,NA,0,0,0,0,0,NA,NA,NA,NA,NA
"170","593-2",2022-09-20,"Rural","6-11mo","Male",7,"(5,50]","Unemployed outside home","None",1,6,0,0,0,0,0,1,1,0,0,0
"171","599-2",2022-12-19,"Rural","6-11mo","Female",5,"(2,5]","Unemployed outside home","None",3,0.025,0,0,0,0,0,0,0,0,0,0
"172","603-2",2022-12-20,"Rural","<6mo","Male",6,"(5,50]","Unemployed outside home","None",3,NA,0,0,0,0,0,NA,NA,NA,NA,NA
"173","608-2",2022-12-22,"Rural","6-11mo","Male",6,"(5,50]","Unemployed outside home","None",5,0,1,1,0,0,0,0,0,0,0,0
"174","613-2",2022-12-22,"Rural","<6mo","Male",5,"(2,5]","Unemployed outside home","None",1.5,0,0,0,0,0,0,0,0,0,0,0
"175","617-2",2022-12-31,"Urban","6-11mo","Male",6,"(5,50]","Unemployed outside home","None",1.5,NA,0,0,0,0,0,NA,NA,NA,NA,NA
"176","618-2",2023-01-02,"Urban","6-11mo","Female",5,"(2,5]","Unemployed outside home","None",1.5,NA,0,0,0,0,0,NA,NA,NA,NA,NA
"177","619-2",2023-01-03,"Urban","6-11mo","Female",4,"(2,5]","Unemployed outside home","None",1,NA,0,0,0,0,0,NA,NA,NA,NA,NA
"178","621-2",2022-12-27,"Rural","6-11mo","Female",4,"(2,5]","Unemployed outside home","None",7.5,7.73333333333333,1,1,1,1,0,1,1,0,0,0
"179","624-2",2022-12-28,"Rural","6-11mo","Female",5,"(2,5]","Unemployed outside home","None",2.5,NA,0,0,0,0,0,NA,NA,NA,NA,NA
"180","628-2",2022-12-29,"Rural","<6mo","Male",5,"(2,5]","Unemployed outside home","None",3,NA,0,0,0,0,0,NA,NA,NA,NA,NA
"181","633-2",2022-12-29,"Rural","<6mo","Male",5,"(2,5]","Unemployed outside home","None",5,NA,1,1,0,0,0,NA,NA,NA,NA,NA
"182","637-2",2022-12-30,"Rural","<6mo","Female",4,"(2,5]","Unemployed outside home","None",5,0,1,1,0,0,0,0,0,0,0,0
"183","640-2",2022-12-30,"Rural","<6mo","Female",5,"(2,5]","Unemployed outside home","None",3,0,0,0,0,0,0,0,0,0,0,0
"184","645-2",2022-12-31,"Rural","<6mo","Male",4,"(2,5]","Unemployed outside home","None",2,0,0,0,0,0,0,0,0,0,0,0
"185","649-2",2023-01-02,"Rural","<6mo","Female",5,"(2,5]","Unemployed outside home","None",2.5,NA,0,0,0,0,0,NA,NA,NA,NA,NA
"186","653-2",2022-12-31,"Rural","<6mo","Male",6,"(5,50]","Unemployed outside home","None",3,0.191666666666667,0,0,0,0,0,0,0,0,0,0
"187","659-2",2023-01-02,"Rural","6-11mo","Male",4,"(2,5]","Unemployed outside home","None",2.5,0.191666666666667,0,0,0,0,0,0,0,0,0,0
"188","663-2",2023-01-02,"Rural","<6mo","Female",4,"(2,5]","Unemployed outside home","None",4.5,7.00833333333333,0,1,0,0,0,1,1,0,0,0
"189","666-2",2023-01-03,"Rural","<6mo","Male",5,"(2,5]","Unemployed outside home","None",2.5,NA,0,0,0,0,0,NA,NA,NA,NA,NA
"190","675-2",2022-12-30,"Urban","<6mo","Male",5,"(2,5]","Unemployed outside home","None",1.5,NA,0,0,0,0,0,NA,NA,NA,NA,NA
"191","679-2",2022-12-30,"Urban","6-11mo","Female",5,"(2,5]","Unemployed outside home","None",2.5,NA,0,0,0,0,0,NA,NA,NA,NA,NA
"192","683-2",2022-12-31,"Urban","<6mo","Male",3,"(2,5]","Unemployed outside home","None",3.5,NA,0,0,0,0,0,NA,NA,NA,NA,NA
"193","685-2",2022-12-31,"Urban","<6mo","Male",4,"(2,5]","Unemployed outside home","None",4.5,NA,0,1,0,0,0,NA,NA,NA,NA,NA
"194","688-2",2023-01-02,"Urban","6-11mo","Female",4,"(2,5]","Unemployed outside home","None",4.5,NA,0,1,0,0,0,NA,NA,NA,NA,NA
"195","691-2",2023-01-03,"Urban","<6mo","Male",4,"(2,5]","Unemployed outside home","None",5.5,NA,1,1,0,0,0,NA,NA,NA,NA,NA
"196","697-2",2022-12-28,"Urban","6-11mo","Female",3,"(2,5]","Unemployed outside home","None",5.5,NA,1,1,0,0,0,NA,NA,NA,NA,NA
"197","700-2",2022-12-30,"Urban","6-11mo","Male",3,"(2,5]","Unemployed outside home","None",4.5,NA,0,1,0,0,0,NA,NA,NA,NA,NA
"198","703-2",2022-12-30,"Urban","<6mo","Male",5,"(2,5]","Unemployed outside home","None",1,NA,0,0,0,0,0,NA,NA,NA,NA,NA
"199","708-2",2022-12-31,"Urban","<6mo","Male",5,"(2,5]","Unemployed outside home","None",4.5,NA,0,1,0,0,0,NA,NA,NA,NA,NA
"200","725-2",2023-01-04,"Urban","<6mo","Female",5,"(2,5]","Unemployed outside home","None",1,NA,0,0,0,0,0,NA,NA,NA,NA,NA
"201","729-2",2023-01-04,"Urban","<6mo","Female",6,"(5,50]","Unemployed outside home","None",1,NA,0,0,0,0,0,NA,NA,NA,NA,NA
"202","734-2",2023-01-04,"Urban","<6mo","Male",4,"(2,5]","Unemployed outside home","None",1,NA,0,0,0,0,0,NA,NA,NA,NA,NA
"203","737-2",2022-12-30,"Urban","<6mo","Female",3,"(2,5]","Unemployed outside home","None",3.5,NA,0,0,0,0,0,NA,NA,NA,NA,NA
"204","738-2",2022-12-31,"Urban","<6mo","Male",4,"(2,5]","Unemployed outside home","None",3.5,NA,0,0,0,0,0,NA,NA,NA,NA,NA
"205","741-2",2023-01-02,"Urban","<6mo","Male",4,"(2,5]","Unemployed outside home","None",3.5,NA,0,0,0,0,0,NA,NA,NA,NA,NA
"206","744-2",2023-01-03,"Urban","6-11mo","Male",4,"(2,5]","Unemployed outside home","None",5.5,NA,1,1,0,0,0,NA,NA,NA,NA,NA
"207","747-2",2023-01-03,"Urban","<6mo","Female",4,"(2,5]","Unemployed outside home","None",5.5,NA,1,1,0,0,0,NA,NA,NA,NA,NA
"208","751-2",2022-12-30,"Urban","<6mo","Female",5,"(2,5]","Unemployed outside home","None",1,NA,0,0,0,0,0,NA,NA,NA,NA,NA
"209","755-2",2022-12-31,"Urban","6-11mo","Male",4,"(2,5]","Unemployed outside home","None",2.5,NA,0,0,0,0,0,NA,NA,NA,NA,NA
"210","761-2",2023-01-04,"Urban","<6mo","Female",4,"(2,5]","Unemployed outside home","None",2.5,NA,0,0,0,0,0,NA,NA,NA,NA,NA
"211","764-2",2023-01-05,"Urban","6-11mo","Male",4,"(2,5]","Unemployed outside home","None",2.5,NA,0,0,0,0,0,NA,NA,NA,NA,NA
"212","767-2",2023-01-09,"Rural","6-11mo","Female",4,"(2,5]","Unemployed outside home","None",4.5,NA,0,1,0,0,0,NA,NA,NA,NA,NA
"213","770-2",2023-01-10,"Rural","6-11mo","Male",4,"(2,5]","Unemployed outside home","None",3,NA,0,0,0,0,0,NA,NA,NA,NA,NA
"214","773-2",2023-01-10,"Rural","6-11mo","Male",4,"(2,5]","Unemployed outside home","None",2.5,NA,0,0,0,0,0,NA,NA,NA,NA,NA
"215","776-2",2023-01-09,"Rural","6-11mo","Female",6,"(5,50]","Unemployed outside home","None",1,NA,0,0,0,0,0,NA,NA,NA,NA,NA
"216","781-2",2023-01-09,"Rural","6-11mo","Female",4,"(2,5]","Unemployed outside home","None",6,0,1,1,0,0,0,0,0,0,0,0
"217","784-2",2023-01-10,"Rural","6-11mo","Male",3,"(2,5]","Unemployed outside home","None",4.5,NA,0,1,0,0,0,NA,NA,NA,NA,NA
"218","787-2",2023-01-20,"Urban","6-11mo","Male",4,"(2,5]","Unemployed outside home","None",2,NA,0,0,0,0,0,NA,NA,NA,NA,NA
"219","790-2",2023-01-04,"Urban","<6mo","Female",3,"(2,5]","Unemployed outside home","None",7.5,NA,1,1,1,1,0,NA,NA,NA,NA,NA
"220","792-2",2023-01-04,"Urban","<6mo","Female",3,"(2,5]","Unemployed outside home","None",4.5,NA,0,1,0,0,0,NA,NA,NA,NA,NA
"221","794-2",2023-01-04,"Urban","<6mo","Female",3,"(2,5]","Unemployed outside home","None",4.5,NA,0,1,0,0,0,NA,NA,NA,NA,NA
"222","797-2",2023-01-05,"Urban","<6mo","Female",5,"(2,5]","Unemployed outside home","None",3.5,NA,0,0,0,0,0,NA,NA,NA,NA,NA
"223","1-1",2022-07-25,"Urban","60+y","Female",4,"(2,5]","Unemployed outside home","Secondary school",6.5,0.491666666666667,1,1,1,0,0,0,0,0,0,0
"224","2-1",2022-08-02,"Urban","60+y","Female",7,"(5,50]","Unemployed outside home","None",4.5,NA,0,1,0,0,0,NA,NA,NA,NA,NA
"225","3-1",2022-08-02,"Urban","60+y","Male",4,"(2,5]","Semiskilled / skilled labor","Secondary school",4,NA,0,0,0,0,0,NA,NA,NA,NA,NA
"226","4-1",2022-08-03,"Urban","60+y","Female",4,"(2,5]","Unemployed outside home","None",1,NA,0,0,0,0,0,NA,NA,NA,NA,NA
"227","5-1",2022-08-04,"Urban","60+y","Male",4,"(2,5]","Unemployed outside home","Secondary school",1.5,NA,0,0,0,0,0,NA,NA,NA,NA,NA
"228","6-1",2022-08-04,"Urban","60+y","Male",3,"(2,5]","Unemployed outside home","Secondary school",4,NA,0,0,0,0,0,NA,NA,NA,NA,NA
"229","7-1",2022-08-05,"Urban","60+y","Female",5,"(2,5]","Unemployed outside home","None",16,3.45,1,1,1,1,1,0,1,0,0,0
"230","8-1",2022-08-05,"Urban","60+y","Female",2,"[0,2]","Unemployed outside home","None",3,0.825,0,0,0,0,0,0,0,0,0,0
"231","9-1",2022-08-05,"Urban","60+y","Male",2,"[0,2]","Unemployed outside home","None",2,0.275,0,0,0,0,0,0,0,0,0,0
"232","10-1",2022-08-06,"Urban","60+y","Male",4,"(2,5]","Unemployed outside home","None",6,12.225,1,1,0,0,0,1,1,1,1,0
"233","11-1",2022-08-07,"Urban","60+y","Male",5,"(2,5]","Semiskilled / skilled labor","None",8.5,2.575,1,1,1,1,0,0,0,0,0,0
"234","12-1",2022-08-07,"Urban","60+y","Female",2,"[0,2]","Unemployed outside home","None",5,NA,1,1,0,0,0,NA,NA,NA,NA,NA
"235","13-1",2022-08-08,"Urban","60+y","Female",5,"(2,5]","Unemployed outside home","Secondary school",2.5,0,0,0,0,0,0,0,0,0,0,0
"236","14-1",2022-08-08,"Urban","60+y","Male",3,"(2,5]","Semiskilled / skilled labor","Secondary school",15.5,2.28333333333333,1,1,1,1,1,0,0,0,0,0
"237","15-1",2022-08-08,"Urban","60+y","Female",5,"(2,5]","Unemployed outside home","None",3,3.33333333333333,0,0,0,0,0,0,1,0,0,0
"238","16-1",2022-08-09,"Urban","60+y","Male",2,"[0,2]","Unemployed outside home","Secondary school",6.5,2.00833333333333,1,1,1,0,0,0,0,0,0,0
"239","17-1",2022-08-11,"Rural","60+y","Female",6,"(5,50]","Unemployed outside home","None",2,NA,0,0,0,0,0,NA,NA,NA,NA,NA
"240","18-1",2022-08-11,"Rural","60+y","Female",5,"(2,5]","Unemployed outside home","None",5,12.5,1,1,0,0,0,1,1,1,1,0
"241","19-1",2022-08-11,"Rural","60+y","Female",5,"(2,5]","Unemployed outside home","None",5,0.833333333333333,1,1,0,0,0,0,0,0,0,0
"242","20-1",2022-08-12,"Rural","40-59y","Female",1,"[0,2]","Unemployed outside home","None",4.5,7.01666666666667,0,1,0,0,0,1,1,0,0,0
"243","21-1",2022-08-12,"Rural","60+y","Female",3,"(2,5]","Unemployed outside home","None",5.5,13.75,1,1,0,0,0,1,1,1,1,0
"244","22-1",2022-08-12,"Rural","60+y","Male",7,"(5,50]","Semiskilled / skilled labor","Primary school",2,NA,0,0,0,0,0,NA,NA,NA,NA,NA
"245","23-1",2022-08-13,"Rural","60+y","Female",5,"(2,5]","Unemployed outside home","None",4.5,1.61666666666667,0,1,0,0,0,0,0,0,0,0
"246","24-1",2022-08-10,"Urban","60+y","Female",5,"(2,5]","Unemployed outside home","None",2.5,5.375,0,0,0,0,0,0,1,0,0,0
"247","25-1",2022-08-11,"Urban","60+y","Female",9,"(5,50]","Unemployed outside home","None",1,NA,0,0,0,0,0,NA,NA,NA,NA,NA
"248","26-1",2022-08-13,"Urban","60+y","Male",5,"(2,5]","Unemployed outside home","Some college or higher",3,0.791666666666667,0,0,0,0,0,0,0,0,0,0
"249","27-1",2022-08-13,"Urban","60+y","Female",5,"(2,5]","Unemployed outside home","None",5,NA,1,1,0,0,0,NA,NA,NA,NA,NA
"250","28-1",2022-08-14,"Urban","60+y","Female",2,"[0,2]","Unemployed outside home","Primary school",4,0.908333333333333,0,0,0,0,0,0,0,0,0,0
"251","29-1",2022-08-14,"Urban","60+y","Female",1,"[0,2]","Unemployed outside home","None",7,6.28333333333333,1,1,1,1,0,1,1,0,0,0
"252","30-1",2022-08-14,"Urban","60+y","Male",2,"[0,2]","Unemployed outside home","Secondary school",8.5,1,1,1,1,1,0,0,0,0,0,0
"253","31-1",2022-08-17,"Rural","40-59y","Male",4,"(2,5]","Semiskilled / skilled labor","Primary school",3,NA,0,0,0,0,0,NA,NA,NA,NA,NA
"254","32-1",2022-08-17,"Rural","60+y","Male",4,"(2,5]","Unemployed outside home","None",3.5,1.96666666666667,0,0,0,0,0,0,0,0,0,0
"255","33-1",2022-08-17,"Rural","60+y","Male",3,"(2,5]","Unemployed outside home","None",1.5,NA,0,0,0,0,0,NA,NA,NA,NA,NA
"256","34-1",2022-08-17,"Urban","60+y","Female",2,"[0,2]","Unemployed outside home","None",6.5,0,1,1,1,0,0,0,0,0,0,0
"257","35-1",2022-08-18,"Rural","40-59y","Female",5,"(2,5]","Unemployed outside home","None",3,0.958333333333333,0,0,0,0,0,0,0,0,0,0
"258","36-1",2022-08-18,"Rural","60+y","Female",3,"(2,5]","Unemployed outside home","Primary school",1,NA,0,0,0,0,0,NA,NA,NA,NA,NA
"259","37-1",2022-08-18,"Rural","60+y","Male",6,"(5,50]","Unemployed outside home","Secondary school",1.5,NA,0,0,0,0,0,NA,NA,NA,NA,NA
"260","38-1",2022-08-19,"Rural","60+y","Female",4,"(2,5]","Unemployed outside home","None",4,NA,0,0,0,0,0,NA,NA,NA,NA,NA
"261","39-1",2022-08-19,"Rural","60+y","Male",2,"[0,2]","Semiskilled / skilled labor","Primary school",3,NA,0,0,0,0,0,NA,NA,NA,NA,NA
"262","40-1",2022-08-19,"Rural","60+y","Female",2,"[0,2]","Unemployed outside home","Primary school",1,NA,0,0,0,0,0,NA,NA,NA,NA,NA
"263","41-1",2022-08-19,"Rural","60+y","Female",1,"[0,2]","Unemployed outside home","None",1.5,0,0,0,0,0,0,0,0,0,0,0
"264","42-1",2022-08-23,"Rural","60+y","Female",2,"[0,2]","Unemployed outside home","Primary school",4,0.666666666666667,0,0,0,0,0,0,0,0,0,0
"265","43-1",2022-08-23,"Rural","60+y","Male",2,"[0,2]","Unemployed outside home","Primary school",4.5,NA,0,1,0,0,0,NA,NA,NA,NA,NA
"266","44-1",2022-08-24,"Rural","60+y","Female",5,"(2,5]","Unemployed outside home","Secondary school",6,0.883333333333333,1,1,0,0,0,0,0,0,0,0
"267","45-1",2022-08-24,"Rural","60+y","Female",6,"(5,50]","Unemployed outside home","None",2.5,NA,0,0,0,0,0,NA,NA,NA,NA,NA
"268","46-1",2022-08-25,"Rural","60+y","Female",5,"(2,5]","Unemployed outside home","None",3.5,0.333333333333333,0,0,0,0,0,0,0,0,0,0
"269","47-1",2022-08-25,"Rural","60+y","Female",5,"(2,5]","Unemployed outside home","None",1,NA,0,0,0,0,0,NA,NA,NA,NA,NA
"270","48-1",2022-08-25,"Rural","60+y","Female",1,"[0,2]","Unemployed outside home","None",3,NA,0,0,0,0,0,NA,NA,NA,NA,NA
"271","49-1",2022-08-25,"Rural","60+y","Female",1,"[0,2]","Unemployed outside home","None",3.5,NA,0,0,0,0,0,NA,NA,NA,NA,NA
"272","50-1",2022-08-26,"Rural","60+y","Female",5,"(2,5]","Unemployed outside home","Primary school",4,0.491666666666667,0,0,0,0,0,0,0,0,0,0
"273","51-1",2022-08-26,"Rural","60+y","Male",2,"[0,2]","Semiskilled / skilled labor","Primary school",1,NA,0,0,0,0,0,NA,NA,NA,NA,NA
"274","52-1",2022-08-26,"Rural","60+y","Male",4,"(2,5]","Unemployed outside home","Secondary school",1,0.0833333333333333,0,0,0,0,0,0,0,0,0,0
"275","53-1",2022-08-27,"Rural","60+y","Male",6,"(5,50]","Unemployed outside home","Secondary school",3.5,NA,0,0,0,0,0,NA,NA,NA,NA,NA
"276","54-1",2022-08-29,"Rural","60+y","Female",7,"(5,50]","Unemployed outside home","Primary school",1,NA,0,0,0,0,0,NA,NA,NA,NA,NA
"277","55-1",2022-08-30,"Rural","40-59y","Female",5,"(2,5]","Unemployed outside home","None",1,NA,0,0,0,0,0,NA,NA,NA,NA,NA
"278","56-1",2022-08-18,"Urban","60+y","Male",3,"(2,5]","Unemployed outside home","None",4.5,7.50833333333333,0,1,0,0,0,1,1,0,0,0
"279","57-1",2022-08-18,"Urban","60+y","Male",2,"[0,2]","Unemployed outside home","Secondary school",4,2.88333333333333,0,0,0,0,0,0,0,0,0,0
"280","58-1",2022-08-23,"Urban","60+y","Female",2,"[0,2]","Unemployed outside home","None",2,0.133333333333333,0,0,0,0,0,0,0,0,0,0
"281","59-1",2022-08-23,"Urban","60+y","Female",1,"[0,2]","Unemployed outside home","Secondary school",4.5,0,0,1,0,0,0,0,0,0,0,0
"282","60-1",2022-08-23,"Urban","60+y","Female",2,"[0,2]","Unemployed outside home","None",2,0,0,0,0,0,0,0,0,0,0,0
"283","61-1",2022-08-23,"Urban","60+y","Female",7,"(5,50]","Unemployed outside home","None",1.5,0,0,0,0,0,0,0,0,0,0,0
"284","62-1",2022-08-23,"Urban","60+y","Female",2,"[0,2]","Unemployed outside home","None",1.5,0,0,0,0,0,0,0,0,0,0,0
"285","63-1",2022-08-25,"Urban","60+y","Male",3,"(2,5]","Unemployed outside home","Secondary school",1,NA,0,0,0,0,0,NA,NA,NA,NA,NA
"286","64-1",2022-08-26,"Urban","60+y","Male",2,"[0,2]","Semiskilled / skilled labor","Primary school",3.5,0.633333333333333,0,0,0,0,0,0,0,0,0,0
"287","65-1",2022-08-19,"Urban","60+y","Female",1,"[0,2]","Unemployed outside home","Primary school",5.5,0,1,1,0,0,0,0,0,0,0,0
"288","66-1",2022-09-01,"Rural","60+y","Male",2,"[0,2]","Unemployed outside home","Secondary school",4.5,2.64166666666667,0,1,0,0,0,0,0,0,0,0
"289","67-1",2022-09-02,"Rural","60+y","Male",3,"(2,5]","Unemployed outside home","Primary school",1,NA,0,0,0,0,0,NA,NA,NA,NA,NA
"290","68-1",2022-09-02,"Rural","60+y","Female",4,"(2,5]","Unemployed outside home","None",1,NA,0,0,0,0,0,NA,NA,NA,NA,NA
"291","69-1",2022-09-02,"Rural","60+y","Female",4,"(2,5]","Unemployed outside home","None",1,NA,0,0,0,0,0,NA,NA,NA,NA,NA
"292","70-1",2022-09-03,"Rural","40-59y","Male",3,"(2,5]","Semiskilled / skilled labor","Secondary school",3.5,0.583333333333333,0,0,0,0,0,0,0,0,0,0
"293","71-1",2022-09-05,"Rural","30-39y","Male",3,"(2,5]","Unemployed outside home","Some college or higher",3,0.5,0,0,0,0,0,0,0,0,0,0
"294","72-1",2022-09-06,"Rural","30-39y","Female",4,"(2,5]","Unemployed outside home","Secondary school",3,0.5,0,0,0,0,0,0,0,0,0,0
"295","73-1",2022-09-01,"Urban","40-59y","Female",2,"[0,2]","Unemployed outside home","None",3,0.191666666666667,0,0,0,0,0,0,0,0,0,0
"296","74-1",2022-09-02,"Urban","40-59y","Female",2,"[0,2]","Unemployed outside home","Secondary school",4.5,0,0,1,0,0,0,0,0,0,0,0
"297","75-1",2022-09-05,"Urban","30-39y","Male",6,"(5,50]","Semiskilled / skilled labor","Some college or higher",5.5,NA,1,1,0,0,0,NA,NA,NA,NA,NA
"298","76-1",2022-09-05,"Urban","40-59y","Female",4,"(2,5]","Unemployed outside home","Primary school",4,0.466666666666667,0,0,0,0,0,0,0,0,0,0
"299","77-1",2022-09-05,"Urban","40-59y","Female",5,"(2,5]","Unemployed outside home","None",5,3.725,1,1,0,0,0,0,1,0,0,0
"300","78-1",2022-09-05,"Urban","40-59y","Female",3,"(2,5]","Semiskilled / skilled labor","None",4,3.825,0,0,0,0,0,0,1,0,0,0
"301","79-1",2022-09-06,"Rural","20-29y","Male",4,"(2,5]","Student","Currently enrolled in school",5.5,NA,1,1,0,0,0,NA,NA,NA,NA,NA
"302","80-1",2022-09-06,"Rural","20-29y","Female",4,"(2,5]","Semiskilled / skilled labor","Secondary school",6,9.98333333333333,1,1,0,0,0,1,1,1,1,0
"303","81-1",2022-09-05,"Rural","40-59y","Male",6,"(5,50]","Semiskilled / skilled labor","Secondary school",3,4.875,0,0,0,0,0,0,1,0,0,0
"304","82-1",2022-09-06,"Rural","40-59y","Male",9,"(5,50]","Semiskilled / skilled labor","Secondary school",2,0.55,0,0,0,0,0,0,0,0,0,0
"305","83-1",2022-09-07,"Rural","30-39y","Male",4,"(2,5]","Unemployed outside home","Secondary school",2.5,NA,0,0,0,0,0,NA,NA,NA,NA,NA
"306","84-1",2022-09-07,"Urban","30-39y","Female",4,"(2,5]","Semiskilled / skilled labor","Secondary school",4,6.55,0,0,0,0,0,1,1,0,0,0
"307","85-1",2022-09-08,"Urban","30-39y","Female",3,"(2,5]","Unemployed outside home","Primary school",2.5,0.658333333333333,0,0,0,0,0,0,0,0,0,0
"308","86-1",2022-09-07,"Urban","30-39y","Female",6,"(5,50]","Unemployed outside home","Secondary school",1,0.191666666666667,0,0,0,0,0,0,0,0,0,0
"309","87-1",2022-09-07,"Rural","20-29y","Female",4,"(2,5]","Unemployed outside home","Secondary school",1.5,0.05,0,0,0,0,0,0,0,0,0,0
"310","88-1",2022-09-07,"Rural","20-29y","Male",5,"(2,5]","Unemployed outside home","Secondary school",3.5,1.6,0,0,0,0,0,0,0,0,0,0
"311","89-1",2022-09-07,"Rural","40-59y","Female",4,"(2,5]","Unemployed outside home","Secondary school",1.5,NA,0,0,0,0,0,NA,NA,NA,NA,NA
"312","90-1",2022-09-07,"Rural","40-59y","Male",6,"(5,50]","Semiskilled / skilled labor","Secondary school",5.5,0.933333333333333,1,1,0,0,0,0,0,0,0,0
"313","91-1",2022-09-08,"Rural","30-39y","Female",6,"(5,50]","Unemployed outside home","Secondary school",2.5,7.81666666666667,0,0,0,0,0,1,1,1,0,0
"314","92-1",2022-09-08,"Rural","30-39y","Female",7,"(5,50]","Semiskilled / skilled labor","Some college or higher",2.5,NA,0,0,0,0,0,NA,NA,NA,NA,NA
"315","95-1",2022-09-08,"Rural","40-59y","Female",1,"[0,2]","Semiskilled / skilled labor","None",3,4.8,0,0,0,0,0,0,1,0,0,0
"316","96-1",2022-09-08,"Rural","40-59y","Female",4,"(2,5]","Unemployed outside home","Secondary school",3.5,1.33333333333333,0,0,0,0,0,0,0,0,0,0
"317","97-1",2022-09-08,"Rural","10-19y","Male",4,"(2,5]","Student","Currently enrolled in school",12,16.9333333333333,1,1,1,1,1,1,1,1,1,1
"318","98-1",2022-09-08,"Urban","30-39y","Female",4,"(2,5]","Unemployed outside home","Primary school",4,6.5,0,0,0,0,0,1,1,0,0,0
"319","99-1",2022-09-09,"Rural","40-59y","Male",5,"(2,5]","Semiskilled / skilled labor","Secondary school",2.5,0.633333333333333,0,0,0,0,0,0,0,0,0,0
"320","100-1",2022-09-09,"Rural","40-59y","Male",4,"(2,5]","Semiskilled / skilled labor","Secondary school",2.5,4.71666666666667,0,0,0,0,0,0,1,0,0,0
"321","101-1",2022-09-09,"Rural","20-29y","Female",6,"(5,50]","Unemployed outside home","Some college or higher",2,NA,0,0,0,0,0,NA,NA,NA,NA,NA
"322","102-1",2022-09-09,"Rural","20-29y","Female",6,"(5,50]","Semiskilled / skilled labor","Secondary school",3.5,7.575,0,0,0,0,0,1,1,0,0,0
"323","106-1",2022-09-10,"Rural","40-59y","Female",4,"(2,5]","Semiskilled / skilled labor","Secondary school",6,4.25,1,1,0,0,0,0,1,0,0,0
"324","107-1",2022-09-10,"Rural","40-59y","Female",7,"(5,50]","Unemployed outside home","None",3,0.025,0,0,0,0,0,0,0,0,0,0
"325","108-1",2022-09-10,"Rural","40-59y","Male",4,"(2,5]","Semiskilled / skilled labor","Some college or higher",4,3.14166666666667,0,0,0,0,0,0,1,0,0,0
"326","109-1",2022-09-10,"Rural","20-29y","Female",4,"(2,5]","Semiskilled / skilled labor","Some college or higher",6,7.25,1,1,0,0,0,1,1,0,0,0
"327","110-1",2022-09-10,"Rural","20-29y","Male",6,"(5,50]","Unemployed outside home","Some college or higher",3.5,6.81666666666667,0,0,0,0,0,1,1,0,0,0
"328","111-1",2022-09-12,"Rural","40-59y","Female",7,"(5,50]","Unemployed outside home","Secondary school",1.5,0.275,0,0,0,0,0,0,0,0,0,0
"329","112-1",2022-09-12,"Rural","40-59y","Female",2,"[0,2]","Semiskilled / skilled labor","Primary school",5.5,10.5416666666667,1,1,0,0,0,1,1,1,1,0
"330","113-1",2022-09-12,"Rural","40-59y","Male",4,"(2,5]","Semiskilled / skilled labor","Secondary school",2.5,0.241666666666667,0,0,0,0,0,0,0,0,0,0
"331","114-1",2022-09-12,"Rural","40-59y","Male",2,"[0,2]","Semiskilled / skilled labor","Secondary school",4.5,7.78333333333333,0,1,0,0,0,1,1,0,0,0
"332","115-1",2022-09-09,"Urban","30-39y","Male",4,"(2,5]","Unemployed outside home","Secondary school",1,3,0,0,0,0,0,0,0,0,0,0
"333","116-1",2022-09-09,"Urban","30-39y","Female",4,"(2,5]","Unemployed outside home","Primary school",4,NA,0,0,0,0,0,NA,NA,NA,NA,NA
"334","117-1",2022-09-09,"Urban","30-39y","Female",5,"(2,5]","Unemployed outside home","None",2.5,NA,0,0,0,0,0,NA,NA,NA,NA,NA
"335","118-1",2022-09-12,"Urban","30-39y","Male",7,"(5,50]","Unemployed outside home","None",1.5,0.25,0,0,0,0,0,0,0,0,0,0
"336","119-1",2022-09-12,"Urban","30-39y","Male",4,"(2,5]","Unemployed outside home","None",2,0.466666666666667,0,0,0,0,0,0,0,0,0,0
"337","121-1",2022-09-13,"Urban","40-59y","Female",4,"(2,5]","Unemployed outside home","Some college or higher",1,0.191666666666667,0,0,0,0,0,0,0,0,0,0
"338","122-1",2022-09-13,"Urban","30-39y","Female",5,"(2,5]","Unemployed outside home","Secondary school",5.5,3.74166666666667,1,1,0,0,0,0,1,0,0,0
"339","123-1",2022-09-09,"Urban","30-39y","Female",9,"(5,50]","Unemployed outside home","Primary school",1,NA,0,0,0,0,0,NA,NA,NA,NA,NA
"340","124-1",2022-09-09,"Rural","40-59y","Male",4,"(2,5]","Semiskilled / skilled labor","Secondary school",2,8.5,0,0,0,0,0,1,1,1,0,0
"341","125-1",2022-09-09,"Rural","30-39y","Male",3,"(2,5]","Unemployed outside home","Secondary school",1,NA,0,0,0,0,0,NA,NA,NA,NA,NA
"342","126-1",2022-09-10,"Rural","30-39y","Female",2,"[0,2]","Unemployed outside home","Secondary school",4,13.6083333333333,0,0,0,0,0,1,1,1,1,0
"343","127-1",2022-09-13,"Rural","30-39y","Male",2,"[0,2]","Semiskilled / skilled labor","Secondary school",7,NA,1,1,1,1,0,NA,NA,NA,NA,NA
"344","128-1",2022-09-13,"Rural","30-39y","Female",10,"(5,50]","Unemployed outside home","Secondary school",3.5,0.691666666666667,0,0,0,0,0,0,0,0,0,0
"345","129-1",2022-09-13,"Rural","30-39y","Female",5,"(2,5]","Unemployed outside home","Secondary school",2,0.658333333333333,0,0,0,0,0,0,0,0,0,0
"346","130-1",2022-09-13,"Rural","60+y","Female",2,"[0,2]","Unemployed outside home","Primary school",3,0.6,0,0,0,0,0,0,0,0,0,0
"347","131-1",2022-09-13,"Rural","40-59y","Male",4,"(2,5]","Semiskilled / skilled labor","Secondary school",6,8.79166666666667,1,1,0,0,0,1,1,1,0,0
"348","132-1",2022-09-13,"Rural","40-59y","Male",6,"(5,50]","Semiskilled / skilled labor","Secondary school",1,NA,0,0,0,0,0,NA,NA,NA,NA,NA
"349","133-1",2022-09-13,"Rural","40-59y","Female",4,"(2,5]","Semiskilled / skilled labor","None",3.5,5.35833333333333,0,0,0,0,0,0,1,0,0,0
"350","134-1",2022-09-12,"Rural","20-29y","Male",5,"(2,5]","Semiskilled / skilled labor","Some college or higher",4.5,7.19166666666667,0,1,0,0,0,1,1,0,0,0
"351","135-1",2022-09-12,"Rural","20-29y","Male",3,"(2,5]","Semiskilled / skilled labor","Primary school",3.5,2.04166666666667,0,0,0,0,0,0,0,0,0,0
"352","136-1",2022-09-12,"Rural","20-29y","Male",4,"(2,5]","Semiskilled / skilled labor","Some college or higher",3.5,1.6,0,0,0,0,0,0,0,0,0,0
"353","137-1",2022-09-13,"Rural","20-29y","Male",6,"(5,50]","Unemployed outside home","Some college or higher",6,4.49166666666667,1,1,0,0,0,0,1,0,0,0
"354","138-1",2022-09-13,"Rural","20-29y","Female",6,"(5,50]","Unemployed outside home","Secondary school",3.5,NA,0,0,0,0,0,NA,NA,NA,NA,NA
"355","139-1",2022-09-14,"Urban","40-59y","Female",6,"(5,50]","Unemployed outside home","Primary school",5,6.625,1,1,0,0,0,1,1,0,0,0
"356","140-1",2022-09-14,"Urban","40-59y","Male",7,"(5,50]","Semiskilled / skilled labor","Secondary school",7,6.65833333333333,1,1,1,1,0,1,1,0,0,0
"357","141-1",2022-09-07,"Urban","40-59y","Female",1,"[0,2]","Unemployed outside home","Secondary school",3,0.0833333333333333,0,0,0,0,0,0,0,0,0,0
"358","142-1",2022-09-07,"Urban","40-59y","Female",5,"(2,5]","Unemployed outside home","Secondary school",1,0.375,0,0,0,0,0,0,0,0,0,0
"359","143-1",2022-09-08,"Urban","40-59y","Female",3,"(2,5]","Semiskilled / skilled labor","Primary school",7,6.19166666666667,1,1,1,1,0,1,1,0,0,0
"360","144-1",2022-09-08,"Urban","40-59y","Male",5,"(2,5]","Semiprofessional / professional","Some college or higher",8,20.75,1,1,1,1,0,1,1,1,1,1
"361","145-1",2022-09-09,"Urban","40-59y","Female",5,"(2,5]","Unemployed outside home","Secondary school",5,3.11666666666667,1,1,0,0,0,0,1,0,0,0
"362","146-1",2022-09-09,"Urban","40-59y","Male",4,"(2,5]","Unemployed outside home","Primary school",5,5.525,1,1,0,0,0,0,1,0,0,0
"363","147-1",2022-09-09,"Urban","40-59y","Female",6,"(5,50]","Unemployed outside home","None",3,0.358333333333333,0,0,0,0,0,0,0,0,0,0
"364","148-1",2022-09-09,"Urban","40-59y","Female",3,"(2,5]","Unemployed outside home","Primary school",8,2.025,1,1,1,1,0,0,0,0,0,0
"365","149-1",2022-09-09,"Urban","40-59y","Female",6,"(5,50]","Unemployed outside home","None",9.5,2.40833333333333,1,1,1,1,1,0,0,0,0,0
"366","150-1",2022-09-10,"Urban","40-59y","Female",6,"(5,50]","Unemployed outside home","Primary school",4,0.883333333333333,0,0,0,0,0,0,0,0,0,0
"367","151-1",2022-09-10,"Urban","40-59y","Female",2,"[0,2]","Unemployed outside home","None",2.5,3.25,0,0,0,0,0,0,1,0,0,0
"368","152-1",2022-09-10,"Urban","40-59y","Female",1,"[0,2]","Unemployed outside home","Secondary school",6,NA,1,1,0,0,0,NA,NA,NA,NA,NA
"369","153-1",2022-09-10,"Urban","40-59y","Female",2,"[0,2]","Unemployed outside home","None",9,NA,1,1,1,1,1,NA,NA,NA,NA,NA
"370","154-1",2022-09-11,"Urban","40-59y","Female",5,"(2,5]","Unemployed outside home","Primary school",9.5,4.58333333333333,1,1,1,1,1,0,1,0,0,0
"371","155-1",2022-09-11,"Urban","40-59y","Female",3,"(2,5]","Unemployed outside home","Secondary school",4,3.825,0,0,0,0,0,0,1,0,0,0
"372","156-1",2022-09-11,"Urban","40-59y","Female",3,"(2,5]","Unemployed outside home","None",1,0,0,0,0,0,0,0,0,0,0,0
"373","157-1",2022-09-12,"Urban","40-59y","Female",5,"(2,5]","Unemployed outside home","Secondary school",3.5,2.06666666666667,0,0,0,0,0,0,0,0,0,0
"374","158-1",2022-09-12,"Urban","40-59y","Female",4,"(2,5]","Unemployed outside home","Secondary school",4,2.95,0,0,0,0,0,0,0,0,0,0
"375","159-1",2022-09-12,"Urban","40-59y","Female",1,"[0,2]","Unemployed outside home","None",4,NA,0,0,0,0,0,NA,NA,NA,NA,NA
"376","160-1",2022-09-13,"Urban","40-59y","Male",5,"(2,5]","Semiprofessional / professional","Secondary school",3,3.05,0,0,0,0,0,0,1,0,0,0
"377","161-1",2022-09-14,"Urban","40-59y","Female",2,"[0,2]","Unemployed outside home","Secondary school",3.5,2.28333333333333,0,0,0,0,0,0,0,0,0,0
"378","162-1",2022-09-14,"Rural","20-29y","Female",8,"(5,50]","Semiskilled / skilled labor","Some college or higher",5.5,33,1,1,0,0,0,1,1,1,1,1
"379","163-1",2022-09-14,"Rural","20-29y","Female",7,"(5,50]","Unemployed outside home","Secondary school",2,1.33333333333333,0,0,0,0,0,0,0,0,0,0
"380","164-1",2022-09-14,"Rural","20-29y","Female",5,"(2,5]","Unemployed outside home","Secondary school",4.5,4.375,0,1,0,0,0,0,1,0,0,0
"381","165-1",2022-09-14,"Rural","20-29y","Female",5,"(2,5]","Unemployed outside home","Some college or higher",4.5,0.3,0,1,0,0,0,0,0,0,0,0
"382","171-1",2022-09-14,"Rural","40-59y","Female",3,"(2,5]","Semiskilled / skilled labor","Primary school",4,0.608333333333333,0,0,0,0,0,0,0,0,0,0
"383","172-1",2022-09-14,"Rural","40-59y","Male",7,"(5,50]","Semiprofessional / professional","Secondary school",3.5,NA,0,0,0,0,0,NA,NA,NA,NA,NA
"384","173-1",2022-09-14,"Rural","40-59y","Female",3,"(2,5]","Unemployed outside home","Secondary school",7.5,NA,1,1,1,1,0,NA,NA,NA,NA,NA
"385","174-1",2022-09-14,"Rural","40-59y","Male",5,"(2,5]","Semiskilled / skilled labor","Secondary school",4,3.39166666666667,0,0,0,0,0,0,1,0,0,0
"386","175-1",2022-09-15,"Rural","40-59y","Male",4,"(2,5]","Unemployed outside home","Primary school",3,0.65,0,0,0,0,0,0,0,0,0,0
"387","176-1",2022-09-15,"Rural","40-59y","Male",5,"(2,5]","Semiskilled / skilled labor","Some college or higher",5,7.575,1,1,0,0,0,1,1,0,0,0
"388","177-1",2022-09-15,"Rural","40-59y","Female",6,"(5,50]","Unemployed outside home","None",1.5,0.191666666666667,0,0,0,0,0,0,0,0,0,0
"389","178-1",2022-09-15,"Rural","20-29y","Female",4,"(2,5]","Unemployed outside home","Some college or higher",3.5,0.133333333333333,0,0,0,0,0,0,0,0,0,0
"390","179-1",2022-09-15,"Urban","40-59y","Male",3,"(2,5]","Semiskilled / skilled labor","Secondary school",7,NA,1,1,1,1,0,NA,NA,NA,NA,NA
"391","180-1",2022-09-16,"Urban","40-59y","Male",2,"[0,2]","Unemployed outside home","Primary school",7,5.35833333333333,1,1,1,1,0,0,1,0,0,0
"392","181-1",2022-09-16,"Urban","40-59y","Female",5,"(2,5]","Unemployed outside home","Primary school",1.5,1.44166666666667,0,0,0,0,0,0,0,0,0,0
"393","182-1",2022-09-14,"Rural","30-39y","Female",4,"(2,5]","Unemployed outside home","Secondary school",5.5,NA,1,1,0,0,0,NA,NA,NA,NA,NA
"394","183-1",2022-09-14,"Rural","30-39y","Male",4,"(2,5]","Semiskilled / skilled labor","Secondary school",9,12.2833333333333,1,1,1,1,1,1,1,1,1,0
"395","184-1",2022-09-14,"Rural","30-39y","Male",5,"(2,5]","Semiskilled / skilled labor","Secondary school",8,NA,1,1,1,1,0,NA,NA,NA,NA,NA
"396","185-1",2022-09-15,"Rural","30-39y","Male",7,"(5,50]","Semiprofessional / professional","Some college or higher",3.5,1.89166666666667,0,0,0,0,0,0,0,0,0,0
"397","186-1",2022-09-15,"Rural","30-39y","Female",4,"(2,5]","Unemployed outside home","Secondary school",3,0.15,0,0,0,0,0,0,0,0,0,0
"398","187-1",2022-09-16,"Rural","40-59y","Male",5,"(2,5]","Semiskilled / skilled labor","Secondary school",11.5,7.26666666666667,1,1,1,1,1,1,1,0,0,0
"399","188-1",2022-09-16,"Rural","30-39y","Male",5,"(2,5]","Semiskilled / skilled labor","Secondary school",4.5,2.64166666666667,0,1,0,0,0,0,0,0,0,0
"400","190-1",2022-09-14,"Urban","40-59y","Male",5,"(2,5]","Semiprofessional / professional","Secondary school",1.5,NA,0,0,0,0,0,NA,NA,NA,NA,NA
"401","191-1",2022-09-14,"Urban","30-39y","Female",4,"(2,5]","Unemployed outside home","Secondary school",3,0.6,0,0,0,0,0,0,0,0,0,0
"402","192-1",2022-09-15,"Urban","30-39y","Female",3,"(2,5]","Unemployed outside home","Primary school",5,3.19166666666667,1,1,0,0,0,0,1,0,0,0
"403","194-1",2022-09-16,"Urban","30-39y","Male",4,"(2,5]","Semiskilled / skilled labor","Some college or higher",3,0.383333333333333,0,0,0,0,0,0,0,0,0,0
"404","196-1",2022-09-16,"Urban","30-39y","Female",4,"(2,5]","Unemployed outside home","None",4,0.716666666666667,0,0,0,0,0,0,0,0,0,0
"405","197-1",2022-09-16,"Rural","20-29y","Male",4,"(2,5]","Semiprofessional / professional","Some college or higher",3.5,NA,0,0,0,0,0,NA,NA,NA,NA,NA
"406","198-1",2022-09-16,"Rural","20-29y","Male",4,"(2,5]","Unemployed outside home","Secondary school",2,2.95833333333333,0,0,0,0,0,0,0,0,0,0
"407","199-1",2022-09-17,"Rural","60+y","Female",5,"(2,5]","Unemployed outside home","None",2.5,NA,0,0,0,0,0,NA,NA,NA,NA,NA
"408","200-1",2022-09-16,"Rural","40-59y","Female",6,"(5,50]","Semiskilled / skilled labor","Secondary school",2.5,3.96666666666667,0,0,0,0,0,0,1,0,0,0
"409","201-1",2022-09-16,"Rural","40-59y","Male",4,"(2,5]","Semiskilled / skilled labor","Secondary school",3.5,4.7,0,0,0,0,0,0,1,0,0,0
"410","202-1",2022-09-16,"Rural","40-59y","Male",3,"(2,5]","Unemployed outside home","Secondary school",3,0.516666666666667,0,0,0,0,0,0,0,0,0,0
"411","203-1",2022-09-16,"Rural","40-59y","Female",5,"(2,5]","Semiskilled / skilled labor","Secondary school",5.5,0.25,1,1,0,0,0,0,0,0,0,0
"412","204-1",2022-09-17,"Rural","40-59y","Female",4,"(2,5]","Unemployed outside home","Secondary school",3.5,NA,0,0,0,0,0,NA,NA,NA,NA,NA
"413","205-1",2022-09-17,"Rural","20-29y","Female",6,"(5,50]","Unemployed outside home","Secondary school",1.5,1.81666666666667,0,0,0,0,0,0,0,0,0,0
"414","206-1",2022-09-18,"Rural","30-39y","Female",4,"(2,5]","Semiskilled / skilled labor","Secondary school",2.5,0.416666666666667,0,0,0,0,0,0,0,0,0,0
"415","207-1",2022-09-18,"Rural","30-39y","Female",5,"(2,5]","Semiskilled / skilled labor","Primary school",2.5,NA,0,0,0,0,0,NA,NA,NA,NA,NA
"416","208-1",2022-09-18,"Rural","20-29y","Male",5,"(2,5]","Student","Currently enrolled in school",4.5,20.6916666666667,0,1,0,0,0,1,1,1,1,1
"417","209-1",2022-09-18,"Rural","20-29y","Male",3,"(2,5]","Semiskilled / skilled labor","Secondary school",5.5,6.78333333333333,1,1,0,0,0,1,1,0,0,0
"418","210-1",2022-09-18,"Rural","20-29y","Male",5,"(2,5]","Semiskilled / skilled labor","Secondary school",6.5,17.6333333333333,1,1,1,0,0,1,1,1,1,1
"419","211-1",2022-09-17,"Urban","30-39y","Female",4,"(2,5]","Unemployed outside home","Secondary school",2.5,6.19166666666667,0,0,0,0,0,1,1,0,0,0
"420","212-1",2022-09-17,"Urban","30-39y","Male",3,"(2,5]","Semiskilled / skilled labor","Secondary school",4,4.69166666666667,0,0,0,0,0,0,1,0,0,0
"421","213-1",2022-09-17,"Urban","30-39y","Male",3,"(2,5]","Semiskilled / skilled labor","Secondary school",3,0.716666666666667,0,0,0,0,0,0,0,0,0,0
"422","214-1",2022-09-18,"Urban","40-59y","Male",4,"(2,5]","Semiskilled / skilled labor","Secondary school",8.5,6.43333333333333,1,1,1,1,0,1,1,0,0,0
"423","215-1",2022-09-18,"Urban","40-59y","Female",2,"[0,2]","Unemployed outside home","Secondary school",6,3.68333333333333,1,1,0,0,0,0,1,0,0,0
"424","216-1",2022-09-18,"Urban","40-59y","Female",3,"(2,5]","Semiskilled / skilled labor","Secondary school",11,9.98333333333333,1,1,1,1,1,1,1,1,1,0
"425","217-1",2022-09-19,"Rural","60+y","Female",1,"[0,2]","Unemployed outside home","None",10,28.5,1,1,1,1,1,1,1,1,1,1
"426","218-1",2022-09-19,"Rural","60+y","Female",2,"[0,2]","Semiskilled / skilled labor","None",8,5.08333333333333,1,1,1,1,0,0,1,0,0,0
"427","219-1",2022-09-19,"Rural","60+y","Female",4,"(2,5]","Unemployed outside home","None",3,0.466666666666667,0,0,0,0,0,0,0,0,0,0
"428","220-1",2022-09-19,"Rural","60+y","Female",1,"[0,2]","Unemployed outside home","None",10,12.75,1,1,1,1,1,1,1,1,1,0
"429","221-1",2022-09-19,"Rural","60+y","Female",1,"[0,2]","Unemployed outside home","None",4,0.166666666666667,0,0,0,0,0,0,0,0,0,0
"430","222-1",2022-09-19,"Rural","40-59y","Female",4,"(2,5]","Semiskilled / skilled labor","Secondary school",4,0.608333333333333,0,0,0,0,0,0,0,0,0,0
"431","223-1",2022-09-19,"Rural","40-59y","Male",6,"(5,50]","Semiskilled / skilled labor","Some college or higher",2,0.55,0,0,0,0,0,0,0,0,0,0
"432","224-1",2022-09-19,"Rural","40-59y","Female",7,"(5,50]","Unemployed outside home","Secondary school",2.5,0.925,0,0,0,0,0,0,0,0,0,0
"433","225-1",2022-09-19,"Rural","40-59y","Female",4,"(2,5]","Semiskilled / skilled labor","Secondary school",4.5,0.958333333333333,0,1,0,0,0,0,0,0,0,0
"434","226-1",2022-09-19,"Rural","60+y","Male",2,"[0,2]","Unemployed outside home","Primary school",1.5,NA,0,0,0,0,0,NA,NA,NA,NA,NA
"435","227-1",2022-09-19,"Rural","60+y","Male",2,"[0,2]","Unemployed outside home","Primary school",5,NA,1,1,0,0,0,NA,NA,NA,NA,NA
"436","228-1",2022-09-19,"Rural","60+y","Male",4,"(2,5]","Unemployed outside home","Primary school",4.5,NA,0,1,0,0,0,NA,NA,NA,NA,NA
"437","229-1",2022-09-20,"Rural","60+y","Male",6,"(5,50]","Unemployed outside home","Primary school",2.5,NA,0,0,0,0,0,NA,NA,NA,NA,NA
"438","230-1",2022-09-20,"Rural","60+y","Male",2,"[0,2]","Unemployed outside home","Secondary school",6,1.10833333333333,1,1,0,0,0,0,0,0,0,0
"439","231-1",2022-09-20,"Rural","40-59y","Male",3,"(2,5]","Unemployed outside home","Secondary school",5,1.15833333333333,1,1,0,0,0,0,0,0,0,0
"440","232-1",2022-09-19,"Urban","30-39y","Male",2,"[0,2]","Unemployed outside home","Secondary school",4,12.3833333333333,0,0,0,0,0,1,1,1,1,0
"441","233-1",2022-09-19,"Urban","30-39y","Female",2,"[0,2]","Unemployed outside home","None",2.5,0.191666666666667,0,0,0,0,0,0,0,0,0,0
"442","234-1",2022-09-19,"Urban","30-39y","Female",4,"(2,5]","Unemployed outside home","Secondary school",5,4.61666666666667,1,1,0,0,0,0,1,0,0,0
"443","235-1",2022-09-20,"Urban","30-39y","Female",4,"(2,5]","Unemployed outside home","Primary school",2.5,0.166666666666667,0,0,0,0,0,0,0,0,0,0
"444","237-1",2022-09-20,"Rural","40-59y","Female",4,"(2,5]","Unemployed outside home","Secondary school",1.5,NA,0,0,0,0,0,NA,NA,NA,NA,NA
"445","238-1",2022-09-20,"Rural","40-59y","Female",2,"[0,2]","Unemployed outside home","Primary school",2,NA,0,0,0,0,0,NA,NA,NA,NA,NA
"446","239-1",2022-09-20,"Rural","60+y","Female",1,"[0,2]","Unemployed outside home","None",6.5,6.34166666666667,1,1,1,0,0,1,1,0,0,0
"447","240-1",2022-09-20,"Rural","60+y","Female",2,"[0,2]","Unemployed outside home","None",6,9.74166666666667,1,1,0,0,0,1,1,1,0,0
"448","241-1",2022-09-20,"Rural","60+y","Female",5,"(2,5]","Unemployed outside home","None",2.5,0.183333333333333,0,0,0,0,0,0,0,0,0,0
"449","242-1",2022-09-21,"Rural","60+y","Male",2,"[0,2]","Unemployed outside home","Secondary school",1.5,NA,0,0,0,0,0,NA,NA,NA,NA,NA
"450","243-1",2022-09-21,"Rural","60+y","Male",2,"[0,2]","Semiskilled / skilled labor","Secondary school",1,NA,0,0,0,0,0,NA,NA,NA,NA,NA
"451","244-1",2022-09-21,"Rural","60+y","Male",4,"(2,5]","Unemployed outside home","Secondary school",4.5,0.75,0,1,0,0,0,0,0,0,0,0
"452","245-1",2022-09-21,"Rural","40-59y","Female",4,"(2,5]","Semiskilled / skilled labor","Secondary school",5,2.53333333333333,1,1,0,0,0,0,0,0,0,0
"453","246-1",2022-09-21,"Rural","40-59y","Female",4,"(2,5]","Unemployed outside home","Some college or higher",6.5,0.55,1,1,1,0,0,0,0,0,0,0
"454","247-1",2022-09-21,"Rural","20-29y","Female",6,"(5,50]","Unemployed outside home","Some college or higher",2,3.19166666666667,0,0,0,0,0,0,1,0,0,0
"455","248-1",2022-09-22,"Rural","60+y","Male",2,"[0,2]","Unemployed outside home","None",2.5,4.13333333333333,0,0,0,0,0,0,1,0,0,0
"456","249-1",2022-09-22,"Rural","60+y","Male",4,"(2,5]","Unemployed outside home","Secondary school",4.5,1.725,0,1,0,0,0,0,0,0,0,0
"457","250-1",2022-09-22,"Rural","40-59y","Male",3,"(2,5]","Semiskilled / skilled labor","Secondary school",5.5,NA,1,1,0,0,0,NA,NA,NA,NA,NA
"458","251-1",2022-09-22,"Rural","40-59y","Female",4,"(2,5]","Unemployed outside home","Primary school",3,0.608333333333333,0,0,0,0,0,0,0,0,0,0
"459","252-1",2022-09-22,"Rural","40-59y","Female",3,"(2,5]","Unemployed outside home","None",4.5,NA,0,1,0,0,0,NA,NA,NA,NA,NA
"460","253-1",2022-09-22,"Rural","60+y","Female",7,"(5,50]","Unemployed outside home","None",1,NA,0,0,0,0,0,NA,NA,NA,NA,NA
"461","254-1",2022-09-22,"Rural","40-59y","Male",11,"(5,50]","Semiskilled / skilled labor","Secondary school",2,0.358333333333333,0,0,0,0,0,0,0,0,0,0
"462","255-1",2022-09-22,"Rural","20-29y","Male",11,"(5,50]","Student","Currently enrolled in school",2,NA,0,0,0,0,0,NA,NA,NA,NA,NA
"463","256-1",2022-09-22,"Rural","60+y","Male",5,"(2,5]","Unemployed outside home","Primary school",4.5,0.75,0,1,0,0,0,0,0,0,0,0
"464","257-1",2022-09-22,"Rural","30-39y","Male",5,"(2,5]","Unemployed outside home","Some college or higher",1.5,NA,0,0,0,0,0,NA,NA,NA,NA,NA
"465","258-1",2022-09-22,"Rural","5-9y","Male",5,"(2,5]","Unemployed outside home","Currently enrolled in school",11.5,NA,1,1,1,1,1,NA,NA,NA,NA,NA
"466","259-1",2022-09-22,"Rural","40-59y","Male",4,"(2,5]","Semiskilled / skilled labor","Secondary school",4.5,NA,0,1,0,0,0,NA,NA,NA,NA,NA
"467","260-1",2022-09-22,"Rural","20-29y","Female",4,"(2,5]","Unemployed outside home","Secondary school",5.5,13.575,1,1,0,0,0,1,1,1,1,0
"468","261-1",2022-09-22,"Rural","5-9y","Male",4,"(2,5]","Unemployed outside home",NA,7,6.25833333333333,1,1,1,1,0,1,1,0,0,0
"469","262-1",2022-09-22,"Rural","60+y","Male",3,"(2,5]","Unemployed outside home","Primary school",5.5,0.691666666666667,1,1,0,0,0,0,0,0,0,0
"470","263-1",2022-09-23,"Rural","60+y","Male",3,"(2,5]","Unemployed outside home","Secondary school",2.5,NA,0,0,0,0,0,NA,NA,NA,NA,NA
"471","264-1",2022-09-23,"Rural","40-59y","Female",3,"(2,5]","Unemployed outside home","Primary school",1,NA,0,0,0,0,0,NA,NA,NA,NA,NA
"472","265-1",2022-09-23,"Rural","30-39y","Male",6,"(5,50]","Unemployed outside home","Secondary school",6.5,0.325,1,1,1,0,0,0,0,0,0,0
"473","266-1",2022-09-23,"Rural","10-19y","Female",7,"(5,50]","Student","Currently enrolled in school",2.5,NA,0,0,0,0,0,NA,NA,NA,NA,NA
"474","267-1",2022-09-23,"Rural","10-19y","Female",7,"(5,50]","Student","Currently enrolled in school",1,NA,0,0,0,0,0,NA,NA,NA,NA,NA
"475","268-1",2022-09-23,"Rural","10-19y","Male",7,"(5,50]","Student","Currently enrolled in school",4,24,0,0,0,0,0,1,1,1,1,1
"476","269-1",2022-09-23,"Rural","30-39y","Male",4,"(2,5]","Semiskilled / skilled labor","Some college or higher",2.5,NA,0,0,0,0,0,NA,NA,NA,NA,NA
"477","270-1",2022-09-23,"Rural","20-29y","Female",4,"(2,5]","Unemployed outside home","Some college or higher",1,NA,0,0,0,0,0,NA,NA,NA,NA,NA
"478","271-1",2022-09-23,"Rural","30-39y","Female",4,"(2,5]","Unemployed outside home","Secondary school",1,NA,0,0,0,0,0,NA,NA,NA,NA,NA
"479","272-1",2022-09-23,"Rural","5-9y","Female",4,"(2,5]","Unemployed outside home","Currently enrolled in school",8.5,13.1166666666667,1,1,1,1,0,1,1,1,1,0
"480","273-1",2022-09-24,"Rural","40-59y","Female",3,"(2,5]","Unemployed outside home","None",2.5,NA,0,0,0,0,0,NA,NA,NA,NA,NA
"481","274-1",2022-09-24,"Rural","10-19y","Female",9,"(5,50]","Student","Currently enrolled in school",5.5,NA,1,1,0,0,0,NA,NA,NA,NA,NA
"482","275-1",2022-09-23,"Rural","20-29y","Female",3,"(2,5]","Unemployed outside home","Some college or higher",2,1.44166666666667,0,0,0,0,0,0,0,0,0,0
"483","276-1",2022-09-23,"Rural","40-59y","Male",10,"(5,50]","Semiskilled / skilled labor","Secondary school",1.5,0.758333333333333,0,0,0,0,0,0,0,0,0,0
"484","277-1",2022-09-24,"Rural","30-39y","Male",6,"(5,50]","Unemployed outside home","Secondary school",1.5,3.75,0,0,0,0,0,0,1,0,0,0
"485","278-1",2022-09-24,"Rural","10-19y","Male",6,"(5,50]","Student","Currently enrolled in school",9.5,NA,1,1,1,1,1,NA,NA,NA,NA,NA
"486","279-1",2022-09-24,"Rural","5-9y","Male",6,"(5,50]","Unemployed outside home","Currently enrolled in school",9.5,NA,1,1,1,1,1,NA,NA,NA,NA,NA
"487","280-1",2022-09-21,"Urban","30-39y","Female",4,"(2,5]","Unemployed outside home","Some college or higher",5.5,1.65833333333333,1,1,0,0,0,0,0,0,0,0
"488","281-1",2022-09-22,"Urban","30-39y","Female",1,"[0,2]","Unemployed outside home","Primary school",5.5,0.933333333333333,1,1,0,0,0,0,0,0,0,0
"489","282-1",2022-09-22,"Urban","10-19y","Male",4,"(2,5]","Unemployed outside home","Secondary school",6.5,4.20833333333333,1,1,1,0,0,0,1,0,0,0
"490","283-1",2022-09-22,"Urban","5-9y","Female",4,"(2,5]","Unemployed outside home",NA,7,0.741666666666667,1,1,1,1,0,0,0,0,0,0
"491","284-1",2022-09-23,"Urban","10-19y","Female",5,"(2,5]","Student","Currently enrolled in school",7.5,5.05833333333333,1,1,1,1,0,0,1,0,0,0
"492","285-1",2022-09-23,"Urban","40-59y","Male",1,"[0,2]","Semiskilled / skilled labor","Secondary school",4,NA,0,0,0,0,0,NA,NA,NA,NA,NA
"493","286-1",2022-09-23,"Urban","60+y","Female",6,"(5,50]","Unemployed outside home","Secondary school",1,NA,0,0,0,0,0,NA,NA,NA,NA,NA
"494","287-1",2022-09-23,"Urban","40-59y","Female",7,"(5,50]","Unemployed outside home","None",5,4.71666666666667,1,1,0,0,0,0,1,0,0,0
"495","288-1",2022-09-24,"Urban","60+y","Female",1,"[0,2]","Unemployed outside home","None",7.5,0.933333333333333,1,1,1,1,0,0,0,0,0,0
"496","290-1",2022-09-24,"Urban","30-39y","Male",6,"(5,50]","Unemployed outside home","None",4,3.55,0,0,0,0,0,0,1,0,0,0
"497","291-1",2022-09-26,"Urban","5-9y","Male",4,"(2,5]","Unemployed outside home","Currently enrolled in school",5.5,NA,1,1,0,0,0,NA,NA,NA,NA,NA
"498","292-1",2022-09-26,"Urban","40-59y","Female",3,"(2,5]","Unemployed outside home","Secondary school",9,1.24166666666667,1,1,1,1,1,0,0,0,0,0
"499","293-1",2022-09-26,"Urban","5-9y","Female",5,"(2,5]","Unemployed outside home","Currently enrolled in school",6.5,3.44166666666667,1,1,1,0,0,0,1,0,0,0
"500","294-1",2022-09-26,"Rural","10-19y","Female",3,"(2,5]","Student","Currently enrolled in school",13.5,NA,1,1,1,1,1,NA,NA,NA,NA,NA
"501","295-1",2022-09-26,"Rural","10-19y","Male",4,"(2,5]","Student","Currently enrolled in school",14,65.2583333333333,1,1,1,1,1,1,1,1,1,1
"502","296-1",2022-09-26,"Rural","40-59y","Female",2,"[0,2]","Unemployed outside home","Primary school",4.5,27,0,1,0,0,0,1,1,1,1,1
"503","297-1",2022-09-26,"Rural","60+y","Male",7,"(5,50]","Semiskilled / skilled labor","Secondary school",1,0.05,0,0,0,0,0,0,0,0,0,0
"504","298-1",2022-09-26,"Rural","30-39y","Male",7,"(5,50]","Semiskilled / skilled labor","Some college or higher",3,1.16666666666667,0,0,0,0,0,0,0,0,0,0
"505","299-1",2022-09-26,"Rural","40-59y","Female",2,"[0,2]","Unemployed outside home","Secondary school",3.5,1.6,0,0,0,0,0,0,0,0,0,0
"506","300-1",2022-09-26,"Rural","5-9y","Male",4,"(2,5]","Unemployed outside home","Currently enrolled in school",9,9.95833333333333,1,1,1,1,1,1,1,1,0,0
"507","301-1",2022-09-26,"Rural","30-39y","Female",4,"(2,5]","Unemployed outside home","Secondary school",7,2.625,1,1,1,1,0,0,0,0,0,0
"508","302-1",2022-09-26,"Rural","40-59y","Male",2,"[0,2]","Semiskilled / skilled labor","Primary school",4,0.383333333333333,0,0,0,0,0,0,0,0,0,0
"509","303-1",2022-09-26,"Rural","5-9y","Male",6,"(5,50]","Unemployed outside home","Currently enrolled in school",5,3.625,1,1,0,0,0,0,1,0,0,0
"510","304-1",2022-09-26,"Rural","40-59y","Male",10,"(5,50]","Semiskilled / skilled labor","Secondary school",5.5,9.625,1,1,0,0,0,1,1,1,0,0
"511","305-1",2022-09-26,"Rural","30-39y","Female",3,"(2,5]","Unemployed outside home","Some college or higher",1,0.166666666666667,0,0,0,0,0,0,0,0,0,0
"512","306-1",2022-09-27,"Rural","40-59y","Female",7,"(5,50]","Unemployed outside home","Secondary school",2.5,NA,0,0,0,0,0,NA,NA,NA,NA,NA
"513","307-1",2022-09-27,"Rural","10-19y","Female",7,"(5,50]","Student","Currently enrolled in school",6.5,11.5833333333333,1,1,1,0,0,1,1,1,1,0
"514","308-1",2022-09-27,"Rural","30-39y","Male",3,"(2,5]","Semiskilled / skilled labor","Some college or higher",7.5,2.33333333333333,1,1,1,1,0,0,0,0,0,0
"515","309-1",2022-09-27,"Urban","40-59y","Female",4,"(2,5]","Unemployed outside home","Primary school",4.5,0.358333333333333,0,1,0,0,0,0,0,0,0,0
"516","310-1",2022-09-27,"Urban","60+y","Female",2,"[0,2]","Unemployed outside home","Secondary school",3.5,0.658333333333333,0,0,0,0,0,0,0,0,0,0
"517","311-1",2022-09-27,"Rural","20-29y","Male",4,"(2,5]","Unemployed outside home","Some college or higher",1,NA,0,0,0,0,0,NA,NA,NA,NA,NA
"518","312-1",2022-09-27,"Rural","60+y","Male",2,"[0,2]","Unemployed outside home","Secondary school",4,0.1,0,0,0,0,0,0,0,0,0,0
"519","313-1",2022-09-27,"Rural","40-59y","Female",4,"(2,5]","Unemployed outside home","Secondary school",4.5,11.5916666666667,0,1,0,0,0,1,1,1,1,0
"520","314-1",2022-09-27,"Rural","40-59y","Female",6,"(5,50]","Unemployed outside home","Secondary school",3.5,0.958333333333333,0,0,0,0,0,0,0,0,0,0
"521","315-1",2022-09-27,"Rural","20-29y","Male",4,"(2,5]","Semiskilled / skilled labor","Some college or higher",10.5,30.3666666666667,1,1,1,1,1,1,1,1,1,1
"522","316-1",2022-09-27,"Rural","20-29y","Female",9,"(5,50]","Student","Currently enrolled in school",1,NA,0,0,0,0,0,NA,NA,NA,NA,NA
"523","317-1",2022-09-26,"Rural","20-29y","Male",2,"[0,2]","Semiskilled / skilled labor","Some college or higher",8.5,NA,1,1,1,1,0,NA,NA,NA,NA,NA
"524","318-1",2022-09-26,"Rural","20-29y","Male",4,"(2,5]","Semiskilled / skilled labor","Secondary school",5.5,NA,1,1,0,0,0,NA,NA,NA,NA,NA
"525","319-1",2022-09-26,"Rural","5-9y","Male",5,"(2,5]","Unemployed outside home","Currently enrolled in school",8.5,NA,1,1,1,1,0,NA,NA,NA,NA,NA
"526","320-1",2022-09-27,"Rural","10-19y","Male",7,"(5,50]","Student","Currently enrolled in school",10.5,NA,1,1,1,1,1,NA,NA,NA,NA,NA
"527","321-1",2022-09-27,"Rural","5-9y","Female",6,"(5,50]","Unemployed outside home","Currently enrolled in school",6.5,NA,1,1,1,0,0,NA,NA,NA,NA,NA
"528","322-1",2022-09-27,"Rural","20-29y","Female",5,"(2,5]","Student","Currently enrolled in school",11.5,NA,1,1,1,1,1,NA,NA,NA,NA,NA
"529","323-1",2022-09-28,"Urban","10-19y","Male",5,"(2,5]","Student","Currently enrolled in school",8.5,14.1583333333333,1,1,1,1,0,1,1,1,1,0
"530","324-1",2022-09-28,"Urban","10-19y","Male",5,"(2,5]","Student","Currently enrolled in school",1,NA,0,0,0,0,0,NA,NA,NA,NA,NA
"531","325-1",2022-09-28,"Urban","30-39y","Male",5,"(2,5]","Semiskilled / skilled labor","Secondary school",5.5,10.2833333333333,1,1,0,0,0,1,1,1,1,0
"532","326-1",2022-09-28,"Urban","20-29y","Female",7,"(5,50]","Unemployed outside home","Secondary school",3.5,0.633333333333333,0,0,0,0,0,0,0,0,0,0
"533","327-1",2022-09-28,"Rural","10-19y","Female",5,"(2,5]","Student","Currently enrolled in school",6,3.65,1,1,0,0,0,0,1,0,0,0
"534","328-1",2022-09-28,"Rural","40-59y","Female",2,"[0,2]","Unemployed outside home","None",7.5,NA,1,1,1,1,0,NA,NA,NA,NA,NA
"535","329-1",2022-09-28,"Rural","30-39y","Male",5,"(2,5]","Semiskilled / skilled labor","Primary school",1,NA,0,0,0,0,0,NA,NA,NA,NA,NA
"536","330-1",2022-09-28,"Rural","20-29y","Female",5,"(2,5]","Unemployed outside home","Secondary school",1,NA,0,0,0,0,0,NA,NA,NA,NA,NA
"537","331-1",2022-09-28,"Rural","20-29y","Male",7,"(5,50]","Student","Currently enrolled in school",1,NA,0,0,0,0,0,NA,NA,NA,NA,NA
"538","332-1",2022-09-28,"Rural","40-59y","Male",3,"(2,5]","Semiskilled / skilled labor","Primary school",6,NA,1,1,0,0,0,NA,NA,NA,NA,NA
"539","333-1",2022-09-28,"Rural","10-19y","Male",2,"[0,2]","Unemployed outside home","Secondary school",11,5.10833333333333,1,1,1,1,1,0,1,0,0,0
"540","334-1",2022-09-28,"Rural","5-9y","Female",9,"(5,50]","Unemployed outside home",NA,10.5,8.7,1,1,1,1,1,1,1,1,0,0
"541","335-1",2022-09-28,"Rural","40-59y","Female",3,"(2,5]","Unemployed outside home","Primary school",2,0.6,0,0,0,0,0,0,0,0,0,0
"542","336-1",2022-09-28,"Rural","10-19y","Male",3,"(2,5]","Unemployed outside home","Secondary school",6,24.7666666666667,1,1,0,0,0,1,1,1,1,1
"543","337-1",2022-09-28,"Rural","20-29y","Female",6,"(5,50]","Unemployed outside home","Secondary school",3.5,0.5,0,0,0,0,0,0,0,0,0,0
"544","338-1",2022-09-28,"Rural","30-39y","Female",6,"(5,50]","Unemployed outside home","Secondary school",5.5,NA,1,1,0,0,0,NA,NA,NA,NA,NA
"545","339-1",2022-09-28,"Rural","30-39y","Male",5,"(2,5]","Unemployed outside home","Primary school",1,NA,0,0,0,0,0,NA,NA,NA,NA,NA
"546","340-1",2022-09-28,"Rural","10-19y","Male",5,"(2,5]","Unemployed outside home","Secondary school",6.5,13.75,1,1,1,0,0,1,1,1,1,0
"547","341-1",2022-09-23,"Urban","30-39y","Male",4,"(2,5]","Semiskilled / skilled labor","Secondary school",2,0.575,0,0,0,0,0,0,0,0,0,0
"548","342-1",2022-09-25,"Urban","10-19y","Female",6,"(5,50]","Student","Currently enrolled in school",4.5,1.04166666666667,0,1,0,0,0,0,0,0,0,0
"549","343-1",2022-09-25,"Urban","5-9y","Male",5,"(2,5]","Unemployed outside home","Currently enrolled in school",5.5,3.89166666666667,1,1,0,0,0,0,1,0,0,0
"550","345-1",2022-09-26,"Urban","60+y","Male",4,"(2,5]","Unemployed outside home","Secondary school",5,0.633333333333333,1,1,0,0,0,0,0,0,0,0
"551","346-1",2022-09-26,"Urban","20-29y","Female",4,"(2,5]","Unemployed outside home","Secondary school",3,0.658333333333333,0,0,0,0,0,0,0,0,0,0
"552","347-1",2022-09-27,"Urban","5-9y","Female",4,"(2,5]","Unemployed outside home","Currently enrolled in school",5.5,1.58333333333333,1,1,0,0,0,0,0,0,0,0
"553","348-1",2022-09-27,"Urban","10-19y","Female",4,"(2,5]","Student","Currently enrolled in school",3.5,1.33333333333333,0,0,0,0,0,0,0,0,0,0
"554","349-1",2022-09-28,"Urban","40-59y","Female",5,"(2,5]","Unemployed outside home","Secondary school",1,NA,0,0,0,0,0,NA,NA,NA,NA,NA
"555","350-1",2022-09-28,"Urban","20-29y","Female",10,"(5,50]","Unemployed outside home","Secondary school",14.5,9.00833333333333,1,1,1,1,1,1,1,1,0,0
"556","351-1",2022-09-23,"Urban","5-9y","Male",5,"(2,5]","Unemployed outside home","Currently enrolled in school",14,13.8583333333333,1,1,1,1,1,1,1,1,1,0
"557","352-1",2022-09-22,"Urban","5-9y","Female",6,"(5,50]","Unemployed outside home","Currently enrolled in school",12.5,3.20833333333333,1,1,1,1,1,0,1,0,0,0
"558","353-1",2022-09-22,"Urban","40-59y","Female",6,"(5,50]","Unemployed outside home","Secondary school",4,5.18333333333333,0,0,0,0,0,0,1,0,0,0
"559","354-1",2022-09-24,"Urban","30-39y","Female",4,"(2,5]","Semiskilled / skilled labor","Secondary school",8.5,10.4083333333333,1,1,1,1,0,1,1,1,1,0
"560","355-1",2022-09-24,"Urban","10-19y","Female",5,"(2,5]","Student","Currently enrolled in school",7.5,2.975,1,1,1,1,0,0,0,0,0,0
"561","356-1",2022-09-24,"Urban","5-9y","Female",5,"(2,5]","Unemployed outside home","Currently enrolled in school",3.5,1.51666666666667,0,0,0,0,0,0,0,0,0,0
"562","357-1",2022-09-25,"Urban","5-9y","Male",6,"(5,50]","Unemployed outside home","Currently enrolled in school",14.5,4.475,1,1,1,1,1,0,1,0,0,0
"563","358-1",2022-09-25,"Urban","10-19y","Male",4,"(2,5]","Student","Currently enrolled in school",15,3.05,1,1,1,1,1,0,1,0,0,0
"564","359-1",2022-10-01,"Rural","40-59y","Female",2,"[0,2]","Unemployed outside home","None",6.5,NA,1,1,1,0,0,NA,NA,NA,NA,NA
"565","360-1",2022-10-01,"Rural","40-59y","Female",4,"(2,5]","Unemployed outside home","Secondary school",1.5,NA,0,0,0,0,0,NA,NA,NA,NA,NA
"566","361-1",2022-10-01,"Urban","60+y","Male",6,"(5,50]","Unemployed outside home","Secondary school",3,6.95,0,0,0,0,0,1,1,0,0,0
"567","362-1",2022-10-03,"Urban","5-9y","Female",6,"(5,50]","Unemployed outside home","Currently enrolled in school",5,13.225,1,1,0,0,0,1,1,1,1,0
"568","363-1",2022-10-03,"Urban","10-19y","Female",5,"(2,5]","Student","Currently enrolled in school",6,16.1166666666667,1,1,0,0,0,1,1,1,1,1
"569","364-1",2022-10-03,"Urban","5-9y","Female",5,"(2,5]","Unemployed outside home","Currently enrolled in school",5.5,10.6833333333333,1,1,0,0,0,1,1,1,1,0
"570","365-1",2022-10-03,"Urban","10-19y","Male",7,"(5,50]","Student","Currently enrolled in school",5.5,8.08333333333333,1,1,0,0,0,1,1,1,0,0
"571","366-1",2022-10-03,"Rural","10-19y","Female",4,"(2,5]","Student","Currently enrolled in school",8.5,NA,1,1,1,1,0,NA,NA,NA,NA,NA
"572","367-1",2022-10-03,"Rural","30-39y","Male",5,"(2,5]","Semiskilled / skilled labor","Secondary school",9.5,0.491666666666667,1,1,1,1,1,0,0,0,0,0
"573","368-1",2022-10-03,"Rural","30-39y","Male",9,"(5,50]","Unemployed outside home","Secondary school",2.5,0,0,0,0,0,0,0,0,0,0,0
"574","369-1",2022-10-03,"Rural","10-19y","Female",10,"(5,50]","Student","Currently enrolled in school",3.5,NA,0,0,0,0,0,NA,NA,NA,NA,NA
"575","370-1",2022-10-01,"Rural","10-19y","Male",5,"(2,5]","Student","Currently enrolled in school",6,1.90833333333333,1,1,0,0,0,0,0,0,0,0
"576","371-1",2022-10-01,"Rural","10-19y","Female",5,"(2,5]","Student","Currently enrolled in school",6.5,NA,1,1,1,0,0,NA,NA,NA,NA,NA
"577","372-1",2022-10-03,"Rural","10-19y","Female",5,"(2,5]","Student","Currently enrolled in school",2.5,NA,0,0,0,0,0,NA,NA,NA,NA,NA
"578","373-1",2022-10-03,"Rural","10-19y","Male",5,"(2,5]","Student","Currently enrolled in school",6,2.75,1,1,0,0,0,0,0,0,0,0
"579","374-1",2022-10-03,"Rural","10-19y","Male",5,"(2,5]","Student","Currently enrolled in school",7,22.75,1,1,1,1,0,1,1,1,1,1
"580","375-1",2022-10-01,"Urban","10-19y","Female",5,"(2,5]","Student","Currently enrolled in school",7,0.883333333333333,1,1,1,1,0,0,0,0,0,0
"581","376-1",2022-10-03,"Urban","10-19y","Female",4,"(2,5]","Student","Currently enrolled in school",11.5,43.5083333333333,1,1,1,1,1,1,1,1,1,1
"582","377-1",2022-10-03,"Urban","60+y","Male",6,"(5,50]","Unemployed outside home","None",1.5,NA,0,0,0,0,0,NA,NA,NA,NA,NA
"583","378-1",2022-10-03,"Urban","30-39y","Female",4,"(2,5]","Unemployed outside home","Secondary school",1,NA,0,0,0,0,0,NA,NA,NA,NA,NA
"584","379-1",2022-10-03,"Urban","60+y","Female",6,"(5,50]","Unemployed outside home","None",1.5,0.275,0,0,0,0,0,0,0,0,0,0
"585","380-1",2022-10-03,"Urban","5-9y","Female",5,"(2,5]","Unemployed outside home","Currently enrolled in school",10.5,3.58333333333333,1,1,1,1,1,0,1,0,0,0
"586","381-1",2022-10-03,"Urban","10-19y","Male",6,"(5,50]","Unemployed outside home","Secondary school",6.5,2.05,1,1,1,0,0,0,0,0,0,0
"587","382-1",2022-10-03,"Urban","5-9y","Female",6,"(5,50]","Unemployed outside home","Currently enrolled in school",8.5,1.65833333333333,1,1,1,1,0,0,0,0,0,0
"588","383-1",2022-10-04,"Urban","60+y","Male",3,"(2,5]","Unemployed outside home","Secondary school",5.5,0.925,1,1,0,0,0,0,0,0,0,0
"589","384-1",2022-10-04,"Urban","10-19y","Female",4,"(2,5]","Student","Currently enrolled in school",4.5,1.65833333333333,0,1,0,0,0,0,0,0,0,0
"590","385-1",2022-10-04,"Urban","5-9y","Male",5,"(2,5]","Unemployed outside home","Currently enrolled in school",2,2.69166666666667,0,0,0,0,0,0,0,0,0,0
"591","386-1",2022-10-04,"Rural","40-59y","Female",4,"(2,5]","Unemployed outside home","Secondary school",3,0.358333333333333,0,0,0,0,0,0,0,0,0,0
"592","387-1",2022-10-04,"Rural","10-19y","Male",10,"(5,50]","Student","Currently enrolled in school",4,NA,0,0,0,0,0,NA,NA,NA,NA,NA
"593","388-1",2022-10-05,"Rural","5-9y","Male",6,"(5,50]","Unemployed outside home","Currently enrolled in school",4.5,11.25,0,1,0,0,0,1,1,1,1,0
"594","389-1",2022-10-05,"Rural","5-9y","Male",5,"(2,5]","Unemployed outside home","Currently enrolled in school",1,NA,0,0,0,0,0,NA,NA,NA,NA,NA
"595","390-1",2022-10-05,"Rural","5-9y","Female",4,"(2,5]","Unemployed outside home","Currently enrolled in school",1,NA,0,0,0,0,0,NA,NA,NA,NA,NA
"596","391-1",2022-09-24,"Urban","60+y","Female",1,"[0,2]","Unemployed outside home","Primary school",3,0.191666666666667,0,0,0,0,0,0,0,0,0,0
"597","392-1",2022-09-24,"Urban","40-59y","Male",4,"(2,5]","Semiskilled / skilled labor","Primary school",6,7.25833333333333,1,1,0,0,0,1,1,0,0,0
"598","393-1",2022-09-24,"Urban","30-39y","Male",7,"(5,50]","Semiskilled / skilled labor","Primary school",7.5,5.33333333333333,1,1,1,1,0,0,1,0,0,0
"599","394-1",2022-09-24,"Urban","20-29y","Male",4,"(2,5]","Student","Currently enrolled in school",6,6.41666666666667,1,1,0,0,0,1,1,0,0,0
"600","395-1",2022-09-24,"Urban","30-39y","Female",7,"(5,50]","Semiskilled / skilled labor","Secondary school",6,9.51666666666667,1,1,0,0,0,1,1,1,0,0
"601","396-1",2022-09-24,"Urban","10-19y","Male",4,"(2,5]","Student","Currently enrolled in school",9.5,5.74166666666667,1,1,1,1,1,1,1,0,0,0
"602","397-1",2022-09-24,"Urban","60+y","Male",6,"(5,50]","Semiskilled / skilled labor","Primary school",3,0.525,0,0,0,0,0,0,0,0,0,0
"603","398-1",2022-09-24,"Urban","5-9y","Male",7,"(5,50]","Unemployed outside home","None",8.5,14.6833333333333,1,1,1,1,0,1,1,1,1,0
"604","399-1",2022-09-26,"Urban","5-9y","Male",6,"(5,50]","Unemployed outside home",NA,5,0,1,1,0,0,0,0,0,0,0,0
"605","400-1",2022-09-26,"Urban","20-29y","Female",4,"(2,5]","Semiskilled / skilled labor","Some college or higher",5.5,6.71666666666667,1,1,0,0,0,1,1,0,0,0
"606","401-1",2022-09-26,"Urban","20-29y","Male",6,"(5,50]","Semiskilled / skilled labor","Secondary school",5,17.5,1,1,0,0,0,1,1,1,1,1
"607","402-1",2022-09-26,"Urban","10-19y","Male",5,"(2,5]","Semiskilled / skilled labor","Secondary school",7,8.625,1,1,1,1,0,1,1,1,0,0
"608","403-1",2022-09-26,"Urban","60+y","Female",1,"[0,2]","Unemployed outside home","None",3,0,0,0,0,0,0,0,0,0,0,0
"609","404-1",2022-09-27,"Urban","60+y","Male",1,"[0,2]","Unemployed outside home","Primary school",6,1.56666666666667,1,1,0,0,0,0,0,0,0,0
"610","405-1",2022-09-27,"Urban","60+y","Male",5,"(2,5]","Unemployed outside home","Secondary school",3,4.20833333333333,0,0,0,0,0,0,1,0,0,0
"611","406-1",2022-09-27,"Urban","60+y","Female",3,"(2,5]","Unemployed outside home","Secondary school",8.5,17.05,1,1,1,1,0,1,1,1,1,1
"612","407-1",2022-09-27,"Urban","20-29y","Male",4,"(2,5]","Unemployed outside home","Secondary school",7,17.1333333333333,1,1,1,1,0,1,1,1,1,1
"613","408-1",2022-09-27,"Urban","60+y","Male",4,"(2,5]","Unemployed outside home","Secondary school",4.5,9.5,0,1,0,0,0,1,1,1,0,0
"614","409-1",2022-09-28,"Urban","40-59y","Male",4,"(2,5]","Semiskilled / skilled labor","Secondary school",2.5,3.94166666666667,0,0,0,0,0,0,1,0,0,0
"615","410-1",2022-09-28,"Urban","10-19y","Male",4,"(2,5]","Student","Currently enrolled in school",3.5,3.06666666666667,0,0,0,0,0,0,1,0,0,0
"616","411-1",2022-09-28,"Urban","30-39y","Female",5,"(2,5]","Unemployed outside home","Secondary school",7,9.79166666666667,1,1,1,1,0,1,1,1,0,0
"617","412-1",2022-09-28,"Urban","10-19y","Male",6,"(5,50]","Student","Currently enrolled in school",5,9.69166666666667,1,1,0,0,0,1,1,1,0,0
"618","413-1",2022-09-28,"Urban","10-19y","Male",6,"(5,50]","Student","Currently enrolled in school",4,8.75,0,0,0,0,0,1,1,1,0,0
"619","414-1",2022-09-28,"Urban","10-19y","Male",3,"(2,5]","Student","Currently enrolled in school",5.5,16.8833333333333,1,1,0,0,0,1,1,1,1,1
"620","415-1",2022-09-28,"Urban","10-19y","Male",5,"(2,5]","Student","Currently enrolled in school",5.5,7.18333333333333,1,1,0,0,0,1,1,0,0,0
"621","416-1",2022-09-30,"Urban","40-59y","Female",3,"(2,5]","Unemployed outside home","Some college or higher",4,2.075,0,0,0,0,0,0,0,0,0,0
"622","417-1",2022-09-30,"Urban","10-19y","Female",5,"(2,5]","Student","Currently enrolled in school",5.5,5.8,1,1,0,0,0,1,1,0,0,0
"623","418-1",2022-10-01,"Urban","40-59y","Male",5,"(2,5]","Semiskilled / skilled labor","Secondary school",5.5,1.025,1,1,0,0,0,0,0,0,0,0
"624","419-1",2022-10-01,"Urban","20-29y","Female",3,"(2,5]","Semiskilled / skilled labor","Secondary school",3.5,NA,0,0,0,0,0,NA,NA,NA,NA,NA
"625","420-1",2022-10-01,"Urban","10-19y","Female",4,"(2,5]","Student","Currently enrolled in school",5,NA,1,1,0,0,0,NA,NA,NA,NA,NA
"626","421-1",2022-10-01,"Urban","30-39y","Male",4,"(2,5]","Semiskilled / skilled labor","Secondary school",6,8.25,1,1,0,0,0,1,1,1,0,0
"627","422-1",2022-10-01,"Urban","5-9y","Male",4,"(2,5]","Unemployed outside home","Currently enrolled in school",6.5,23.25,1,1,1,0,0,1,1,1,1,1
"628","423-1",2022-10-03,"Urban","40-59y","Male",5,"(2,5]","Semiprofessional / professional","Secondary school",6.5,13.1666666666667,1,1,1,0,0,1,1,1,1,0
"629","424-1",2022-10-03,"Urban","10-19y","Male",5,"(2,5]","Student","Currently enrolled in school",9,39.45,1,1,1,1,1,1,1,1,1,1
"630","425-1",2022-10-03,"Urban","30-39y","Male",6,"(5,50]","Semiskilled / skilled labor","Secondary school",4.5,5.375,0,1,0,0,0,0,1,0,0,0
"631","426-1",2022-10-03,"Urban","60+y","Female",6,"(5,50]","Unemployed outside home","Primary school",5,NA,1,1,0,0,0,NA,NA,NA,NA,NA
"632","427-1",2022-10-03,"Urban","10-19y","Female",6,"(5,50]","Unemployed outside home","Some college or higher",2.5,NA,0,0,0,0,0,NA,NA,NA,NA,NA
"633","428-1",2022-10-05,"Urban","20-29y","Male",6,"(5,50]","Unemployed outside home","Some college or higher",3.5,13.4166666666667,0,0,0,0,0,1,1,1,1,0
"634","429-1",2022-10-05,"Urban","20-29y","Female",3,"(2,5]","Unemployed outside home","Some college or higher",5,NA,1,1,0,0,0,NA,NA,NA,NA,NA
"635","430-1",2022-10-05,"Urban","20-29y","Female",2,"[0,2]","Unemployed outside home","Secondary school",8,NA,1,1,1,1,0,NA,NA,NA,NA,NA
"636","431-1",2022-10-04,"Urban","10-19y","Female",4,"(2,5]","Student","Currently enrolled in school",8.5,7.78333333333333,1,1,1,1,0,1,1,0,0,0
"637","432-1",2022-10-04,"Urban","40-59y","Male",4,"(2,5]","Semiskilled / skilled labor","Some college or higher",3.5,1.30833333333333,0,0,0,0,0,0,0,0,0,0
"638","433-1",2022-10-04,"Urban","40-59y","Female",2,"[0,2]","Unemployed outside home","Secondary school",11,1.49166666666667,1,1,1,1,1,0,0,0,0,0
"639","434-1",2022-10-05,"Urban","60+y","Male",6,"(5,50]","Unemployed outside home","Primary school",1.5,NA,0,0,0,0,0,NA,NA,NA,NA,NA
"640","435-1",2022-10-05,"Urban","60+y","Female",1,"[0,2]","Unemployed outside home","None",7,7.30833333333333,1,1,1,1,0,1,1,0,0,0
"641","443-1",2022-10-01,"Rural","10-19y","Male",5,"(2,5]","Student","Currently enrolled in school",2.5,NA,0,0,0,0,0,NA,NA,NA,NA,NA
"642","444-1",2022-10-03,"Rural","10-19y","Male",5,"(2,5]","Student","Currently enrolled in school",6.5,NA,1,1,1,0,0,NA,NA,NA,NA,NA
"643","445-1",2022-10-03,"Rural","5-9y","Female",4,"(2,5]","Unemployed outside home","Currently enrolled in school",4.5,NA,0,1,0,0,0,NA,NA,NA,NA,NA
"644","446-1",2022-10-03,"Rural","10-19y","Female",6,"(5,50]","Student","Currently enrolled in school",4.5,NA,0,1,0,0,0,NA,NA,NA,NA,NA
"645","448-1",2022-10-05,"Rural","10-19y","Female",4,"(2,5]","Student","Currently enrolled in school",4.5,NA,0,1,0,0,0,NA,NA,NA,NA,NA
"646","449-1",2022-10-05,"Rural","10-19y","Female",4,"(2,5]","Student","Currently enrolled in school",4.5,NA,0,1,0,0,0,NA,NA,NA,NA,NA
"647","450-1",2022-10-05,"Rural","10-19y","Male",5,"(2,5]","Student","Currently enrolled in school",6.5,5.74166666666667,1,1,1,0,0,1,1,0,0,0
"648","451-1",2022-10-06,"Rural","40-59y","Male",9,"(5,50]","Semiskilled / skilled labor","Secondary school",2,0.1,0,0,0,0,0,0,0,0,0,0
"649","452-1",2022-10-06,"Rural","5-9y","Female",3,"(2,5]","Unemployed outside home","Currently enrolled in school",3,0.5,0,0,0,0,0,0,0,0,0,0
"650","453-1",2022-10-06,"Rural","10-19y","Male",5,"(2,5]","Student","Currently enrolled in school",1.5,NA,0,0,0,0,0,NA,NA,NA,NA,NA
"651","454-1",2022-10-06,"Rural","30-39y","Female",4,"(2,5]","Unemployed outside home","Primary school",4.5,NA,0,1,0,0,0,NA,NA,NA,NA,NA
"652","455-1",2022-10-06,"Rural","10-19y","Male",4,"(2,5]","Student","Currently enrolled in school",6.5,NA,1,1,1,0,0,NA,NA,NA,NA,NA
"653","456-1",2022-10-06,"Rural","5-9y","Female",6,"(5,50]","Unemployed outside home","Currently enrolled in school",1.5,NA,0,0,0,0,0,NA,NA,NA,NA,NA
"654","457-1",2022-10-06,"Rural","5-9y","Female",6,"(5,50]","Unemployed outside home","Currently enrolled in school",12,17.6583333333333,1,1,1,1,1,1,1,1,1,1
"655","458-1",2022-10-06,"Rural","5-9y","Female",5,"(2,5]","Unemployed outside home","Currently enrolled in school",6.5,NA,1,1,1,0,0,NA,NA,NA,NA,NA
"656","459-1",2022-10-06,"Rural","5-9y","Female",4,"(2,5]","Unemployed outside home","Currently enrolled in school",9.5,3.80833333333333,1,1,1,1,1,0,1,0,0,0
"657","460-1",2022-10-06,"Rural","10-19y","Female",5,"(2,5]","Student","Currently enrolled in school",12,17.5166666666667,1,1,1,1,1,1,1,1,1,1
"658","461-1",2022-10-07,"Rural","20-29y","Male",4,"(2,5]","Semiprofessional / professional","Some college or higher",8,7.75,1,1,1,1,0,1,1,0,0,0
"659","462-1",2022-10-07,"Rural","5-9y","Male",4,"(2,5]","Unemployed outside home",NA,1.5,NA,0,0,0,0,0,NA,NA,NA,NA,NA
"660","463-1",2022-10-07,"Rural","5-9y","Male",4,"(2,5]","Unemployed outside home",NA,8.5,1.125,1,1,1,1,0,0,0,0,0,0
"661","464-1",2022-10-07,"Rural","30-39y","Male",5,"(2,5]","Semiprofessional / professional","Some college or higher",1,NA,0,0,0,0,0,NA,NA,NA,NA,NA
"662","465-1",2022-10-05,"Rural","10-19y","Male",4,"(2,5]","Student","Currently enrolled in school",8.5,NA,1,1,1,1,0,NA,NA,NA,NA,NA
"663","466-1",2022-10-05,"Rural","40-59y","Female",3,"(2,5]","Unemployed outside home","Primary school",7,21.6916666666667,1,1,1,1,0,1,1,1,1,1
"664","467-1",2022-10-06,"Rural","10-19y","Female",6,"(5,50]","Student","Currently enrolled in school",16,26.7166666666667,1,1,1,1,1,1,1,1,1,1
"665","468-1",2022-10-06,"Rural","10-19y","Female",6,"(5,50]","Student","Currently enrolled in school",13,7.25833333333333,1,1,1,1,1,1,1,0,0,0
"666","469-1",2022-10-06,"Rural","5-9y","Female",6,"(5,50]","Unemployed outside home","Currently enrolled in school",11.5,5.45833333333333,1,1,1,1,1,0,1,0,0,0
"667","470-1",2022-10-06,"Rural","10-19y","Female",6,"(5,50]","Student","Currently enrolled in school",6.5,NA,1,1,1,0,0,NA,NA,NA,NA,NA
"668","471-1",2022-10-07,"Rural","5-9y","Male",11,"(5,50]","Unemployed outside home",NA,4.5,NA,0,1,0,0,0,NA,NA,NA,NA,NA
"669","472-1",2022-10-07,"Rural","5-9y","Male",11,"(5,50]","Unemployed outside home","Currently enrolled in school",5,NA,1,1,0,0,0,NA,NA,NA,NA,NA
"670","473-1",2022-10-07,"Rural","10-19y","Male",7,"(5,50]","Student","Currently enrolled in school",1,NA,0,0,0,0,0,NA,NA,NA,NA,NA
"671","474-1",2022-10-07,"Rural","5-9y","Male",4,"(2,5]","Unemployed outside home","Currently enrolled in school",4,NA,0,0,0,0,0,NA,NA,NA,NA,NA
"672","475-1",2022-10-07,"Rural","30-39y","Male",5,"(2,5]","Unemployed outside home","Primary school",2,NA,0,0,0,0,0,NA,NA,NA,NA,NA
"673","476-1",2022-10-07,"Rural","10-19y","Male",5,"(2,5]","Student","Currently enrolled in school",3,0.95,0,0,0,0,0,0,0,0,0,0
"674","477-1",2022-10-07,"Rural","10-19y","Female",4,"(2,5]","Student","Currently enrolled in school",9.5,NA,1,1,1,1,1,NA,NA,NA,NA,NA
"675","478-1",2022-10-07,"Rural","5-9y","Male",3,"(2,5]","Unemployed outside home","Currently enrolled in school",9.5,20.9333333333333,1,1,1,1,1,1,1,1,1,1
"676","479-1",2022-10-08,"Rural","10-19y","Male",5,"(2,5]","Student","Currently enrolled in school",16.5,NA,1,1,1,1,1,NA,NA,NA,NA,NA
"677","480-1",2022-10-08,"Rural","10-19y","Male",5,"(2,5]","Student","Currently enrolled in school",16.5,NA,1,1,1,1,1,NA,NA,NA,NA,NA
"678","481-1",2022-10-08,"Rural","10-19y","Male",5,"(2,5]","Student","Currently enrolled in school",2.5,0.0833333333333333,0,0,0,0,0,0,0,0,0,0
"679","482-1",2022-10-08,"Rural","5-9y","Male",4,"(2,5]","Unemployed outside home","Currently enrolled in school",7,42,1,1,1,1,0,1,1,1,1,1
"680","483-1",2022-10-06,"Rural","10-19y","Male",4,"(2,5]","Student","Currently enrolled in school",3.5,NA,0,0,0,0,0,NA,NA,NA,NA,NA
"681","484-1",2022-10-07,"Rural","10-19y","Female",5,"(2,5]","Student","Currently enrolled in school",5.5,NA,1,1,0,0,0,NA,NA,NA,NA,NA
"682","485-1",2022-10-07,"Rural","10-19y","Male",4,"(2,5]","Unemployed outside home","Primary school",4.5,NA,0,1,0,0,0,NA,NA,NA,NA,NA
"683","486-1",2022-10-07,"Rural","40-59y","Female",3,"(2,5]","Unemployed outside home","Secondary school",4.5,NA,0,1,0,0,0,NA,NA,NA,NA,NA
"684","487-1",2022-10-08,"Rural","30-39y","Male",3,"(2,5]","Unemployed outside home","Secondary school",8.5,NA,1,1,1,1,0,NA,NA,NA,NA,NA
"685","488-1",2022-10-08,"Rural","40-59y","Female",4,"(2,5]","Unemployed outside home","Primary school",2,2,0,0,0,0,0,0,0,0,0,0
"686","489-1",2022-10-10,"Rural","20-29y","Female",6,"(5,50]","Unemployed outside home","Secondary school",2.5,NA,0,0,0,0,0,NA,NA,NA,NA,NA
"687","490-1",2022-10-10,"Rural","30-39y","Male",6,"(5,50]","Unemployed outside home","None",1,NA,0,0,0,0,0,NA,NA,NA,NA,NA
"688","491-1",2022-10-10,"Rural","5-9y","Male",7,"(5,50]","Unemployed outside home","Currently enrolled in school",1,NA,0,0,0,0,0,NA,NA,NA,NA,NA
"689","492-1",2022-10-08,"Rural","10-19y","Female",6,"(5,50]","Student","Currently enrolled in school",4,16.4416666666667,0,0,0,0,0,1,1,1,1,1
"690","493-1",2022-10-11,"Rural","20-29y","Male",5,"(2,5]","Unemployed outside home","Some college or higher",1,NA,0,0,0,0,0,NA,NA,NA,NA,NA
"691","494-1",2022-10-11,"Rural","30-39y","Female",4,"(2,5]","Unemployed outside home","Secondary school",3,6.75,0,0,0,0,0,1,1,0,0,0
"692","495-1",2022-10-11,"Rural","30-39y","Male",2,"[0,2]","Semiskilled / skilled labor","Secondary school",6.5,NA,1,1,1,0,0,NA,NA,NA,NA,NA
"693","496-1",2022-10-11,"Rural","30-39y","Male",5,"(2,5]","Semiskilled / skilled labor","Secondary school",1.5,0.05,0,0,0,0,0,0,0,0,0,0
"694","497-1",2022-10-06,"Urban","5-9y","Female",5,"(2,5]","Unemployed outside home","Currently enrolled in school",8,22.2583333333333,1,1,1,1,0,1,1,1,1,1
"695","498-1",2022-10-06,"Urban","10-19y","Female",4,"(2,5]","Student","Currently enrolled in school",7.5,NA,1,1,1,1,0,NA,NA,NA,NA,NA
"696","499-1",2022-10-07,"Urban","20-29y","Male",3,"(2,5]","Semiskilled / skilled labor","Secondary school",8,15.4416666666667,1,1,1,1,0,1,1,1,1,1
"697","500-1",2022-10-07,"Urban","10-19y","Male",5,"(2,5]","Student","Currently enrolled in school",5.5,20.3833333333333,1,1,0,0,0,1,1,1,1,1
"698","501-1",2022-10-11,"Urban","10-19y","Male",5,"(2,5]","Student","Currently enrolled in school",5,NA,1,1,0,0,0,NA,NA,NA,NA,NA
"699","502-1",2022-10-11,"Urban","20-29y","Male",4,"(2,5]","Semiskilled / skilled labor","Secondary school",4.5,NA,0,1,0,0,0,NA,NA,NA,NA,NA
"700","503-1",2022-10-11,"Urban","10-19y","Male",4,"(2,5]","Semiskilled / skilled labor","Primary school",5,NA,1,1,0,0,0,NA,NA,NA,NA,NA
"701","504-1",2022-10-06,"Urban","40-59y","Female",4,"(2,5]","Semiprofessional / professional","Some college or higher",3,0.741666666666667,0,0,0,0,0,0,0,0,0,0
"702","505-1",2022-10-06,"Urban","30-39y","Female",4,"(2,5]","Unemployed outside home","Secondary school",1,NA,0,0,0,0,0,NA,NA,NA,NA,NA
"703","506-1",2022-10-06,"Urban","10-19y","Female",6,"(5,50]","Student","Currently enrolled in school",4,6.74166666666667,0,0,0,0,0,1,1,0,0,0
"704","507-1",2022-10-06,"Urban","40-59y","Female",6,"(5,50]","Unemployed outside home","Secondary school",3,0.466666666666667,0,0,0,0,0,0,0,0,0,0
"705","508-1",2022-10-06,"Urban","10-19y","Female",6,"(5,50]","Student","Currently enrolled in school",4,0.8,0,0,0,0,0,0,0,0,0,0
"706","509-1",2022-10-06,"Urban","10-19y","Female",4,"(2,5]","Student","Currently enrolled in school",7,10.4583333333333,1,1,1,1,0,1,1,1,1,0
"707","510-1",2022-10-07,"Urban","10-19y","Male",3,"(2,5]","Student","Currently enrolled in school",5.5,15.9583333333333,1,1,0,0,0,1,1,1,1,1
"708","511-1",2022-10-08,"Urban","10-19y","Female",5,"(2,5]","Student","Currently enrolled in school",6.5,8.06666666666667,1,1,1,0,0,1,1,1,0,0
"709","512-1",2022-10-08,"Urban","10-19y","Male",5,"(2,5]","Student","Currently enrolled in school",13,11.8333333333333,1,1,1,1,1,1,1,1,1,0
"710","514-1",2022-10-11,"Urban","20-29y","Female",4,"(2,5]","Semiskilled / skilled labor","Some college or higher",7.5,21.7416666666667,1,1,1,1,0,1,1,1,1,1
"711","515-1",2022-10-11,"Rural","5-9y","Male",4,"(2,5]","Unemployed outside home","Currently enrolled in school",7,19.2083333333333,1,1,1,1,0,1,1,1,1,1
"712","516-1",2022-10-11,"Rural","10-19y","Male",4,"(2,5]","Student","Currently enrolled in school",9.5,17.075,1,1,1,1,1,1,1,1,1,1
"713","517-1",2022-10-12,"Rural","30-39y","Male",4,"(2,5]","Semiskilled / skilled labor","Secondary school",4,0.666666666666667,0,0,0,0,0,0,0,0,0,0
"714","518-1",2022-10-12,"Rural","10-19y","Male",3,"(2,5]","Student","Currently enrolled in school",5,11.25,1,1,0,0,0,1,1,1,1,0
"715","519-1",2022-10-12,"Rural","20-29y","Male",3,"(2,5]","Semiprofessional / professional","Secondary school",1,NA,0,0,0,0,0,NA,NA,NA,NA,NA
"716","520-1",2022-10-12,"Rural","10-19y","Male",4,"(2,5]","Unemployed outside home","None",8.5,NA,1,1,1,1,0,NA,NA,NA,NA,NA
"717","521-1",2022-10-10,"Rural","20-29y","Male",7,"(5,50]","Semiprofessional / professional","Some college or higher",1,NA,0,0,0,0,0,NA,NA,NA,NA,NA
"718","522-1",2022-10-11,"Rural","30-39y","Female",5,"(2,5]","Semiprofessional / professional","Secondary school",8.5,NA,1,1,1,1,0,NA,NA,NA,NA,NA
"719","523-1",2022-10-11,"Rural","10-19y","Female",5,"(2,5]","Student","Currently enrolled in school",12.5,NA,1,1,1,1,1,NA,NA,NA,NA,NA
"720","524-1",2022-10-11,"Rural","10-19y","Female",5,"(2,5]","Student","Currently enrolled in school",11.5,NA,1,1,1,1,1,NA,NA,NA,NA,NA
"721","525-1",2022-10-12,"Rural","30-39y","Male",2,"[0,2]","Semiskilled / skilled labor","Secondary school",4.5,NA,0,1,0,0,0,NA,NA,NA,NA,NA
"722","526-1",2022-10-13,"Rural","10-19y","Male",4,"(2,5]","Unemployed outside home","Secondary school",5.5,NA,1,1,0,0,0,NA,NA,NA,NA,NA
"723","527-1",2022-10-13,"Rural","10-19y","Male",6,"(5,50]","Student","Currently enrolled in school",5.5,NA,1,1,0,0,0,NA,NA,NA,NA,NA
"724","528-1",2022-10-12,"Rural","5-9y","Female",4,"(2,5]","Unemployed outside home","Currently enrolled in school",6.5,7.49166666666667,1,1,1,0,0,1,1,0,0,0
"725","529-1",2022-10-12,"Rural","20-29y","Male",7,"(5,50]","Semiprofessional / professional","Some college or higher",3,1.21666666666667,0,0,0,0,0,0,0,0,0,0
"726","530-1",2022-10-12,"Rural","5-9y","Male",4,"(2,5]","Unemployed outside home","Currently enrolled in school",7,10.7666666666667,1,1,1,1,0,1,1,1,1,0
"727","531-1",2022-10-12,"Urban","60+y","Male",8,"(5,50]","Unemployed outside home","Primary school",1,0,0,0,0,0,0,0,0,0,0,0
"728","532-1",2022-10-12,"Urban","40-59y","Female",8,"(5,50]","Semiskilled / skilled labor","Secondary school",6,0.916666666666667,1,1,0,0,0,0,0,0,0,0
"729","533-1",2022-10-12,"Urban","10-19y","Male",6,"(5,50]","Student","Currently enrolled in school",9.5,6.93333333333333,1,1,1,1,1,1,1,0,0,0
"730","534-1",2022-10-12,"Urban","10-19y","Female",6,"(5,50]","Unemployed outside home","Secondary school",4,0.633333333333333,0,0,0,0,0,0,0,0,0,0
"731","535-1",2022-10-13,"Rural","30-39y","Male",10,"(5,50]","Semiskilled / skilled labor","Secondary school",6.5,1.73333333333333,1,1,1,0,0,0,0,0,0,0
"732","536-1",2022-10-13,"Rural","30-39y","Female",10,"(5,50]","Unemployed outside home","Secondary school",5,1.375,1,1,0,0,0,0,0,0,0,0
"733","537-1",2022-10-13,"Rural","5-9y","Male",7,"(5,50]","Unemployed outside home",NA,1,NA,0,0,0,0,0,NA,NA,NA,NA,NA
"734","538-1",2022-10-13,"Rural","30-39y","Male",4,"(2,5]","Semiskilled / skilled labor","Secondary school",4.5,4.95833333333333,0,1,0,0,0,0,1,0,0,0
"735","539-1",2022-10-13,"Urban","10-19y","Female",6,"(5,50]","Student","Currently enrolled in school",10,13.5666666666667,1,1,1,1,1,1,1,1,1,0
"736","540-1",2022-10-13,"Urban","10-19y","Male",5,"(2,5]","Student","Currently enrolled in school",6.5,3.275,1,1,1,0,0,0,1,0,0,0
"737","541-1",2022-10-13,"Rural","30-39y","Female",6,"(5,50]","Unemployed outside home","Some college or higher",4.5,0,0,1,0,0,0,0,0,0,0,0
"738","542-1",2022-10-14,"Rural","20-29y","Male",5,"(2,5]","Semiskilled / skilled labor","Secondary school",4,4.96666666666667,0,0,0,0,0,0,1,0,0,0
"739","543-1",2022-10-14,"Rural","10-19y","Male",5,"(2,5]","Student","Currently enrolled in school",3.5,3.94166666666667,0,0,0,0,0,0,1,0,0,0
"740","544-1",2022-10-14,"Rural","10-19y","Male",4,"(2,5]","Student","Currently enrolled in school",6.5,15.025,1,1,1,0,0,1,1,1,1,0
"741","545-1",2022-10-14,"Rural","10-19y","Female",4,"(2,5]","Unemployed outside home","Some college or higher",3.5,3.15833333333333,0,0,0,0,0,0,1,0,0,0
"742","546-1",2022-10-14,"Rural","10-19y","Male",5,"(2,5]","Student","Currently enrolled in school",7,42,1,1,1,1,0,1,1,1,1,1
"743","547-1",2022-10-14,"Rural","10-19y","Male",5,"(2,5]","Student","Currently enrolled in school",6,19.9583333333333,1,1,0,0,0,1,1,1,1,1
"744","548-1",2022-10-14,"Rural","20-29y","Male",5,"(2,5]","Semiprofessional / professional","Some college or higher",4.5,NA,0,1,0,0,0,NA,NA,NA,NA,NA
"745","549-1",2022-10-05,"Urban","10-19y","Male",4,"(2,5]","Student","Currently enrolled in school",7.5,19.075,1,1,1,1,0,1,1,1,1,1
"746","550-1",2022-10-05,"Urban","10-19y","Female",4,"(2,5]","Student","Currently enrolled in school",7.5,22.2083333333333,1,1,1,1,0,1,1,1,1,1
"747","551-1",2022-10-05,"Urban","10-19y","Male",8,"(5,50]","Unemployed outside home","Some college or higher",8.5,1.68333333333333,1,1,1,1,0,0,0,0,0,0
"748","552-1",2022-10-06,"Urban","30-39y","Male",5,"(2,5]","Semiskilled / skilled labor","Secondary school",4.5,0.858333333333333,0,1,0,0,0,0,0,0,0,0
"749","554-1",2022-10-06,"Urban","40-59y","Female",3,"(2,5]","Semiskilled / skilled labor","Secondary school",4.5,1.39166666666667,0,1,0,0,0,0,0,0,0,0
"750","555-1",2022-10-06,"Urban","30-39y","Male",7,"(5,50]","Semiskilled / skilled labor","Secondary school",1.5,0.383333333333333,0,0,0,0,0,0,0,0,0,0
"751","556-1",2022-10-07,"Urban","10-19y","Male",5,"(2,5]","Student","Currently enrolled in school",6,20.25,1,1,0,0,0,1,1,1,1,1
"752","558-1",2022-10-07,"Urban","10-19y","Female",5,"(2,5]","Student","Currently enrolled in school",2.5,NA,0,0,0,0,0,NA,NA,NA,NA,NA
"753","559-1",2022-10-07,"Urban","40-59y","Male",3,"(2,5]","Semiskilled / skilled labor","Primary school",7.5,2.25833333333333,1,1,1,1,0,0,0,0,0,0
"754","560-1",2022-10-08,"Urban","5-9y","Female",3,"(2,5]","Unemployed outside home","Currently enrolled in school",7.5,NA,1,1,1,1,0,NA,NA,NA,NA,NA
"755","562-1",2022-10-08,"Urban","5-9y","Female",5,"(2,5]","Unemployed outside home","Currently enrolled in school",3.5,NA,0,0,0,0,0,NA,NA,NA,NA,NA
"756","565-1",2022-10-11,"Urban","10-19y","Female",5,"(2,5]","Unemployed outside home","Secondary school",10.5,0.0833333333333333,1,1,1,1,1,0,0,0,0,0
"757","566-1",2022-10-11,"Urban","40-59y","Female",4,"(2,5]","Unemployed outside home","Secondary school",5,0.0833333333333333,1,1,0,0,0,0,0,0,0,0
"758","568-1",2022-10-13,"Urban","30-39y","Female",6,"(5,50]","Unemployed outside home","Secondary school",4,0.466666666666667,0,0,0,0,0,0,0,0,0,0
"759","570-1",2022-10-13,"Urban","20-29y","Male",4,"(2,5]","Unemployed outside home","Some college or higher",2.5,NA,0,0,0,0,0,NA,NA,NA,NA,NA
"760","571-1",2022-10-14,"Urban","5-9y","Female",6,"(5,50]","Unemployed outside home",NA,4.5,NA,0,1,0,0,0,NA,NA,NA,NA,NA
"761","572-1",2022-10-14,"Urban","5-9y","Male",6,"(5,50]","Unemployed outside home","Currently enrolled in school",5.5,NA,1,1,0,0,0,NA,NA,NA,NA,NA
"762","573-1",2022-10-14,"Urban","60+y","Male",6,"(5,50]","Semiprofessional / professional","Primary school",3.5,NA,0,0,0,0,0,NA,NA,NA,NA,NA
"763","574-1",2022-10-14,"Urban","20-29y","Male",3,"(2,5]","Semiskilled / skilled labor","Secondary school",2.5,4.5,0,0,0,0,0,0,1,0,0,0
"764","575-1",2022-10-14,"Urban","5-9y","Female",5,"(2,5]","Unemployed outside home","Currently enrolled in school",3.5,12.25,0,0,0,0,0,1,1,1,1,0
"765","576-1",2022-10-14,"Urban","5-9y","Male",5,"(2,5]","Unemployed outside home","Currently enrolled in school",9,16.8083333333333,1,1,1,1,1,1,1,1,1,1
"766","577-1",2022-10-14,"Urban","5-9y","Female",5,"(2,5]","Unemployed outside home","Currently enrolled in school",6,1.26666666666667,1,1,0,0,0,0,0,0,0,0
"767","578-1",2022-10-14,"Urban","30-39y","Male",6,"(5,50]","Semiskilled / skilled labor","Secondary school",5.5,4.50833333333333,1,1,0,0,0,0,1,0,0,0
"768","579-1",2022-10-15,"Urban","10-19y","Male",5,"(2,5]","Semiskilled / skilled labor","Secondary school",4.5,NA,0,1,0,0,0,NA,NA,NA,NA,NA
"769","580-1",2022-10-15,"Urban","30-39y","Male",7,"(5,50]","Semiskilled / skilled labor","Secondary school",4.5,NA,0,1,0,0,0,NA,NA,NA,NA,NA
"770","581-1",2022-10-17,"Rural","10-19y","Female",3,"(2,5]","Student","Currently enrolled in school",4.5,11.25,0,1,0,0,0,1,1,1,1,0
"771","582-1",2022-10-17,"Rural","10-19y","Female",7,"(5,50]","Student","Currently enrolled in school",4,7.88333333333333,0,0,0,0,0,1,1,1,0,0
"772","583-1",2022-10-15,"Rural","10-19y","Male",4,"(2,5]","Student","Currently enrolled in school",8.5,2.35,1,1,1,1,0,0,0,0,0,0
"773","584-1",2022-10-15,"Rural","10-19y","Female",4,"(2,5]","Student","Currently enrolled in school",5,9.325,1,1,0,0,0,1,1,1,0,0
"774","585-1",2022-10-17,"Rural","10-19y","Female",5,"(2,5]","Student","Currently enrolled in school",8,26.65,1,1,1,1,0,1,1,1,1,1
"775","586-1",2022-10-17,"Rural","10-19y","Female",5,"(2,5]","Student","Currently enrolled in school",8.5,NA,1,1,1,1,0,NA,NA,NA,NA,NA
"776","587-1",2022-10-15,"Urban","5-9y","Male",4,"(2,5]","Unemployed outside home","Currently enrolled in school",10,11.2583333333333,1,1,1,1,1,1,1,1,1,0
"777","588-1",2022-10-17,"Urban","10-19y","Female",5,"(2,5]","Student","Currently enrolled in school",9.5,1.925,1,1,1,1,1,0,0,0,0,0
"778","589-1",2022-10-17,"Urban","5-9y","Male",5,"(2,5]","Unemployed outside home","Currently enrolled in school",6.5,7.18333333333333,1,1,1,0,0,1,1,0,0,0
"779","590-1",2022-10-17,"Rural","30-39y","Male",4,"(2,5]","Semiskilled / skilled labor","Primary school",6,0.55,1,1,0,0,0,0,0,0,0,0
"780","591-1",2022-10-18,"Rural","10-19y","Male",4,"(2,5]","Student","Currently enrolled in school",11.5,NA,1,1,1,1,1,NA,NA,NA,NA,NA
"781","592-1",2022-10-18,"Rural","10-19y","Male",4,"(2,5]","Student","Currently enrolled in school",17,NA,1,1,1,1,1,NA,NA,NA,NA,NA
"782","593-1",2022-10-18,"Rural","5-9y","Female",10,"(5,50]","Unemployed outside home","Currently enrolled in school",3.5,8.75,0,0,0,0,0,1,1,1,0,0
"783","594-1",2022-10-18,"Rural","5-9y","Female",4,"(2,5]","Unemployed outside home","Currently enrolled in school",1.5,3.75,0,0,0,0,0,0,1,0,0,0
"784","595-1",2022-10-18,"Urban","5-9y","Female",16,"(5,50]","Unemployed outside home","Currently enrolled in school",5,1.61666666666667,1,1,0,0,0,0,0,0,0,0
"785","596-1",2022-10-18,"Urban","30-39y","Female",16,"(5,50]","Unemployed outside home","Secondary school",1,NA,0,0,0,0,0,NA,NA,NA,NA,NA
"786","597-1",2022-10-17,"Urban","10-19y","Male",6,"(5,50]","Student","Currently enrolled in school",6,28.8166666666667,1,1,0,0,0,1,1,1,1,1
"787","598-1",2022-10-17,"Urban","60+y","Male",3,"(2,5]","Unemployed outside home","Primary school",3.5,NA,0,0,0,0,0,NA,NA,NA,NA,NA
"788","599-1",2022-10-17,"Urban","60+y","Male",5,"(2,5]","Unemployed outside home","Secondary school",4.5,NA,0,1,0,0,0,NA,NA,NA,NA,NA
"789","600-1",2022-10-18,"Urban","10-19y","Female",4,"(2,5]","Student","Currently enrolled in school",3.5,3.08333333333333,0,0,0,0,0,0,1,0,0,0
"790","601-1",2022-10-18,"Urban","40-59y","Male",5,"(2,5]","Semiprofessional / professional","Secondary school",5.5,24.25,1,1,0,0,0,1,1,1,1,1
"791","602-1",2022-10-18,"Urban","5-9y","Male",5,"(2,5]","Unemployed outside home","Currently enrolled in school",6.5,NA,1,1,1,0,0,NA,NA,NA,NA,NA
"792","603-1",2022-10-18,"Rural","20-29y","Female",4,"(2,5]","Unemployed outside home","Secondary school",2.5,0.525,0,0,0,0,0,0,0,0,0,0
"793","604-1",2022-10-13,"Rural","30-39y","Female",6,"(5,50]","Unemployed outside home","Secondary school",6.5,NA,1,1,1,0,0,NA,NA,NA,NA,NA
"794","605-1",2022-10-13,"Rural","30-39y","Male",6,"(5,50]","Semiskilled / skilled labor","Secondary school",4.5,NA,0,1,0,0,0,NA,NA,NA,NA,NA
"795","606-1",2022-10-13,"Rural","5-9y","Male",6,"(5,50]","Unemployed outside home","Currently enrolled in school",3,NA,0,0,0,0,0,NA,NA,NA,NA,NA
"796","607-1",2022-10-14,"Rural","5-9y","Male",4,"(2,5]","Unemployed outside home","Currently enrolled in school",10.5,NA,1,1,1,1,1,NA,NA,NA,NA,NA
"797","608-1",2022-10-14,"Rural","10-19y","Female",5,"(2,5]","Student","Currently enrolled in school",11.5,NA,1,1,1,1,1,NA,NA,NA,NA,NA
"798","609-1",2022-10-14,"Rural","10-19y","Female",2,"[0,2]","Student","Currently enrolled in school",9.5,NA,1,1,1,1,1,NA,NA,NA,NA,NA
"799","610-1",2022-10-15,"Rural","20-29y","Male",3,"(2,5]","Unemployed outside home","Some college or higher",8.5,NA,1,1,1,1,0,NA,NA,NA,NA,NA
"800","611-1",2022-10-15,"Rural","10-19y","Male",3,"(2,5]","Student","Currently enrolled in school",11.5,NA,1,1,1,1,1,NA,NA,NA,NA,NA
"801","612-1",2022-10-17,"Rural","10-19y","Male",6,"(5,50]","Student","Currently enrolled in school",10.5,NA,1,1,1,1,1,NA,NA,NA,NA,NA
"802","613-1",2022-10-17,"Rural","5-9y","Female",6,"(5,50]","Unemployed outside home","Currently enrolled in school",7.5,NA,1,1,1,1,0,NA,NA,NA,NA,NA
"803","614-1",2022-10-18,"Rural","10-19y","Male",3,"(2,5]","Student","Currently enrolled in school",8.5,49.25,1,1,1,1,0,1,1,1,1,1
"804","615-1",2022-10-12,"Urban","20-29y","Male",4,"(2,5]","Semiskilled / skilled labor","Secondary school",3,NA,0,0,0,0,0,NA,NA,NA,NA,NA
"805","616-1",2022-10-13,"Urban","10-19y","Male",4,"(2,5]","Student","Currently enrolled in school",6.5,NA,1,1,1,0,0,NA,NA,NA,NA,NA
"806","617-1",2022-10-13,"Urban","10-19y","Male",4,"(2,5]","Student","Currently enrolled in school",6.5,NA,1,1,1,0,0,NA,NA,NA,NA,NA
"807","618-1",2022-10-13,"Urban","10-19y","Male",4,"(2,5]","Student","Currently enrolled in school",6.5,NA,1,1,1,0,0,NA,NA,NA,NA,NA
"808","619-1",2022-10-19,"Urban","10-19y","Male",5,"(2,5]","Student","Currently enrolled in school",4,12.625,0,0,0,0,0,1,1,1,1,0
"809","620-1",2022-10-19,"Urban","10-19y","Male",5,"(2,5]","Student","Currently enrolled in school",5.5,NA,1,1,0,0,0,NA,NA,NA,NA,NA
"810","621-1",2022-10-19,"Urban","20-29y","Male",6,"(5,50]","Semiskilled / skilled labor","Secondary school",1,NA,0,0,0,0,0,NA,NA,NA,NA,NA
"811","622-1",2022-10-19,"Urban","10-19y","Female",6,"(5,50]","Unemployed outside home","Secondary school",6.5,NA,1,1,1,0,0,NA,NA,NA,NA,NA
"812","623-1",2022-10-19,"Urban","10-19y","Male",6,"(5,50]","Student","Currently enrolled in school",5.5,NA,1,1,0,0,0,NA,NA,NA,NA,NA
"813","624-1",2022-10-19,"Rural","10-19y","Male",4,"(2,5]","Student","Currently enrolled in school",1.5,NA,0,0,0,0,0,NA,NA,NA,NA,NA
"814","625-1",2022-10-19,"Rural","10-19y","Female",4,"(2,5]","Student","Currently enrolled in school",6.5,NA,1,1,1,0,0,NA,NA,NA,NA,NA
"815","626-1",2022-10-19,"Urban","10-19y","Male",5,"(2,5]","Student","Currently enrolled in school",3,0.716666666666667,0,0,0,0,0,0,0,0,0,0
"816","627-1",2022-10-19,"Rural","10-19y","Male",3,"(2,5]","Unemployed outside home","Secondary school",10.5,NA,1,1,1,1,1,NA,NA,NA,NA,NA
"817","628-1",2022-10-19,"Rural","10-19y","Female",5,"(2,5]","Student","Currently enrolled in school",1,NA,0,0,0,0,0,NA,NA,NA,NA,NA
"818","629-1",2022-10-19,"Rural","10-19y","Male",5,"(2,5]","Student","Currently enrolled in school",4.5,5.95833333333333,0,1,0,0,0,1,1,0,0,0
"819","630-1",2022-10-19,"Rural","10-19y","Female",6,"(5,50]","Student","Currently enrolled in school",7,21,1,1,1,1,0,1,1,1,1,1
"820","631-1",2022-10-20,"Rural","10-19y","Female",5,"(2,5]","Student","Currently enrolled in school",4.5,NA,0,1,0,0,0,NA,NA,NA,NA,NA
"821","632-1",2022-10-20,"Rural","5-9y","Female",5,"(2,5]","Unemployed outside home","Currently enrolled in school",2,NA,0,0,0,0,0,NA,NA,NA,NA,NA
"822","633-1",2022-10-20,"Rural","10-19y","Female",5,"(2,5]","Student","Currently enrolled in school",7,NA,1,1,1,1,0,NA,NA,NA,NA,NA
"823","634-1",2022-10-20,"Rural","30-39y","Female",4,"(2,5]","Unemployed outside home","Secondary school",8.5,2.11666666666667,1,1,1,1,0,0,0,0,0,0
"824","635-1",2022-10-20,"Rural","20-29y","Female",2,"[0,2]","Unemployed outside home","Secondary school",9.5,3.475,1,1,1,1,1,0,1,0,0,0
"825","636-1",2022-10-20,"Rural","10-19y","Female",5,"(2,5]","Student","Currently enrolled in school",7,6.125,1,1,1,1,0,1,1,0,0,0
"826","637-1",2022-10-20,"Rural","10-19y","Female",5,"(2,5]","Student","Currently enrolled in school",17.5,12.125,1,1,1,1,1,1,1,1,1,0
"827","638-1",2022-10-20,"Rural","20-29y","Female",6,"(5,50]","Unemployed outside home","Secondary school",1,NA,0,0,0,0,0,NA,NA,NA,NA,NA
"828","639-1",2022-10-19,"Rural","30-39y","Female",6,"(5,50]","Unemployed outside home","Secondary school",1,NA,0,0,0,0,0,NA,NA,NA,NA,NA
"829","640-1",2022-10-20,"Urban","5-9y","Male",5,"(2,5]","Unemployed outside home","Currently enrolled in school",2,NA,0,0,0,0,0,NA,NA,NA,NA,NA
"830","641-1",2022-10-20,"Urban","5-9y","Male",5,"(2,5]","Unemployed outside home","Currently enrolled in school",5.5,23,1,1,0,0,0,1,1,1,1,1
"831","642-1",2022-10-21,"Urban","40-59y","Male",5,"(2,5]","Semiprofessional / professional","Secondary school",8.5,20.8916666666667,1,1,1,1,0,1,1,1,1,1
"832","643-1",2022-10-21,"Urban","40-59y","Male",4,"(2,5]","Semiskilled / skilled labor","Secondary school",2,NA,0,0,0,0,0,NA,NA,NA,NA,NA
"833","644-1",2022-10-21,"Rural","10-19y","Male",6,"(5,50]","Student","Currently enrolled in school",2.5,NA,0,0,0,0,0,NA,NA,NA,NA,NA
"834","645-1",2022-10-21,"Rural","5-9y","Female",6,"(5,50]","Unemployed outside home","Currently enrolled in school",5.5,NA,1,1,0,0,0,NA,NA,NA,NA,NA
"835","646-1",2022-10-21,"Rural","5-9y","Male",4,"(2,5]","Unemployed outside home","Currently enrolled in school",5.5,8.15,1,1,0,0,0,1,1,1,0,0
"836","647-1",2022-10-21,"Rural","5-9y","Female",5,"(2,5]","Unemployed outside home","Currently enrolled in school",7.5,NA,1,1,1,1,0,NA,NA,NA,NA,NA
"837","648-1",2022-10-21,"Rural","30-39y","Female",5,"(2,5]","Unemployed outside home","Secondary school",4,0.166666666666667,0,0,0,0,0,0,0,0,0,0
"838","649-1",2022-10-21,"Rural","10-19y","Female",4,"(2,5]","Student","Currently enrolled in school",2.5,6,0,0,0,0,0,1,1,0,0,0
"839","650-1",2022-10-22,"Rural","10-19y","Female",4,"(2,5]","Student","Currently enrolled in school",11.5,23.5,1,1,1,1,1,1,1,1,1,1
"840","651-1",2022-10-22,"Urban","20-29y","Female",3,"(2,5]","Unemployed outside home","Primary school",2,0.358333333333333,0,0,0,0,0,0,0,0,0,0
"841","652-1",2022-10-22,"Urban","10-19y","Male",5,"(2,5]","Student","Currently enrolled in school",8.5,14.2583333333333,1,1,1,1,0,1,1,1,1,0
"842","653-1",2022-10-25,"Rural","20-29y","Male",4,"(2,5]","Semiskilled / skilled labor","Secondary school",5.5,NA,1,1,0,0,0,NA,NA,NA,NA,NA
"843","654-1",2022-10-25,"Rural","20-29y","Male",4,"(2,5]","Semiskilled / skilled labor","Secondary school",7,7.61666666666667,1,1,1,1,0,1,1,0,0,0
"844","655-1",2022-10-25,"Urban","5-9y","Male",4,"(2,5]","Unemployed outside home","Currently enrolled in school",5,12.5,1,1,0,0,0,1,1,1,1,0
"845","656-1",2022-10-26,"Rural","5-9y","Female",4,"(2,5]","Unemployed outside home",NA,5.5,NA,1,1,0,0,0,NA,NA,NA,NA,NA
"846","657-1",2022-10-26,"Rural","20-29y","Female",2,"[0,2]","Semiprofessional / professional","Some college or higher",9.5,4.85833333333333,1,1,1,1,1,0,1,0,0,0
"847","658-1",2022-10-26,"Rural","5-9y","Male",8,"(5,50]","Unemployed outside home","Currently enrolled in school",4.5,NA,0,1,0,0,0,NA,NA,NA,NA,NA
"848","660-1",2022-10-26,"Urban","5-9y","Male",4,"(2,5]","Unemployed outside home","Currently enrolled in school",5.5,9.525,1,1,0,0,0,1,1,1,0,0
"849","662-1",2022-10-26,"Urban","30-39y","Male",5,"(2,5]","Semiskilled / skilled labor","Primary school",1,NA,0,0,0,0,0,NA,NA,NA,NA,NA
"850","663-1",2022-10-27,"Rural","10-19y","Female",5,"(2,5]","Student","Currently enrolled in school",4.5,11.25,0,1,0,0,0,1,1,1,1,0
"851","664-1",2022-10-27,"Rural","5-9y","Male",4,"(2,5]","Unemployed outside home","Currently enrolled in school",6.5,NA,1,1,1,0,0,NA,NA,NA,NA,NA
"852","665-1",2022-10-27,"Rural","5-9y","Female",4,"(2,5]","Unemployed outside home","Currently enrolled in school",7.5,7.625,1,1,1,1,0,1,1,0,0,0
"853","666-1",2022-10-27,"Rural","10-19y","Male",6,"(5,50]","Student","Currently enrolled in school",2.5,NA,0,0,0,0,0,NA,NA,NA,NA,NA
"854","667-1",2022-10-27,"Urban","5-9y","Female",5,"(2,5]","Unemployed outside home","Currently enrolled in school",8,12.5666666666667,1,1,1,1,0,1,1,1,1,0
"855","668-1",2022-10-27,"Urban","30-39y","Female",6,"(5,50]","Semiprofessional / professional","Some college or higher",5,1.26666666666667,1,1,0,0,0,0,0,0,0,0
"856","669-1",2022-10-27,"Urban","60+y","Female",3,"(2,5]","Unemployed outside home","None",3.5,0,0,0,0,0,0,0,0,0,0,0
"857","670-1",2022-10-27,"Urban","5-9y","Female",5,"(2,5]","Unemployed outside home",NA,4.5,NA,0,1,0,0,0,NA,NA,NA,NA,NA
"858","671-1",2022-10-27,"Urban","10-19y","Male",5,"(2,5]","Student","Currently enrolled in school",4.5,NA,0,1,0,0,0,NA,NA,NA,NA,NA
"859","674-1",2022-10-25,"Urban","5-9y","Male",5,"(2,5]","Unemployed outside home",NA,4.5,NA,0,1,0,0,0,NA,NA,NA,NA,NA
"860","675-1",2022-10-28,"Rural","10-19y","Male",6,"(5,50]","Student","Currently enrolled in school",5.5,NA,1,1,0,0,0,NA,NA,NA,NA,NA
"861","676-1",2022-10-28,"Rural","60+y","Male",5,"(2,5]","Unemployed outside home","Primary school",3.5,NA,0,0,0,0,0,NA,NA,NA,NA,NA
"862","677-1",2022-10-28,"Rural","60+y","Male",6,"(5,50]","Unemployed outside home","None",3.5,0,0,0,0,0,0,0,0,0,0,0
"863","678-1",2022-10-28,"Rural","60+y","Male",6,"(5,50]","Unemployed outside home","None",2.5,0.633333333333333,0,0,0,0,0,0,0,0,0,0
"864","679-1",2022-10-28,"Rural","10-19y","Female",6,"(5,50]","Student","Currently enrolled in school",3,NA,0,0,0,0,0,NA,NA,NA,NA,NA
"865","680-1",2022-10-29,"Rural","10-19y","Male",5,"(2,5]","Unemployed outside home","Secondary school",4,13.5,0,0,0,0,0,1,1,1,1,0
"866","681-1",2022-10-29,"Rural","10-19y","Male",3,"(2,5]","Unemployed outside home","Some college or higher",2,0,0,0,0,0,0,0,0,0,0,0
"867","682-1",2022-10-29,"Rural","10-19y","Male",5,"(2,5]","Student","Currently enrolled in school",3,4.875,0,0,0,0,0,0,1,0,0,0
"868","683-1",2022-10-29,"Rural","60+y","Male",2,"[0,2]","Unemployed outside home","Secondary school",7,4.21666666666667,1,1,1,1,0,0,1,0,0,0
"869","684-1",2022-10-29,"Rural","60+y","Male",7,"(5,50]","Semiskilled / skilled labor","Primary school",3,0.133333333333333,0,0,0,0,0,0,0,0,0,0
"870","685-1",2022-10-31,"Rural","10-19y","Male",4,"(2,5]","Unemployed outside home","Secondary school",5.5,NA,1,1,0,0,0,NA,NA,NA,NA,NA
"871","686-1",2022-10-31,"Rural","10-19y","Male",4,"(2,5]","Student","Currently enrolled in school",8.5,35.875,1,1,1,1,0,1,1,1,1,1
"872","687-1",2022-10-31,"Rural","5-9y","Male",6,"(5,50]","Unemployed outside home","Currently enrolled in school",8.5,3.325,1,1,1,1,0,0,1,0,0,0
"873","688-1",2022-10-31,"Rural","20-29y","Female",5,"(2,5]","Unemployed outside home","Secondary school",1.5,NA,0,0,0,0,0,NA,NA,NA,NA,NA
"874","689-1",2022-10-31,"Rural","20-29y","Male",2,"[0,2]","Semiskilled / skilled labor","Secondary school",11,33.7583333333333,1,1,1,1,1,1,1,1,1,1
"875","690-1",2022-10-31,"Urban","60+y","Female",1,"[0,2]","Unemployed outside home","Primary school",5,0.0833333333333333,1,1,0,0,0,0,0,0,0,0
"876","691-1",2022-10-31,"Urban","60+y","Male",5,"(2,5]","Semiprofessional / professional","Secondary school",3,0.825,0,0,0,0,0,0,0,0,0,0
"877","692-1",2022-10-31,"Urban","30-39y","Male",6,"(5,50]","Semiprofessional / professional","None",2.5,3.44166666666667,0,0,0,0,0,0,1,0,0,0
"878","693-1",2022-10-31,"Urban","10-19y","Female",6,"(5,50]","Student","Currently enrolled in school",6.5,4.24166666666667,1,1,1,0,0,0,1,0,0,0
"879","694-1",2022-10-26,"Urban","20-29y","Male",4,"(2,5]","Unemployed outside home","Secondary school",1,NA,0,0,0,0,0,NA,NA,NA,NA,NA
"880","695-1",2022-10-26,"Urban","20-29y","Male",4,"(2,5]","Semiskilled / skilled labor","Some college or higher",6.5,NA,1,1,1,0,0,NA,NA,NA,NA,NA
"881","696-1",2022-10-26,"Urban","20-29y","Male",2,"[0,2]","Unemployed outside home","Secondary school",5.5,NA,1,1,0,0,0,NA,NA,NA,NA,NA
"882","697-1",2022-11-01,"Rural","10-19y","Female",4,"(2,5]","Student","Currently enrolled in school",5,NA,1,1,0,0,0,NA,NA,NA,NA,NA
"883","698-1",2022-11-01,"Rural","10-19y","Female",4,"(2,5]","Student","Currently enrolled in school",11.5,4.00833333333333,1,1,1,1,1,0,1,0,0,0
"884","699-1",2022-11-01,"Rural","10-19y","Male",4,"(2,5]","Student","Currently enrolled in school",12,9.525,1,1,1,1,1,1,1,1,0,0
"885","700-1",2022-11-01,"Urban","5-9y","Female",10,"(5,50]","Unemployed outside home","Currently enrolled in school",6.5,15.6333333333333,1,1,1,0,0,1,1,1,1,1
"886","701-1",2022-11-01,"Urban","5-9y","Female",10,"(5,50]","Unemployed outside home",NA,6.5,7.20833333333333,1,1,1,0,0,1,1,0,0,0
"887","702-1",2022-11-03,"Rural","10-19y","Female",13,"(5,50]","Student","Currently enrolled in school",1.5,NA,0,0,0,0,0,NA,NA,NA,NA,NA
"888","703-1",2022-11-03,"Rural","10-19y","Male",13,"(5,50]","Student","Currently enrolled in school",2.5,4.5,0,0,0,0,0,0,1,0,0,0
"889","704-1",2022-11-03,"Rural","60+y","Male",4,"(2,5]","Semiskilled / skilled labor","Secondary school",3.5,NA,0,0,0,0,0,NA,NA,NA,NA,NA
"890","705-1",2022-11-03,"Urban","20-29y","Female",5,"(2,5]","Unemployed outside home","Some college or higher",1.5,0.275,0,0,0,0,0,0,0,0,0,0
"891","706-1",2022-11-03,"Urban","10-19y","Female",5,"(2,5]","Student","Currently enrolled in school",6.5,10.4,1,1,1,0,0,1,1,1,1,0
"892","707-1",2022-11-03,"Urban","20-29y","Female",7,"(5,50]","Unemployed outside home","Secondary school",5,3.88333333333333,1,1,0,0,0,0,1,0,0,0
"893","708-1",2022-11-04,"Rural","10-19y","Male",7,"(5,50]","Student","Currently enrolled in school",3,11,0,0,0,0,0,1,1,1,1,0
"894","709-1",2022-11-04,"Urban","10-19y","Female",7,"(5,50]","Student","Currently enrolled in school",9,5.28333333333333,1,1,1,1,1,0,1,0,0,0
"895","710-1",2022-11-04,"Urban","30-39y","Female",3,"(2,5]","Unemployed outside home","Secondary school",3,0.416666666666667,0,0,0,0,0,0,0,0,0,0
"896","711-1",2022-11-04,"Rural","30-39y","Male",3,"(2,5]","Semiskilled / skilled labor","Some college or higher",4.5,NA,0,1,0,0,0,NA,NA,NA,NA,NA
"897","712-1",2022-11-05,"Rural","10-19y","Male",3,"(2,5]","Student","Currently enrolled in school",7,16.05,1,1,1,1,0,1,1,1,1,1
"898","713-1",2022-11-05,"Rural","10-19y","Male",8,"(5,50]","Student","Currently enrolled in school",3.5,NA,0,0,0,0,0,NA,NA,NA,NA,NA
"899","714-1",2022-11-05,"Rural","10-19y","Male",8,"(5,50]","Student","Currently enrolled in school",5.5,NA,1,1,0,0,0,NA,NA,NA,NA,NA
"900","715-1",2022-11-05,"Rural","5-9y","Male",5,"(2,5]","Unemployed outside home","Currently enrolled in school",9.5,NA,1,1,1,1,1,NA,NA,NA,NA,NA
"901","716-1",2022-11-07,"Rural","10-19y","Male",4,"(2,5]","Unemployed outside home","Secondary school",5,5.525,1,1,0,0,0,0,1,0,0,0
"902","717-1",2022-11-07,"Rural","10-19y","Female",5,"(2,5]","Student","Currently enrolled in school",13.5,NA,1,1,1,1,1,NA,NA,NA,NA,NA
"903","718-1",2022-11-05,"Urban","5-9y","Female",6,"(5,50]","Unemployed outside home","Currently enrolled in school",6,7.15833333333333,1,1,0,0,0,1,1,0,0,0
"904","719-1",2022-11-05,"Urban","10-19y","Female",3,"(2,5]","Student","Currently enrolled in school",6.5,4.35,1,1,1,0,0,0,1,0,0,0
"905","720-1",2022-11-07,"Urban","10-19y","Female",4,"(2,5]","Student","Currently enrolled in school",5.5,4.26666666666667,1,1,0,0,0,0,1,0,0,0
"906","721-1",2022-11-07,"Urban","20-29y","Female",8,"(5,50]","Unemployed outside home","Secondary school",2,0.275,0,0,0,0,0,0,0,0,0,0
"907","722-1",2022-11-14,"Rural","30-39y","Female",6,"(5,50]","Unemployed outside home","Secondary school",6.5,0.783333333333333,1,1,1,0,0,0,0,0,0,0
"908","723-1",2022-11-15,"Rural","30-39y","Female",5,"(2,5]","Semiskilled / skilled labor","Primary school",1,NA,0,0,0,0,0,NA,NA,NA,NA,NA
"909","724-1",2022-11-15,"Urban","10-19y","Female",6,"(5,50]","Student","Currently enrolled in school",8.5,NA,1,1,1,1,0,NA,NA,NA,NA,NA
"910","725-1",2022-11-15,"Urban","30-39y","Female",3,"(2,5]","Unemployed outside home","Secondary school",3.5,NA,0,0,0,0,0,NA,NA,NA,NA,NA
"911","726-1",2022-11-15,"Rural","5-9y","Male",4,"(2,5]","Unemployed outside home","Currently enrolled in school",2.5,NA,0,0,0,0,0,NA,NA,NA,NA,NA
"912","727-1",2022-11-15,"Rural","20-29y","Male",3,"(2,5]","Semiskilled / skilled labor","Secondary school",4,NA,0,0,0,0,0,NA,NA,NA,NA,NA
"913","728-1",2022-11-15,"Rural","20-29y","Female",5,"(2,5]","Unemployed outside home","Some college or higher",1.5,NA,0,0,0,0,0,NA,NA,NA,NA,NA
"914","729-1",2022-11-15,"Urban","10-19y","Female",5,"(2,5]","Student","Currently enrolled in school",6,4.675,1,1,0,0,0,0,1,0,0,0
"915","730-1",2022-11-15,"Urban","10-19y","Female",4,"(2,5]","Student","Currently enrolled in school",6,1.75833333333333,1,1,0,0,0,0,0,0,0,0
"916","731-1",2022-11-16,"Urban","5-9y","Female",5,"(2,5]","Unemployed outside home","Currently enrolled in school",4.5,1.4,0,1,0,0,0,0,0,0,0,0
"917","732-1",2022-11-15,"Urban","5-9y","Female",5,"(2,5]","Unemployed outside home","Currently enrolled in school",4.5,7.23333333333333,0,1,0,0,0,1,1,0,0,0
"918","733-1",2022-11-16,"Rural","10-19y","Male",4,"(2,5]","Student","Currently enrolled in school",5.5,7.70833333333333,1,1,0,0,0,1,1,0,0,0
"919","734-1",2022-11-16,"Urban","30-39y","Female",4,"(2,5]","Semiskilled / skilled labor","Secondary school",8.5,NA,1,1,1,1,0,NA,NA,NA,NA,NA
"920","735-1",2022-11-15,"Urban","10-19y","Female",5,"(2,5]","Student","Currently enrolled in school",5.5,13.75,1,1,0,0,0,1,1,1,1,0
"921","736-1",2022-11-15,"Urban","10-19y","Female",7,"(5,50]","Student","Currently enrolled in school",7.5,NA,1,1,1,1,0,NA,NA,NA,NA,NA
"922","737-1",2022-11-15,"Urban","10-19y","Male",5,"(2,5]","Student","Currently enrolled in school",7.5,NA,1,1,1,1,0,NA,NA,NA,NA,NA
"923","738-1",2022-11-16,"Urban","10-19y","Female",5,"(2,5]","Student","Currently enrolled in school",1,NA,0,0,0,0,0,NA,NA,NA,NA,NA
"924","739-1",2022-11-16,"Urban","10-19y","Female",6,"(5,50]","Student","Currently enrolled in school",2.5,12.0833333333333,0,0,0,0,0,1,1,1,1,0
"925","740-1",2022-11-16,"Rural","30-39y","Female",4,"(2,5]","Semiskilled / skilled labor","Secondary school",3.5,0.05,0,0,0,0,0,0,0,0,0,0
"926","741-1",2022-11-16,"Urban","20-29y","Male",6,"(5,50]","Semiskilled / skilled labor","Some college or higher",3,NA,0,0,0,0,0,NA,NA,NA,NA,NA
"927","742-1",2022-11-16,"Urban","10-19y","Male",4,"(2,5]","Unemployed outside home","Some college or higher",6.5,NA,1,1,1,0,0,NA,NA,NA,NA,NA
"928","743-1",2022-11-16,"Urban","10-19y","Male",5,"(2,5]","Student","Currently enrolled in school",4,NA,0,0,0,0,0,NA,NA,NA,NA,NA
"929","744-1",2022-11-16,"Urban","20-29y","Male",5,"(2,5]","Student","Currently enrolled in school",5.5,NA,1,1,0,0,0,NA,NA,NA,NA,NA
"930","745-1",2022-11-17,"Urban","10-19y","Female",4,"(2,5]","Unemployed outside home","Secondary school",4.5,1.69166666666667,0,1,0,0,0,0,0,0,0,0
"931","746-1",2022-11-17,"Urban","10-19y","Female",6,"(5,50]","Student","Currently enrolled in school",10,12.375,1,1,1,1,1,1,1,1,1,0
"932","747-1",2022-11-17,"Urban","30-39y","Female",4,"(2,5]","Unemployed outside home","Secondary school",5,0.383333333333333,1,1,0,0,0,0,0,0,0,0
"933","748-1",2022-11-17,"Urban","10-19y","Female",4,"(2,5]","Student","Currently enrolled in school",5,12.525,1,1,0,0,0,1,1,1,1,0
"934","749-1",2022-11-17,"Urban","10-19y","Male",4,"(2,5]","Semiskilled / skilled labor","Secondary school",2.5,3.65833333333333,0,0,0,0,0,0,1,0,0,0
"935","750-1",2022-11-17,"Urban","10-19y","Female",8,"(5,50]","Unemployed outside home","Secondary school",2,0.466666666666667,0,0,0,0,0,0,0,0,0,0
"936","751-1",2022-11-17,"Rural","20-29y","Male",5,"(2,5]","Unemployed outside home","Secondary school",1.5,NA,0,0,0,0,0,NA,NA,NA,NA,NA
"937","753-1",2022-11-17,"Rural","20-29y","Male",4,"(2,5]","Unemployed outside home","Secondary school",1.5,7.25,0,0,0,0,0,1,1,0,0,0
"938","754-1",2022-11-17,"Rural","10-19y","Male",4,"(2,5]","Student","Currently enrolled in school",5.5,5.53333333333333,1,1,0,0,0,0,1,0,0,0
"939","755-1",2022-11-17,"Rural","10-19y","Male",4,"(2,5]","Student","Currently enrolled in school",11.5,NA,1,1,1,1,1,NA,NA,NA,NA,NA
"940","756-1",2022-11-17,"Urban","30-39y","Female",4,"(2,5]","Unemployed outside home","Secondary school",2.5,NA,0,0,0,0,0,NA,NA,NA,NA,NA
"941","757-1",2022-11-17,"Urban","10-19y","Female",4,"(2,5]","Student","Currently enrolled in school",8.5,NA,1,1,1,1,0,NA,NA,NA,NA,NA
"942","758-1",2022-11-17,"Urban","10-19y","Female",5,"(2,5]","Student","Currently enrolled in school",7.5,NA,1,1,1,1,0,NA,NA,NA,NA,NA
"943","759-1",2022-11-17,"Urban","30-39y","Female",5,"(2,5]","Unemployed outside home","Some college or higher",2,NA,0,0,0,0,0,NA,NA,NA,NA,NA
"944","760-1",2022-11-17,"Rural","10-19y","Female",5,"(2,5]","Student","Currently enrolled in school",5.5,5.375,1,1,0,0,0,0,1,0,0,0
"945","761-1",2022-11-17,"Rural","10-19y","Female",7,"(5,50]","Student","Currently enrolled in school",2,NA,0,0,0,0,0,NA,NA,NA,NA,NA
"946","762-1",2022-11-17,"Rural","10-19y","Female",4,"(2,5]","Student","Currently enrolled in school",3.5,1.51666666666667,0,0,0,0,0,0,0,0,0,0
"947","763-1",2022-11-18,"Rural","30-39y","Female",4,"(2,5]","Unemployed outside home","Secondary school",7,1.5,1,1,1,1,0,0,0,0,0,0
"948","764-1",2022-11-18,"Rural","1-4y","Female",7,"(5,50]","Unemployed outside home",NA,1,NA,0,0,0,0,0,NA,NA,NA,NA,NA
"949","765-1",2022-11-18,"Rural","10-19y","Female",5,"(2,5]","Student","Currently enrolled in school",6,10.4833333333333,1,1,0,0,0,1,1,1,1,0
"950","766-1",2022-11-18,"Rural","10-19y","Female",5,"(2,5]","Student","Currently enrolled in school",8.5,30.75,1,1,1,1,0,1,1,1,1,1
"951","767-1",2022-11-18,"Rural","1-4y","Male",7,"(5,50]","Unemployed outside home",NA,1,NA,0,0,0,0,0,NA,NA,NA,NA,NA
"952","768-1",2022-11-18,"Urban","10-19y","Female",4,"(2,5]","Unemployed outside home","Secondary school",1.5,0.358333333333333,0,0,0,0,0,0,0,0,0,0
"953","769-1",2022-11-18,"Urban","20-29y","Female",2,"[0,2]","Unemployed outside home","Some college or higher",2,3.275,0,0,0,0,0,0,1,0,0,0
"954","770-1",2022-11-18,"Urban","5-9y","Female",5,"(2,5]","Unemployed outside home","Currently enrolled in school",3,9.38333333333333,0,0,0,0,0,1,1,1,0,0
"955","771-1",2022-11-18,"Rural","20-29y","Female",4,"(2,5]","Semiskilled / skilled labor","Some college or higher",1.5,0.191666666666667,0,0,0,0,0,0,0,0,0,0
"956","772-1",2022-11-18,"Rural","30-39y","Female",4,"(2,5]","Unemployed outside home","Secondary school",1.5,0.191666666666667,0,0,0,0,0,0,0,0,0,0
"957","773-1",2022-11-18,"Urban","20-29y","Female",5,"(2,5]","Unemployed outside home","Some college or higher",5.5,NA,1,1,0,0,0,NA,NA,NA,NA,NA
"958","774-1",2022-11-18,"Urban","10-19y","Female",5,"(2,5]","Student","Currently enrolled in school",5,15,1,1,0,0,0,1,1,1,1,0
"959","775-1",2022-11-18,"Urban","10-19y","Female",4,"(2,5]","Student","Currently enrolled in school",8.5,NA,1,1,1,1,0,NA,NA,NA,NA,NA
"960","776-1",2022-11-18,"Urban","10-19y","Female",4,"(2,5]","Student","Currently enrolled in school",8.5,NA,1,1,1,1,0,NA,NA,NA,NA,NA
"961","777-1",2022-11-19,"Rural","10-19y","Male",4,"(2,5]","Student","Currently enrolled in school",9,20.4916666666667,1,1,1,1,1,1,1,1,1,1
"962","778-1",2022-11-19,"Rural","5-9y","Female",4,"(2,5]","Unemployed outside home","Currently enrolled in school",5,11.95,1,1,0,0,0,1,1,1,1,0
"963","779-1",2022-11-19,"Rural","1-4y","Female",4,"(2,5]","Unemployed outside home",NA,5.5,NA,1,1,0,0,0,NA,NA,NA,NA,NA
"964","780-1",2022-11-19,"Rural","20-29y","Female",3,"(2,5]","Student","Currently enrolled in school",18,11.0416666666667,1,1,1,1,1,1,1,1,1,0
"965","781-1",2022-11-21,"Urban","10-19y","Female",5,"(2,5]","Student","Currently enrolled in school",4.5,7.125,0,1,0,0,0,1,1,0,0,0
"966","782-1",2022-11-21,"Urban","10-19y","Female",5,"(2,5]","Student","Currently enrolled in school",6,4.91666666666667,1,1,0,0,0,0,1,0,0,0
"967","783-1",2022-11-21,"Rural","20-29y","Female",6,"(5,50]","Semiprofessional / professional","Some college or higher",9.5,1.05833333333333,1,1,1,1,1,0,0,0,0,0
"968","784-1",2022-11-18,"Urban","30-39y","Male",4,"(2,5]","Semiskilled / skilled labor","Secondary school",6.5,25.5083333333333,1,1,1,0,0,1,1,1,1,1
"969","785-1",2022-11-18,"Urban","5-9y","Female",4,"(2,5]","Unemployed outside home","Currently enrolled in school",7,14,1,1,1,1,0,1,1,1,1,0
"970","786-1",2022-11-18,"Urban","10-19y","Female",4,"(2,5]","Student","Currently enrolled in school",6.5,NA,1,1,1,0,0,NA,NA,NA,NA,NA
"971","787-1",2022-11-19,"Urban","10-19y","Male",7,"(5,50]","Student","Currently enrolled in school",5.5,NA,1,1,0,0,0,NA,NA,NA,NA,NA
"972","788-1",2022-11-19,"Urban","5-9y","Female",5,"(2,5]","Unemployed outside home",NA,1.5,0.166666666666667,0,0,0,0,0,0,0,0,0,0
"973","789-1",2022-11-19,"Urban","30-39y","Male",5,"(2,5]","Semiprofessional / professional","Secondary school",15.5,NA,1,1,1,1,1,NA,NA,NA,NA,NA
"974","790-1",2022-11-19,"Urban","5-9y","Female",5,"(2,5]","Unemployed outside home","None",2.5,NA,0,0,0,0,0,NA,NA,NA,NA,NA
"975","791-1",2022-11-20,"Urban","10-19y","Female",7,"(5,50]","Student","Currently enrolled in school",6.5,NA,1,1,1,0,0,NA,NA,NA,NA,NA
"976","792-1",2022-11-20,"Urban","10-19y","Female",4,"(2,5]","Unemployed outside home","Secondary school",3.5,0,0,0,0,0,0,0,0,0,0,0
"977","793-1",2022-11-20,"Urban","20-29y","Female",3,"(2,5]","Student","Currently enrolled in school",4.5,NA,0,1,0,0,0,NA,NA,NA,NA,NA
"978","794-1",2022-11-21,"Urban","10-19y","Female",4,"(2,5]","Student","Currently enrolled in school",5.5,NA,1,1,0,0,0,NA,NA,NA,NA,NA
"979","795-1",2022-11-21,"Urban","20-29y","Female",7,"(5,50]","Unemployed outside home","Secondary school",3,3.76666666666667,0,0,0,0,0,0,1,0,0,0
"980","796-1",2022-11-19,"Urban","10-19y","Male",4,"(2,5]","Student","Currently enrolled in school",6.5,NA,1,1,1,0,0,NA,NA,NA,NA,NA
"981","797-1",2022-11-19,"Urban","5-9y","Male",4,"(2,5]","Unemployed outside home","Currently enrolled in school",7.5,NA,1,1,1,1,0,NA,NA,NA,NA,NA
"982","798-1",2022-11-20,"Urban","5-9y","Female",6,"(5,50]","Unemployed outside home","Currently enrolled in school",7.5,NA,1,1,1,1,0,NA,NA,NA,NA,NA
"983","799-1",2022-11-21,"Urban","30-39y","Male",4,"(2,5]","Unemployed outside home","Secondary school",4.5,NA,0,1,0,0,0,NA,NA,NA,NA,NA
"984","800-1",2022-11-21,"Urban","20-29y","Male",5,"(2,5]","Unemployed outside home","Secondary school",5.5,NA,1,1,0,0,0,NA,NA,NA,NA,NA
"985","801-1",2022-11-21,"Urban","10-19y","Male",6,"(5,50]","Student","Currently enrolled in school",4.5,NA,0,1,0,0,0,NA,NA,NA,NA,NA
"986","802-1",2022-11-21,"Urban","30-39y","Male",3,"(2,5]","Unemployed outside home","Secondary school",5.5,NA,1,1,0,0,0,NA,NA,NA,NA,NA
"987","803-1",2022-11-21,"Rural","30-39y","Female",5,"(2,5]","Unemployed outside home","Some college or higher",1.5,NA,0,0,0,0,0,NA,NA,NA,NA,NA
"988","804-1",2022-11-22,"Urban","10-19y","Female",6,"(5,50]","Student","Currently enrolled in school",10.5,NA,1,1,1,1,1,NA,NA,NA,NA,NA
"989","805-1",2022-11-22,"Urban","5-9y","Female",4,"(2,5]","Unemployed outside home","Currently enrolled in school",3.5,NA,0,0,0,0,0,NA,NA,NA,NA,NA
"990","806-1",2022-11-22,"Urban","5-9y","Female",3,"(2,5]","Unemployed outside home",NA,3.5,NA,0,0,0,0,0,NA,NA,NA,NA,NA
"991","808-1",2022-11-22,"Rural","1-4y","Female",3,"(2,5]","Unemployed outside home",NA,3.5,NA,0,0,0,0,0,NA,NA,NA,NA,NA
"992","809-1",2022-11-22,"Rural","5-9y","Male",9,"(5,50]","Unemployed outside home","Currently enrolled in school",3,NA,0,0,0,0,0,NA,NA,NA,NA,NA
"993","810-1",2022-11-22,"Rural","5-9y","Female",5,"(2,5]","Unemployed outside home","Currently enrolled in school",8.5,NA,1,1,1,1,0,NA,NA,NA,NA,NA
"994","812-1",2022-11-22,"Urban","1-4y","Female",8,"(5,50]","Unemployed outside home",NA,1,NA,0,0,0,0,0,NA,NA,NA,NA,NA
"995","813-1",2022-11-22,"Urban","10-19y","Female",3,"(2,5]","Student","Currently enrolled in school",4.5,NA,0,1,0,0,0,NA,NA,NA,NA,NA
"996","814-1",2022-11-22,"Urban","10-19y","Female",3,"(2,5]","Student","Currently enrolled in school",3,NA,0,0,0,0,0,NA,NA,NA,NA,NA
"997","815-1",2022-11-22,"Urban","10-19y","Male",6,"(5,50]","Student","Currently enrolled in school",6.5,23.25,1,1,1,0,0,1,1,1,1,1
"998","816-1",2022-11-22,"Urban","10-19y","Male",5,"(2,5]","Student","Currently enrolled in school",5.5,NA,1,1,0,0,0,NA,NA,NA,NA,NA
"999","817-1",2022-11-24,"Urban","5-9y","Male",5,"(2,5]","Unemployed outside home","Currently enrolled in school",5.5,NA,1,1,0,0,0,NA,NA,NA,NA,NA
"1000","818-1",2022-11-22,"Rural","30-39y","Female",4,"(2,5]","Unemployed outside home","Secondary school",6.5,NA,1,1,1,0,0,NA,NA,NA,NA,NA
"1001","819-1",2022-11-22,"Rural","30-39y","Female",6,"(5,50]","Unemployed outside home","Some college or higher",2,NA,0,0,0,0,0,NA,NA,NA,NA,NA
"1002","822-1",2022-11-22,"Rural","30-39y","Female",6,"(5,50]","Unemployed outside home","Secondary school",4.5,NA,0,1,0,0,0,NA,NA,NA,NA,NA
"1003","824-1",2022-11-24,"Rural","1-4y","Female",4,"(2,5]","Unemployed outside home",NA,1,NA,0,0,0,0,0,NA,NA,NA,NA,NA
"1004","825-1",2022-11-24,"Rural","10-19y","Female",5,"(2,5]","Student","Currently enrolled in school",9.5,NA,1,1,1,1,1,NA,NA,NA,NA,NA
"1005","826-1",2022-11-24,"Rural","5-9y","Male",5,"(2,5]","Unemployed outside home","Currently enrolled in school",1,NA,0,0,0,0,0,NA,NA,NA,NA,NA
"1006","829-1",2022-11-24,"Rural","1-4y","Male",6,"(5,50]","Unemployed outside home",NA,1,NA,0,0,0,0,0,NA,NA,NA,NA,NA
"1007","830-1",2022-11-24,"Rural","5-9y","Male",6,"(5,50]","Unemployed outside home","Currently enrolled in school",5,1.51666666666667,1,1,0,0,0,0,0,0,0,0
"1008","831-1",2022-11-24,"Rural","5-9y","Male",4,"(2,5]","Unemployed outside home","Currently enrolled in school",1.5,6,0,0,0,0,0,1,1,0,0,0
"1009","833-1",2022-11-24,"Urban","20-29y","Female",4,"(2,5]","Semiprofessional / professional","Some college or higher",3.5,NA,0,0,0,0,0,NA,NA,NA,NA,NA
"1010","834-1",2022-11-24,"Urban","10-19y","Female",4,"(2,5]","Student","Currently enrolled in school",4.5,NA,0,1,0,0,0,NA,NA,NA,NA,NA
"1011","835-1",2022-11-24,"Urban","10-19y","Male",4,"(2,5]","Student","Currently enrolled in school",8.5,NA,1,1,1,1,0,NA,NA,NA,NA,NA
"1012","836-1",2022-11-24,"Urban","20-29y","Female",6,"(5,50]","Semiprofessional / professional","Some college or higher",3.5,NA,0,0,0,0,0,NA,NA,NA,NA,NA
"1013","837-1",2022-11-25,"Rural","5-9y","Female",5,"(2,5]","Unemployed outside home","Currently enrolled in school",2.5,1.875,0,0,0,0,0,0,0,0,0,0
"1014","838-1",2022-11-25,"Rural","10-19y","Female",5,"(2,5]","Student","Currently enrolled in school",3.5,0.3,0,0,0,0,0,0,0,0,0,0
"1015","839-1",2022-11-25,"Rural","5-9y","Female",5,"(2,5]","Unemployed outside home","Currently enrolled in school",4,0.658333333333333,0,0,0,0,0,0,0,0,0,0
"1016","840-1",2022-11-25,"Rural","10-19y","Female",4,"(2,5]","Student","Currently enrolled in school",6.5,NA,1,1,1,0,0,NA,NA,NA,NA,NA
"1017","841-1",2022-11-25,"Rural","10-19y","Female",5,"(2,5]","Student","Currently enrolled in school",2,NA,0,0,0,0,0,NA,NA,NA,NA,NA
"1018","842-1",2022-11-25,"Rural","10-19y","Female",5,"(2,5]","Student","Currently enrolled in school",1.5,NA,0,0,0,0,0,NA,NA,NA,NA,NA
"1019","843-1",2022-11-25,"Rural","1-4y","Male",4,"(2,5]","Unemployed outside home",NA,2.5,NA,0,0,0,0,0,NA,NA,NA,NA,NA
"1020","844-1",2022-11-25,"Rural","5-9y","Female",4,"(2,5]","Unemployed outside home","Currently enrolled in school",7,NA,1,1,1,1,0,NA,NA,NA,NA,NA
"1021","845-1",2022-11-25,"Rural","5-9y","Female",6,"(5,50]","Unemployed outside home",NA,14.5,NA,1,1,1,1,1,NA,NA,NA,NA,NA
"1022","846-1",2022-11-25,"Rural","1-4y","Female",6,"(5,50]","Unemployed outside home",NA,9.5,NA,1,1,1,1,1,NA,NA,NA,NA,NA
"1023","847-1",2022-11-25,"Rural","5-9y","Female",5,"(2,5]","Unemployed outside home","Currently enrolled in school",14.5,15.2083333333333,1,1,1,1,1,1,1,1,1,1
"1024","848-1",2022-11-25,"Urban","10-19y","Male",4,"(2,5]","Student","Currently enrolled in school",8.5,NA,1,1,1,1,0,NA,NA,NA,NA,NA
"1025","849-1",2022-11-25,"Urban","20-29y","Male",5,"(2,5]","Student","Currently enrolled in school",4.5,NA,0,1,0,0,0,NA,NA,NA,NA,NA
"1026","850-1",2022-11-25,"Urban","10-19y","Male",4,"(2,5]","Student","Currently enrolled in school",6.5,NA,1,1,1,0,0,NA,NA,NA,NA,NA
"1027","851-1",2022-11-25,"Urban","5-9y","Male",4,"(2,5]","Unemployed outside home",NA,4.5,NA,0,1,0,0,0,NA,NA,NA,NA,NA
"1028","852-1",2022-11-25,"Urban","5-9y","Female",4,"(2,5]","Unemployed outside home","Currently enrolled in school",6.5,NA,1,1,1,0,0,NA,NA,NA,NA,NA
"1029","853-1",2022-11-25,"Urban","20-29y","Female",4,"(2,5]","Unemployed outside home","Secondary school",2.5,NA,0,0,0,0,0,NA,NA,NA,NA,NA
"1030","854-1",2022-11-25,"Urban","10-19y","Male",4,"(2,5]","Student","Currently enrolled in school",10.5,NA,1,1,1,1,1,NA,NA,NA,NA,NA
"1031","855-1",2022-11-26,"Rural","10-19y","Female",4,"(2,5]","Student","Currently enrolled in school",13,3.40833333333333,1,1,1,1,1,0,1,0,0,0
"1032","856-1",2022-11-26,"Rural","10-19y","Female",6,"(5,50]","Student","Currently enrolled in school",2,NA,0,0,0,0,0,NA,NA,NA,NA,NA
"1033","857-1",2022-11-26,"Rural","10-19y","Female",4,"(2,5]","Student","Currently enrolled in school",8.5,6.84166666666667,1,1,1,1,0,1,1,0,0,0
"1034","858-1",2022-11-26,"Rural","5-9y","Male",5,"(2,5]","Unemployed outside home","Currently enrolled in school",4,NA,0,0,0,0,0,NA,NA,NA,NA,NA
"1035","859-1",2022-11-26,"Rural","5-9y","Female",5,"(2,5]","Unemployed outside home","Currently enrolled in school",3,NA,0,0,0,0,0,NA,NA,NA,NA,NA
"1036","861-1",2022-11-24,"Urban","1-4y","Female",6,"(5,50]","Unemployed outside home",NA,4,12.575,0,0,0,0,0,1,1,1,1,0
"1037","864-1",2022-11-24,"Urban","1-4y","Female",4,"(2,5]","Unemployed outside home",NA,4,0,0,0,0,0,0,0,0,0,0,0
"1038","865-1",2022-11-25,"Urban","10-19y","Female",6,"(5,50]","Unemployed outside home","Secondary school",4,0,0,0,0,0,0,0,0,0,0,0
"1039","866-1",2022-11-25,"Urban","20-29y","Male",5,"(2,5]","Semiprofessional / professional","Some college or higher",1.5,6,0,0,0,0,0,1,1,0,0,0
"1040","867-1",2022-11-26,"Urban","10-19y","Male",6,"(5,50]","Student","Currently enrolled in school",8.5,2.80833333333333,1,1,1,1,0,0,0,0,0,0
"1041","868-1",2022-11-24,"Urban","10-19y","Female",1,"[0,2]","Student","Currently enrolled in school",3.5,NA,0,0,0,0,0,NA,NA,NA,NA,NA
"1042","869-1",2022-11-24,"Urban","10-19y","Male",1,"[0,2]","Student","Currently enrolled in school",4.5,NA,0,1,0,0,0,NA,NA,NA,NA,NA
"1043","870-1",2022-11-24,"Urban","10-19y","Female",2,"[0,2]","Student","Currently enrolled in school",4.5,NA,0,1,0,0,0,NA,NA,NA,NA,NA
"1044","871-1",2022-11-24,"Urban","10-19y","Male",1,"[0,2]","Student","Currently enrolled in school",5,NA,1,1,0,0,0,NA,NA,NA,NA,NA
"1045","872-1",2022-11-24,"Urban","10-19y","Male",1,"[0,2]","Student","Currently enrolled in school",5.5,NA,1,1,0,0,0,NA,NA,NA,NA,NA
"1046","873-1",2022-11-25,"Urban","5-9y","Male",4,"(2,5]","Unemployed outside home","Currently enrolled in school",2.5,NA,0,0,0,0,0,NA,NA,NA,NA,NA
"1047","874-1",2022-11-25,"Urban","5-9y","Female",4,"(2,5]","Unemployed outside home","Currently enrolled in school",2.5,NA,0,0,0,0,0,NA,NA,NA,NA,NA
"1048","875-1",2022-11-25,"Urban","10-19y","Female",6,"(5,50]","Student","Currently enrolled in school",1.5,NA,0,0,0,0,0,NA,NA,NA,NA,NA
"1049","876-1",2022-11-25,"Urban","5-9y","Male",4,"(2,5]","Unemployed outside home","Currently enrolled in school",5,NA,1,1,0,0,0,NA,NA,NA,NA,NA
"1050","878-1",2022-11-26,"Urban","20-29y","Female",5,"(2,5]","Unemployed outside home","Some college or higher",3.5,NA,0,0,0,0,0,NA,NA,NA,NA,NA
"1051","879-1",2022-11-26,"Urban","1-4y","Male",5,"(2,5]","Unemployed outside home",NA,3.5,NA,0,0,0,0,0,NA,NA,NA,NA,NA
"1052","880-1",2022-11-26,"Urban","20-29y","Female",7,"(5,50]","Unemployed outside home","Secondary school",3.5,0,0,0,0,0,0,0,0,0,0,0
"1053","882-1",2022-11-26,"Urban","1-4y","Male",6,"(5,50]","Unemployed outside home",NA,1.5,NA,0,0,0,0,0,NA,NA,NA,NA,NA
"1054","883-1",2022-11-27,"Urban","20-29y","Female",3,"(2,5]","Semiskilled / skilled labor","Some college or higher",3.5,NA,0,0,0,0,0,NA,NA,NA,NA,NA
"1055","884-1",2022-11-27,"Urban","20-29y","Male",5,"(2,5]","Semiskilled / skilled labor","Secondary school",4.5,NA,0,1,0,0,0,NA,NA,NA,NA,NA
"1056","885-1",2022-11-27,"Urban","10-19y","Male",5,"(2,5]","Unemployed outside home","Secondary school",4.5,NA,0,1,0,0,0,NA,NA,NA,NA,NA
"1057","886-1",2022-11-27,"Urban","20-29y","Male",5,"(2,5]","Unemployed outside home","Some college or higher",5.5,NA,1,1,0,0,0,NA,NA,NA,NA,NA
"1058","887-1",2022-11-27,"Urban","10-19y","Male",5,"(2,5]","Student","Currently enrolled in school",5.5,NA,1,1,0,0,0,NA,NA,NA,NA,NA
"1059","890-1",2022-11-28,"Urban","1-4y","Female",6,"(5,50]","Unemployed outside home",NA,2.5,NA,0,0,0,0,0,NA,NA,NA,NA,NA
"1060","891-1",2022-11-28,"Rural","10-19y","Female",7,"(5,50]","Student","Currently enrolled in school",10.5,NA,1,1,1,1,1,NA,NA,NA,NA,NA
"1061","892-1",2022-11-28,"Rural","1-4y","Female",7,"(5,50]","Unemployed outside home",NA,1,NA,0,0,0,0,0,NA,NA,NA,NA,NA
"1062","893-1",2022-11-28,"Rural","10-19y","Female",5,"(2,5]","Student","Currently enrolled in school",6.5,NA,1,1,1,0,0,NA,NA,NA,NA,NA
"1063","894-1",2022-11-28,"Rural","10-19y","Female",3,"(2,5]","Unemployed outside home","Secondary school",4.5,4.125,0,1,0,0,0,0,1,0,0,0
"1064","895-1",2022-11-24,"Urban","5-9y","Male",6,"(5,50]","Unemployed outside home","Currently enrolled in school",3.5,NA,0,0,0,0,0,NA,NA,NA,NA,NA
"1065","896-1",2022-11-24,"Urban","5-9y","Male",6,"(5,50]","Unemployed outside home","Currently enrolled in school",5.5,NA,1,1,0,0,0,NA,NA,NA,NA,NA
"1066","897-1",2022-11-24,"Urban","10-19y","Male",3,"(2,5]","Semiskilled / skilled labor","Secondary school",4.5,NA,0,1,0,0,0,NA,NA,NA,NA,NA
"1067","898-1",2022-11-24,"Urban","10-19y","Male",5,"(2,5]","Student","Currently enrolled in school",4,17,0,0,0,0,0,1,1,1,1,1
"1068","899-1",2022-11-24,"Urban","30-39y","Male",4,"(2,5]","Unemployed outside home","Secondary school",5.5,NA,1,1,0,0,0,NA,NA,NA,NA,NA
"1069","900-1",2022-11-25,"Urban","20-29y","Female",6,"(5,50]","Unemployed outside home","Secondary school",2,NA,0,0,0,0,0,NA,NA,NA,NA,NA
"1070","901-1",2022-11-25,"Urban","20-29y","Male",3,"(2,5]","Semiskilled / skilled labor","Secondary school",2.5,8.525,0,0,0,0,0,1,1,1,0,0
"1071","902-1",2022-11-25,"Urban","20-29y","Female",4,"(2,5]","Student","Currently enrolled in school",3,NA,0,0,0,0,0,NA,NA,NA,NA,NA
"1072","903-1",2022-11-25,"Urban","20-29y","Male",4,"(2,5]","Semiskilled / skilled labor","Secondary school",3,NA,0,0,0,0,0,NA,NA,NA,NA,NA
"1073","904-1",2022-11-25,"Urban","10-19y","Female",4,"(2,5]","Student","Currently enrolled in school",5.5,NA,1,1,0,0,0,NA,NA,NA,NA,NA
"1074","905-1",2022-11-25,"Urban","10-19y","Male",4,"(2,5]","Student","Currently enrolled in school",7,NA,1,1,1,1,0,NA,NA,NA,NA,NA
"1075","906-1",2022-11-25,"Urban","20-29y","Female",5,"(2,5]","Unemployed outside home","Some college or higher",11.5,0.0833333333333333,1,1,1,1,1,0,0,0,0,0
"1076","907-1",2022-11-26,"Urban","5-9y","Male",4,"(2,5]","Unemployed outside home","None",1,NA,0,0,0,0,0,NA,NA,NA,NA,NA
"1077","908-1",2022-11-26,"Urban","10-19y","Male",5,"(2,5]","Student","Currently enrolled in school",6.5,NA,1,1,1,0,0,NA,NA,NA,NA,NA
"1078","909-1",2022-11-26,"Urban","10-19y","Female",4,"(2,5]","Unemployed outside home","Secondary school",6,NA,1,1,0,0,0,NA,NA,NA,NA,NA
"1079","910-1",2022-11-26,"Urban","10-19y","Male",4,"(2,5]","Student","Currently enrolled in school",4,21,0,0,0,0,0,1,1,1,1,1
"1080","911-1",2022-11-27,"Urban","10-19y","Female",6,"(5,50]","Unemployed outside home","Secondary school",5.5,NA,1,1,0,0,0,NA,NA,NA,NA,NA
"1081","913-1",2022-11-28,"Urban","20-29y","Female",6,"(5,50]","Unemployed outside home","Secondary school",1.5,NA,0,0,0,0,0,NA,NA,NA,NA,NA
"1082","914-1",2022-11-28,"Urban","5-9y","Male",4,"(2,5]","Unemployed outside home","Currently enrolled in school",6.5,NA,1,1,1,0,0,NA,NA,NA,NA,NA
"1083","915-1",2022-11-28,"Urban","20-29y","Female",6,"(5,50]","Semiskilled / skilled labor","Secondary school",4.5,NA,0,1,0,0,0,NA,NA,NA,NA,NA
"1084","916-1",2022-11-28,"Urban","20-29y","Male",6,"(5,50]","Unemployed outside home","Secondary school",6.5,NA,1,1,1,0,0,NA,NA,NA,NA,NA
"1085","917-1",2022-11-28,"Urban","20-29y","Female",2,"[0,2]","Unemployed outside home","Some college or higher",8,NA,1,1,1,1,0,NA,NA,NA,NA,NA
"1086","918-1",2022-11-26,"Urban","20-29y","Male",3,"(2,5]","Semiskilled / skilled labor","Secondary school",5,1.91666666666667,1,1,0,0,0,0,0,0,0,0
"1087","919-1",2022-11-26,"Urban","10-19y","Male",5,"(2,5]","Unemployed outside home","Secondary school",3.5,15.75,0,0,0,0,0,1,1,1,1,1
"1088","920-1",2022-11-26,"Urban","10-19y","Male",5,"(2,5]","Student","Currently enrolled in school",6.5,NA,1,1,1,0,0,NA,NA,NA,NA,NA
"1089","921-1",2022-11-26,"Urban","1-4y","Male",4,"(2,5]","Unemployed outside home",NA,3.5,NA,0,0,0,0,0,NA,NA,NA,NA,NA
"1090","922-1",2022-11-27,"Urban","1-4y","Female",6,"(5,50]","Unemployed outside home",NA,1.5,NA,0,0,0,0,0,NA,NA,NA,NA,NA
"1091","924-1",2022-11-28,"Urban","10-19y","Male",3,"(2,5]","Unemployed outside home","Secondary school",3.5,NA,0,0,0,0,0,NA,NA,NA,NA,NA
"1092","925-1",2022-11-28,"Urban","5-9y","Male",4,"(2,5]","Unemployed outside home","Currently enrolled in school",1,NA,0,0,0,0,0,NA,NA,NA,NA,NA
"1093","926-1",2022-11-28,"Urban","10-19y","Male",5,"(2,5]","Student","Currently enrolled in school",5.5,NA,1,1,0,0,0,NA,NA,NA,NA,NA
"1094","927-1",2022-11-28,"Urban","10-19y","Male",4,"(2,5]","Student","Currently enrolled in school",5.5,NA,1,1,0,0,0,NA,NA,NA,NA,NA
"1095","928-1",2022-11-28,"Urban","20-29y","Male",4,"(2,5]","Unemployed outside home","Secondary school",2.5,NA,0,0,0,0,0,NA,NA,NA,NA,NA
"1096","930-1",2022-11-29,"Urban","20-29y","Male",5,"(2,5]","Semiskilled / skilled labor","Secondary school",7.5,NA,1,1,1,1,0,NA,NA,NA,NA,NA
"1097","931-1",2022-11-28,"Urban","1-4y","Female",5,"(2,5]","Unemployed outside home",NA,1,NA,0,0,0,0,0,NA,NA,NA,NA,NA
"1098","932-1",2022-11-28,"Urban","1-4y","Female",6,"(5,50]","Unemployed outside home",NA,1,NA,0,0,0,0,0,NA,NA,NA,NA,NA
"1099","933-1",2022-11-29,"Urban","5-9y","Male",6,"(5,50]","Unemployed outside home","Currently enrolled in school",5,16.1416666666667,1,1,0,0,0,1,1,1,1,1
"1100","934-1",2022-11-29,"Rural","10-19y","Female",4,"(2,5]","Student","Currently enrolled in school",14.5,5.55,1,1,1,1,1,0,1,0,0,0
"1101","935-1",2022-11-29,"Rural","1-4y","Male",5,"(2,5]","Unemployed outside home",NA,1.5,1.70833333333333,0,0,0,0,0,0,0,0,0,0
"1102","936-1",2022-11-29,"Rural","10-19y","Female",4,"(2,5]","Student","Currently enrolled in school",5.5,NA,1,1,0,0,0,NA,NA,NA,NA,NA
"1103","937-1",2022-11-29,"Rural","10-19y","Female",2,"[0,2]","Student","Currently enrolled in school",6.5,NA,1,1,1,0,0,NA,NA,NA,NA,NA
"1104","938-1",2022-11-29,"Rural","5-9y","Female",4,"(2,5]","Unemployed outside home","Currently enrolled in school",6.5,NA,1,1,1,0,0,NA,NA,NA,NA,NA
"1105","939-1",2022-11-29,"Rural","5-9y","Female",7,"(5,50]","Unemployed outside home","Currently enrolled in school",3,NA,0,0,0,0,0,NA,NA,NA,NA,NA
"1106","940-1",2022-11-29,"Rural","5-9y","Female",4,"(2,5]","Unemployed outside home","Currently enrolled in school",13.5,12.3,1,1,1,1,1,1,1,1,1,0
"1107","941-1",2022-11-29,"Rural","10-19y","Female",3,"(2,5]","Student","Currently enrolled in school",11,8.025,1,1,1,1,1,1,1,1,0,0
"1108","943-1",2022-11-30,"Rural","1-4y","Male",4,"(2,5]","Unemployed outside home",NA,5.5,2.65833333333333,1,1,0,0,0,0,0,0,0,0
"1109","944-1",2022-11-30,"Rural","1-4y","Female",4,"(2,5]","Unemployed outside home",NA,3,NA,0,0,0,0,0,NA,NA,NA,NA,NA
"1110","945-1",2022-11-30,"Rural","1-4y","Male",5,"(2,5]","Unemployed outside home",NA,5.5,NA,1,1,0,0,0,NA,NA,NA,NA,NA
"1111","946-1",2022-12-01,"Rural","1-4y","Female",1,"[0,2]","Unemployed outside home",NA,9,NA,1,1,1,1,1,NA,NA,NA,NA,NA
"1112","947-1",2022-12-01,"Rural","1-4y","Female",7,"(5,50]","Unemployed outside home",NA,1,NA,0,0,0,0,0,NA,NA,NA,NA,NA
"1113","949-1",2022-12-01,"Rural","1-4y","Female",5,"(2,5]","Unemployed outside home",NA,5,NA,1,1,0,0,0,NA,NA,NA,NA,NA
"1114","951-1",2022-12-02,"Rural","1-4y","Male",1,"[0,2]","Unemployed outside home",NA,1,NA,0,0,0,0,0,NA,NA,NA,NA,NA
"1115","953-1",2022-12-02,"Rural","1-4y","Female",4,"(2,5]","Unemployed outside home",NA,2.5,0.575,0,0,0,0,0,0,0,0,0,0
"1116","954-1",2022-12-02,"Rural","1-4y","Female",5,"(2,5]","Unemployed outside home",NA,4,2.04166666666667,0,0,0,0,0,0,0,0,0,0
"1117","955-1",2022-12-03,"Rural","1-4y","Female",6,"(5,50]","Unemployed outside home",NA,6,3.25833333333333,1,1,0,0,0,0,1,0,0,0
"1118","956-1",2022-12-03,"Rural","1-4y","Male",5,"(2,5]","Unemployed outside home",NA,1,NA,0,0,0,0,0,NA,NA,NA,NA,NA
"1119","957-1",2022-12-03,"Rural","1-4y","Male",6,"(5,50]","Unemployed outside home",NA,2.5,NA,0,0,0,0,0,NA,NA,NA,NA,NA
"1120","959-1",2022-12-03,"Rural","1-4y","Male",4,"(2,5]","Unemployed outside home",NA,3.5,NA,0,0,0,0,0,NA,NA,NA,NA,NA
"1121","960-1",2022-12-03,"Rural","1-4y","Female",3,"(2,5]","Unemployed outside home",NA,3.5,NA,0,0,0,0,0,NA,NA,NA,NA,NA
"1122","961-1",2022-12-03,"Rural","1-4y","Male",7,"(5,50]","Unemployed outside home",NA,3,NA,0,0,0,0,0,NA,NA,NA,NA,NA
"1123","962-1",2022-12-05,"Rural","1-4y","Female",5,"(2,5]","Unemployed outside home",NA,1,NA,0,0,0,0,0,NA,NA,NA,NA,NA
"1124","963-1",2022-12-05,"Rural","1-4y","Female",1,"[0,2]","Unemployed outside home",NA,8.5,NA,1,1,1,1,0,NA,NA,NA,NA,NA
"1125","964-1",2022-12-05,"Rural","1-4y","Male",5,"(2,5]","Unemployed outside home",NA,6,NA,1,1,0,0,0,NA,NA,NA,NA,NA
"1126","965-1",2022-12-05,"Rural","1-4y","Male",4,"(2,5]","Unemployed outside home",NA,8.5,NA,1,1,1,1,0,NA,NA,NA,NA,NA
"1127","966-1",2022-12-05,"Rural","1-4y","Male",6,"(5,50]","Unemployed outside home",NA,7.5,NA,1,1,1,1,0,NA,NA,NA,NA,NA
"1128","968-1",2022-12-05,"Rural","1-4y","Male",6,"(5,50]","Unemployed outside home",NA,1,NA,0,0,0,0,0,NA,NA,NA,NA,NA
"1129","970-1",2022-12-05,"Rural","1-4y","Male",5,"(2,5]","Unemployed outside home",NA,4,NA,0,0,0,0,0,NA,NA,NA,NA,NA
"1130","971-1",2022-11-29,"Urban","10-19y","Male",5,"(2,5]","Student","Currently enrolled in school",2.5,NA,0,0,0,0,0,NA,NA,NA,NA,NA
"1131","973-1",2022-11-29,"Urban","20-29y","Male",3,"(2,5]","Unemployed outside home","Secondary school",6.5,NA,1,1,1,0,0,NA,NA,NA,NA,NA
"1132","979-1",2022-12-02,"Urban","1-4y","Female",2,"[0,2]","Unemployed outside home",NA,4.5,NA,0,1,0,0,0,NA,NA,NA,NA,NA
"1133","980-1",2022-12-02,"Urban","1-4y","Female",1,"[0,2]","Unemployed outside home",NA,5.5,NA,1,1,0,0,0,NA,NA,NA,NA,NA
"1134","981-1",2022-12-03,"Urban","1-4y","Male",4,"(2,5]","Unemployed outside home",NA,3.5,NA,0,0,0,0,0,NA,NA,NA,NA,NA
"1135","982-1",2022-12-03,"Urban","1-4y","Male",4,"(2,5]","Unemployed outside home",NA,3.5,NA,0,0,0,0,0,NA,NA,NA,NA,NA
"1136","983-1",2022-12-03,"Urban","1-4y","Male",4,"(2,5]","Unemployed outside home",NA,3.5,NA,0,0,0,0,0,NA,NA,NA,NA,NA
"1137","984-1",2022-12-06,"Urban","30-39y","Male",1,"[0,2]","Semiskilled / skilled labor","Secondary school",2.5,NA,0,0,0,0,0,NA,NA,NA,NA,NA
"1138","985-1",2022-11-29,"Urban","20-29y","Male",3,"(2,5]","Semiskilled / skilled labor","Secondary school",2.5,NA,0,0,0,0,0,NA,NA,NA,NA,NA
"1139","986-1",2022-11-29,"Urban","5-9y","Male",5,"(2,5]","Unemployed outside home","Currently enrolled in school",3.5,NA,0,0,0,0,0,NA,NA,NA,NA,NA
"1140","988-1",2022-11-30,"Urban","1-4y","Female",6,"(5,50]","Unemployed outside home",NA,6.5,NA,1,1,1,0,0,NA,NA,NA,NA,NA
"1141","990-1",2022-12-01,"Urban","1-4y","Female",5,"(2,5]","Unemployed outside home",NA,4.5,NA,0,1,0,0,0,NA,NA,NA,NA,NA
"1142","992-1",2022-12-01,"Urban","1-4y","Male",1,"[0,2]","Unemployed outside home",NA,4.5,NA,0,1,0,0,0,NA,NA,NA,NA,NA
"1143","993-1",2022-12-01,"Urban","1-4y","Female",1,"[0,2]","Unemployed outside home",NA,2.5,NA,0,0,0,0,0,NA,NA,NA,NA,NA
"1144","994-1",2022-12-01,"Urban","1-4y","Female",6,"(5,50]","Unemployed outside home",NA,1,NA,0,0,0,0,0,NA,NA,NA,NA,NA
"1145","996-1",2022-12-02,"Urban","1-4y","Male",4,"(2,5]","Unemployed outside home",NA,2.5,NA,0,0,0,0,0,NA,NA,NA,NA,NA
"1146","998-1",2022-12-02,"Urban","1-4y","Female",4,"(2,5]","Unemployed outside home",NA,5.5,NA,1,1,0,0,0,NA,NA,NA,NA,NA
"1147","999-1",2022-12-02,"Urban","1-4y","Female",1,"[0,2]","Unemployed outside home",NA,2.5,NA,0,0,0,0,0,NA,NA,NA,NA,NA
"1148","1000-1",2022-12-02,"Urban","1-4y","Male",1,"[0,2]","Unemployed outside home",NA,6.5,NA,1,1,1,0,0,NA,NA,NA,NA,NA
"1149","1001-1",2022-12-03,"Urban","1-4y","Male",1,"[0,2]","Unemployed outside home",NA,3.5,NA,0,0,0,0,0,NA,NA,NA,NA,NA
"1150","1005-1",2022-12-06,"Rural","1-4y","Male",6,"(5,50]","Unemployed outside home",NA,12,7.68333333333333,1,1,1,1,1,1,1,0,0,0
"1151","1007-1",2022-12-06,"Rural","1-4y","Male",6,"(5,50]","Unemployed outside home",NA,5.5,NA,1,1,0,0,0,NA,NA,NA,NA,NA
"1152","1008-1",2022-12-06,"Rural","1-4y","Female",3,"(2,5]","Unemployed outside home",NA,7.5,NA,1,1,1,1,0,NA,NA,NA,NA,NA
"1153","1009-1",2022-12-06,"Rural","1-4y","Male",5,"(2,5]","Unemployed outside home",NA,3,0.575,0,0,0,0,0,0,0,0,0,0
"1154","1010-1",2022-12-06,"Rural","1-4y","Male",5,"(2,5]","Unemployed outside home",NA,2,0.166666666666667,0,0,0,0,0,0,0,0,0,0
"1155","1012-1",2022-12-06,"Rural","1-4y","Male",7,"(5,50]","Unemployed outside home",NA,5,NA,1,1,0,0,0,NA,NA,NA,NA,NA
"1156","1013-1",2022-12-06,"Rural","1-4y","Female",3,"(2,5]","Unemployed outside home",NA,4.5,NA,0,1,0,0,0,NA,NA,NA,NA,NA
"1157","1014-1",2022-12-06,"Rural","1-4y","Female",4,"(2,5]","Unemployed outside home",NA,7.5,NA,1,1,1,1,0,NA,NA,NA,NA,NA
"1158","1016-1",2022-12-01,"Urban","1-4y","Female",1,"[0,2]","Unemployed outside home",NA,3.5,NA,0,0,0,0,0,NA,NA,NA,NA,NA
"1159","1018-1",2022-12-01,"Urban","1-4y","Female",1,"[0,2]","Unemployed outside home",NA,4.5,NA,0,1,0,0,0,NA,NA,NA,NA,NA
"1160","1020-1",2022-12-02,"Urban","60+y","Female",5,"(2,5]","Unemployed outside home","Primary school",4.5,NA,0,1,0,0,0,NA,NA,NA,NA,NA
"1161","1022-1",2022-12-02,"Urban","1-4y","Male",5,"(2,5]","Unemployed outside home",NA,4.5,NA,0,1,0,0,0,NA,NA,NA,NA,NA
"1162","1023-1",2022-12-02,"Urban","30-39y","Male",5,"(2,5]","Semiprofessional / professional","Some college or higher",5.5,NA,1,1,0,0,0,NA,NA,NA,NA,NA
"1163","1024-1",2022-12-02,"Urban","1-4y","Male",7,"(5,50]","Unemployed outside home",NA,2.5,NA,0,0,0,0,0,NA,NA,NA,NA,NA
"1164","1025-1",2022-12-02,"Urban","1-4y","Male",7,"(5,50]","Unemployed outside home",NA,2.5,NA,0,0,0,0,0,NA,NA,NA,NA,NA
"1165","1026-1",2022-12-03,"Urban","1-4y","Male",5,"(2,5]","Unemployed outside home",NA,1.5,NA,0,0,0,0,0,NA,NA,NA,NA,NA
"1166","1027-1",2022-12-03,"Urban","30-39y","Male",7,"(5,50]","Semiskilled / skilled labor","Secondary school",4.5,NA,0,1,0,0,0,NA,NA,NA,NA,NA
"1167","1028-1",2022-12-03,"Urban","1-4y","Female",7,"(5,50]","Unemployed outside home",NA,2.5,NA,0,0,0,0,0,NA,NA,NA,NA,NA
"1168","1029-1",2022-12-03,"Urban","30-39y","Female",4,"(2,5]","Semiskilled / skilled labor","Secondary school",11.5,NA,1,1,1,1,1,NA,NA,NA,NA,NA
"1169","1030-1",2022-12-03,"Urban","1-4y","Female",4,"(2,5]","Unemployed outside home",NA,6.5,NA,1,1,1,0,0,NA,NA,NA,NA,NA
"1170","1031-1",2022-12-04,"Urban","1-4y","Female",5,"(2,5]","Unemployed outside home",NA,4.5,NA,0,1,0,0,0,NA,NA,NA,NA,NA
"1171","1032-1",2022-12-04,"Urban","1-4y","Male",5,"(2,5]","Unemployed outside home",NA,4.5,NA,0,1,0,0,0,NA,NA,NA,NA,NA
"1172","1033-1",2022-12-06,"Urban","5-9y","Male",4,"(2,5]","Unemployed outside home","Currently enrolled in school",10.5,NA,1,1,1,1,1,NA,NA,NA,NA,NA
"1173","1034-1",2022-12-06,"Urban","20-29y","Male",3,"(2,5]","Unemployed outside home","Secondary school",7.5,NA,1,1,1,1,0,NA,NA,NA,NA,NA
"1174","1035-1",2022-11-30,"Urban","1-4y","Female",3,"(2,5]","Unemployed outside home",NA,3.5,10.25,0,0,0,0,0,1,1,1,1,0
"1175","1036-1",2022-12-01,"Urban","1-4y","Female",6,"(5,50]","Unemployed outside home",NA,2,0,0,0,0,0,0,0,0,0,0,0
"1176","1037-1",2022-12-01,"Urban","1-4y","Male",1,"[0,2]","Unemployed outside home",NA,2.5,9.19166666666667,0,0,0,0,0,1,1,1,0,0
"1177","1038-1",2022-12-01,"Urban","1-4y","Female",12,"(5,50]","Unemployed outside home",NA,2,3.19166666666667,0,0,0,0,0,0,1,0,0,0
"1178","1040-1",2022-12-01,"Urban","1-4y","Female",6,"(5,50]","Unemployed outside home",NA,2.5,0,0,0,0,0,0,0,0,0,0,0
"1179","1041-1",2022-12-02,"Urban","1-4y","Female",4,"(2,5]","Unemployed outside home",NA,2.5,12,0,0,0,0,0,1,1,1,1,0
"1180","1042-1",2022-12-02,"Urban","1-4y","Female",6,"(5,50]","Unemployed outside home",NA,1.5,0.191666666666667,0,0,0,0,0,0,0,0,0,0
"1181","1043-1",2022-12-02,"Urban","1-4y","Female",9,"(5,50]","Unemployed outside home",NA,1.5,0,0,0,0,0,0,0,0,0,0,0
"1182","1044-1",2022-12-02,"Urban","1-4y","Male",9,"(5,50]","Unemployed outside home",NA,2,9,0,0,0,0,0,1,1,1,0,0
"1183","1045-1",2022-12-02,"Urban","1-4y","Male",16,"(5,50]","Unemployed outside home",NA,6,10.2833333333333,1,1,0,0,0,1,1,1,1,0
"1184","1046-1",2022-12-03,"Urban","1-4y","Male",1,"[0,2]","Unemployed outside home",NA,6,27.5666666666667,1,1,0,0,0,1,1,1,1,1
"1185","1047-1",2022-12-03,"Urban","1-4y","Female",1,"[0,2]","Unemployed outside home",NA,3.5,3.65,0,0,0,0,0,0,1,0,0,0
"1186","1048-1",2022-12-03,"Urban","1-4y","Male",1,"[0,2]","Unemployed outside home",NA,3.5,0,0,0,0,0,0,0,0,0,0,0
"1187","1050-1",2022-12-06,"Urban","20-29y","Male",1,"[0,2]","Unemployed outside home","Secondary school",4.5,NA,0,1,0,0,0,NA,NA,NA,NA,NA
"1188","1051-1",2022-12-07,"Urban","20-29y","Male",4,"(2,5]","Unemployed outside home","Secondary school",3.5,NA,0,0,0,0,0,NA,NA,NA,NA,NA
"1189","1053-1",2022-12-07,"Urban","20-29y","Male",1,"[0,2]","Unemployed outside home","Secondary school",4,1.71666666666667,0,0,0,0,0,0,0,0,0,0
"1190","1057-1",2022-12-08,"Urban","20-29y","Male",4,"(2,5]","Unemployed outside home","Secondary school",5.5,NA,1,1,0,0,0,NA,NA,NA,NA,NA
"1191","1060-1",2022-12-15,"Urban","60+y","Male",5,"(2,5]","Unemployed outside home","Secondary school",2,1.5,0,0,0,0,0,0,0,0,0,0
"1192","1061-1",2022-12-15,"Urban","40-59y","Male",5,"(2,5]","Semiprofessional / professional","Secondary school",2.5,9.19166666666667,0,0,0,0,0,1,1,1,0,0
"1193","1062-1",2022-12-17,"Urban","30-39y","Male",6,"(5,50]","Semiskilled / skilled labor","None",1,0.0833333333333333,0,0,0,0,0,0,0,0,0,0
"1194","1063-1",2022-12-19,"Urban","60+y","Male",2,"[0,2]","Unemployed outside home","Secondary school",1.5,0.166666666666667,0,0,0,0,0,0,0,0,0,0
"1195","1064-1",2022-12-19,"Urban","10-19y","Female",5,"(2,5]","Student","Currently enrolled in school",5.5,1.15,1,1,0,0,0,0,0,0,0,0
"1196","1065-1",2022-12-19,"Urban","10-19y","Female",3,"(2,5]","Unemployed outside home","Secondary school",5,0.191666666666667,1,1,0,0,0,0,0,0,0,0
"1197","1066-1",2022-12-21,"Urban","40-59y","Male",8,"(5,50]","Semiskilled / skilled labor","Primary school",2.5,1.60833333333333,0,0,0,0,0,0,0,0,0,0
"1198","1067-1",2022-12-22,"Urban","40-59y","Male",4,"(2,5]","Semiprofessional / professional","Primary school",2.5,0.55,0,0,0,0,0,0,0,0,0,0
"1199","1068-1",2022-12-23,"Urban","40-59y","Male",5,"(2,5]","Unemployed outside home","Secondary school",3.5,0.716666666666667,0,0,0,0,0,0,0,0,0,0
"1200","1069-1",2022-12-23,"Urban","40-59y","Male",6,"(5,50]","Semiskilled / skilled labor","Primary school",6.5,0.166666666666667,1,1,1,0,0,0,0,0,0,0
"1201","1070-1",2022-12-24,"Urban","40-59y","Male",6,"(5,50]","Unemployed outside home","Secondary school",2.5,0.166666666666667,0,0,0,0,0,0,0,0,0,0
"1202","1071-1",2022-12-24,"Urban","30-39y","Male",5,"(2,5]","Semiprofessional / professional","Primary school",5.5,3.63333333333333,1,1,0,0,0,0,1,0,0,0
"1203","1072-1",2022-12-24,"Urban","30-39y","Male",5,"(2,5]","Semiprofessional / professional","Primary school",3.5,12.3833333333333,0,0,0,0,0,1,1,1,1,0
"1204","1088-1",2023-01-12,"Urban","10-19y","Male",1,"[0,2]","Semiskilled / skilled labor","Secondary school",4.5,NA,0,1,0,0,0,NA,NA,NA,NA,NA
"1205","1111-1",2023-02-04,"Urban","20-29y","Female",1,"[0,2]","Unemployed outside home","Secondary school",4.5,NA,0,1,0,0,0,NA,NA,NA,NA,NA
"1206","1112-1",2023-02-04,"Urban","20-29y","Female",1,"[0,2]","Unemployed outside home","Secondary school",6.5,NA,1,1,1,0,0,NA,NA,NA,NA,NA
"1207","41-2",2022-07-18,"Rural","1-4y","Female",5,"(2,5]","Unemployed outside home","None",17.5,3.81666666666667,1,1,1,1,1,0,1,0,0,0
"1208","51-2",2022-07-19,"Rural","1-4y","Female",5,"(2,5]","Unemployed outside home","None",3.5,1.625,0,0,0,0,0,0,0,0,0,0
"1209","58-2",2022-07-15,"Rural","1-4y","Male",6,"(5,50]","Unemployed outside home","None",5,0,1,1,0,0,0,0,0,0,0,0
"1210","111-2",2022-07-19,"Urban","1-4y","Female",3,"(2,5]","Unemployed outside home","None",7,3.15,1,1,1,1,0,0,1,0,0,0
"1211","119-2",2022-07-16,"Urban","1-4y","Female",5,"(2,5]","Unemployed outside home","None",2.5,NA,0,0,0,0,0,NA,NA,NA,NA,NA
"1212","129-2",2022-07-20,"Urban","1-4y","Male",5,"(2,5]","Unemployed outside home","Currently enrolled in school",4.5,NA,0,1,0,0,0,NA,NA,NA,NA,NA
"1213","206-2",2022-08-05,"Urban","1-4y","Female",4,"(2,5]","Unemployed outside home","None",7.5,NA,1,1,1,1,0,NA,NA,NA,NA,NA
"1214","214-2",2022-08-04,"Urban","1-4y","Male",4,"(2,5]","Unemployed outside home","None",5,NA,1,1,0,0,0,NA,NA,NA,NA,NA
"1215","218-2",2022-08-04,"Rural","1-4y","Female",4,"(2,5]","Unemployed outside home","None",4.5,NA,0,1,0,0,0,NA,NA,NA,NA,NA
"1216","222-2",2022-08-05,"Rural","1-4y","Male",4,"(2,5]","Unemployed outside home","None",5,4.2,1,1,0,0,0,0,1,0,0,0
"1217","229-2",2022-08-09,"Rural","1-4y","Male",5,"(2,5]","Unemployed outside home","None",1,NA,0,0,0,0,0,NA,NA,NA,NA,NA
"1218","239-2",2022-08-10,"Rural","1-4y","Female",4,"(2,5]","Unemployed outside home","None",3,NA,0,0,0,0,0,NA,NA,NA,NA,NA
"1219","273-2",2022-08-12,"Rural","1-4y","Female",6,"(5,50]","Unemployed outside home","None",4,3.94166666666667,0,0,0,0,0,0,1,0,0,0
"1220","299-2",2022-08-17,"Rural","1-4y","Female",4,"(2,5]","Unemployed outside home","None",6,0.383333333333333,1,1,0,0,0,0,0,0,0,0
"1221","303-2",2022-08-17,"Rural","1-4y","Female",3,"(2,5]","Unemployed outside home","Primary school",7.5,NA,1,1,1,1,0,NA,NA,NA,NA,NA
"1222","306-2",2022-08-16,"Rural","1-4y","Male",3,"(2,5]","Unemployed outside home","None",5.5,NA,1,1,0,0,0,NA,NA,NA,NA,NA
"1223","309-2",2022-08-16,"Rural","1-4y","Female",3,"(2,5]","Unemployed outside home","Currently enrolled in school",7,12,1,1,1,1,0,1,1,1,1,0
"1224","312-2",2022-08-18,"Rural","1-4y","Female",4,"(2,5]","Unemployed outside home","None",4.5,3.75,0,1,0,0,0,0,1,0,0,0
"1225","316-2",2022-08-19,"Rural","1-4y","Female",6,"(5,50]","Unemployed outside home","Currently enrolled in school",4.5,NA,0,1,0,0,0,NA,NA,NA,NA,NA
"1226","328-2",2022-08-22,"Rural","1-4y","Male",4,"(2,5]","Unemployed outside home","Some college or higher",8,NA,1,1,1,1,0,NA,NA,NA,NA,NA
"1227","331-2",2022-08-21,"Urban","1-4y","Male",4,"(2,5]","Unemployed outside home","None",3.5,NA,0,0,0,0,0,NA,NA,NA,NA,NA
"1228","338-2",2022-08-21,"Urban","1-4y","Female",5,"(2,5]","Unemployed outside home","None",1.5,1.25,0,0,0,0,0,0,0,0,0,0
"1229","368-2",2022-08-31,"Rural","1-4y","Female",5,"(2,5]","Unemployed outside home","None",6.5,NA,1,1,1,0,0,NA,NA,NA,NA,NA
"1230","376-2",2022-09-02,"Urban","1-4y","Female",5,"(2,5]","Unemployed outside home","None",5,1.15833333333333,1,1,0,0,0,0,0,0,0,0
"1231","403-2",2022-09-08,"Rural","1-4y","Male",5,"(2,5]","Unemployed outside home","None",4,1.95833333333333,0,0,0,0,0,0,0,0,0,0
"1232","422-2",2022-09-15,"Urban","1-4y","Male",3,"(2,5]","Unemployed outside home","None",4.5,6.69166666666667,0,1,0,0,0,1,1,0,0,0
"1233","428-2",2022-09-11,"Urban","1-4y","Male",4,"(2,5]","Unemployed outside home","None",6,2,1,1,0,0,0,0,0,0,0,0
"1234","431-2",2022-09-11,"Urban","1-4y","Male",5,"(2,5]","Unemployed outside home","None",4.5,NA,0,1,0,0,0,NA,NA,NA,NA,NA
"1235","444-2",2022-09-18,"Urban","1-4y","Female",4,"(2,5]","Unemployed outside home","None",5.5,5.875,1,1,0,0,0,1,1,0,0,0
"1236","448-2",2022-09-18,"Urban","1-4y","Male",4,"(2,5]","Unemployed outside home","None",3.5,NA,0,0,0,0,0,NA,NA,NA,NA,NA
"1237","468-2",2022-09-19,"Urban","1-4y","Female",6,"(5,50]","Unemployed outside home","Currently enrolled in school",6,0.166666666666667,1,1,0,0,0,0,0,0,0,0
"1238","529-2",2022-10-06,"Urban","1-4y","Male",4,"(2,5]","Unemployed outside home","None",5.5,NA,1,1,0,0,0,NA,NA,NA,NA,NA
"1239","542-2",2022-08-25,"Rural","1-4y","Male",4,"(2,5]","Unemployed outside home","None",4.5,3.875,0,1,0,0,0,0,1,0,0,0
"1240","550-2",2022-08-26,"Rural","1-4y","Female",5,"(2,5]","Unemployed outside home","None",4.5,11.25,0,1,0,0,0,1,1,1,1,0
"1241","554-2",2022-08-26,"Rural","1-4y","Male",5,"(2,5]","Unemployed outside home","None",6,16.75,1,1,0,0,0,1,1,1,1,1
"1242","561-2",2022-10-12,"Urban","1-4y","Female",4,"(2,5]","Unemployed outside home","None",4.5,3,0,1,0,0,0,0,0,0,0,0
"1243","582-2",2022-09-01,"Rural","1-4y","Female",6,"(5,50]","Unemployed outside home","None",5,14.75,1,1,0,0,0,1,1,1,1,0
"1244","670-2",2022-12-26,"Urban","1-4y","Male",6,"(5,50]","Unemployed outside home","None",4.5,NA,0,1,0,0,0,NA,NA,NA,NA,NA
