"","rec_id","date_participant_enrolled","study_site","participant_age","participant_sex","hh_size","hh_size_cat","occupation","high_educ","avg_daily_nonhh_contacts","avg_daily_indtime_contacts","avg_daily_touch_contacts","daily_nonhh_mean_outlier","daily_nonhh_q50_outlier","daily_nonhh_q75_outlier","daily_nonhh_q80_outlier","daily_nonhh_q90_outlier","daily_indtime_mean_outlier","daily_indtime_q50_outlier","daily_indtime_q75_outlier","daily_indtime_q80_outlier","daily_indtime_q90_outlier","daily_touch_mean_outlier","daily_touch_q50_outlier","daily_touch_q75_outlier","daily_touch_q80_outlier","daily_touch_q90_outlier"
"1","89",2021-03-31,"Rural","6-11mo","Female",4,"(2,5]","Unemployed outside home","None",2,0,2,0,0,0,0,0,0,0,0,0,0,0,0,0,0,0
"2","93",2021-03-30,"Rural","6-11mo","Female",13,"(5,50]","Unemployed outside home","None",1,0.166666666666667,1,0,0,0,0,0,0,0,0,0,0,0,0,0,0,0
"3","101",2021-04-05,"Urban","6-11mo","Male",11,"(5,50]","Unemployed outside home","None",3,9.25,3,0,0,0,0,0,1,1,0,0,0,1,1,0,0,0
"4","102",2021-04-05,"Rural","<6mo","Male",5,"(2,5]","Unemployed outside home","None",1,0,1,0,0,0,0,0,0,0,0,0,0,0,0,0,0,0
"5","106",2021-04-05,"Rural","<6mo","Male",4,"(2,5]","Unemployed outside home","None",1.5,3.25,0,0,0,0,0,0,0,1,0,0,0,0,0,0,0,0
"6","107",2021-04-05,"Urban","6-11mo","Female",7,"(5,50]","Unemployed outside home","None",0.5,1.25,0.5,0,0,0,0,0,0,0,0,0,0,0,0,0,0,0
"7","108",2021-04-05,"Urban","6-11mo","Female",5,"(2,5]","Unemployed outside home","None",3,0.383333333333333,3,0,0,0,0,0,0,0,0,0,0,1,1,0,0,0
"8","109",2021-04-06,"Urban","6-11mo","Male",4,"(2,5]","Unemployed outside home","None",0,0,0,0,0,0,0,0,0,0,0,0,0,0,0,0,0,0
"9","110",2021-04-06,"Urban","6-11mo","Female",4,"(2,5]","Unemployed outside home","None",0.5,0,0.5,0,0,0,0,0,0,0,0,0,0,0,0,0,0,0
"10","111",2021-04-06,"Urban","6-11mo","Male",9,"(5,50]","Unemployed outside home","None",1,0,0,0,0,0,0,0,0,0,0,0,0,0,0,0,0,0
"11","112",2021-04-05,"Urban","6-11mo","Female",3,"(2,5]","Unemployed outside home","None",6,18,6,1,1,0,0,0,1,1,1,1,0,1,1,1,1,0
"12","113",2021-04-06,"Urban","6-11mo","Male",7,"(5,50]","Unemployed outside home","None",2.5,3.75,2.5,0,0,0,0,0,0,1,0,0,0,0,0,0,0,0
"13","114",2021-04-06,"Urban","6-11mo","Female",10,"(5,50]","Unemployed outside home","None",2,0.275,2,0,0,0,0,0,0,0,0,0,0,0,0,0,0,0
"14","115",2021-04-06,"Urban","6-11mo","Male",8,"(5,50]","Unemployed outside home","None",2.5,6.08333333333333,2.5,0,0,0,0,0,0,1,0,0,0,0,0,0,0,0
"15","116",2021-04-06,"Urban","6-11mo","Male",8,"(5,50]","Unemployed outside home","None",6.5,0,6.5,1,1,0,0,0,0,0,0,0,0,1,1,1,1,0
"16","124",2021-04-06,"Rural","6-11mo","Female",4,"(2,5]","Unemployed outside home","None",4,0.25,1.5,0,0,0,0,0,0,0,0,0,0,0,0,0,0,0
"17","127",2021-04-06,"Rural","6-11mo","Male",10,"(5,50]","Unemployed outside home","None",10.5,7.96666666666667,10.5,1,1,1,1,1,1,1,0,0,0,1,1,1,1,1
"18","130",2021-04-08,"Rural","<6mo","Male",7,"(5,50]","Unemployed outside home","None",0.5,0,0.5,0,0,0,0,0,0,0,0,0,0,0,0,0,0,0
"19","135",2021-04-09,"Urban","6-11mo","Female",8,"(5,50]","Unemployed outside home","None",0.5,1.25,0.5,0,0,0,0,0,0,0,0,0,0,0,0,0,0,0
"20","139",2021-04-08,"Urban","6-11mo","Male",10,"(5,50]","Unemployed outside home","None",2.5,2.875,2.5,0,0,0,0,0,0,1,0,0,0,0,0,0,0,0
"21","140",2021-04-08,"Urban","6-11mo","Female",4,"(2,5]","Unemployed outside home","None",6.5,1.25,6.5,1,1,0,0,0,0,0,0,0,0,1,1,1,1,0
"22","141",2021-04-08,"Urban","6-11mo","Male",15,"(5,50]","Unemployed outside home","None",2,0,2,0,0,0,0,0,0,0,0,0,0,0,0,0,0,0
"23","142",2021-04-06,"Urban","6-11mo","Male",3,"(2,5]","Unemployed outside home","None",6,3.53333333333333,1.5,1,1,0,0,0,0,1,0,0,0,0,0,0,0,0
"24","143",2021-04-08,"Urban","6-11mo","Female",3,"(2,5]","Unemployed outside home","None",5.5,31.25,5.5,1,1,0,0,0,1,1,1,1,1,1,1,1,1,0
"25","144",2021-04-09,"Urban","6-11mo","Male",7,"(5,50]","Unemployed outside home","None",2,0,1,0,0,0,0,0,0,0,0,0,0,0,0,0,0,0
"26","145",2021-04-12,"Rural","6-11mo","Female",7,"(5,50]","Unemployed outside home","None",6,3.33333333333333,6,1,1,0,0,0,0,1,0,0,0,1,1,1,1,0
"27","149",2021-04-11,"Urban","6-11mo","Male",11,"(5,50]","Unemployed outside home","None",0,0,0,0,0,0,0,0,0,0,0,0,0,0,0,0,0,0
"28","150",2021-04-11,"Urban","6-11mo","Male",10,"(5,50]","Unemployed outside home","None",2.5,0,1.5,0,0,0,0,0,0,0,0,0,0,0,0,0,0,0
"29","151",2021-04-11,"Urban","6-11mo","Male",4,"(2,5]","Unemployed outside home","None",1,0.75,0,0,0,0,0,0,0,0,0,0,0,0,0,0,0,0
"30","153",2021-04-13,"Urban","6-11mo","Male",13,"(5,50]","Unemployed outside home","None",3.5,2.56666666666667,1.5,0,0,0,0,0,0,1,0,0,0,0,0,0,0,0
"31","156",2021-04-13,"Rural","<6mo","Female",5,"(2,5]","Unemployed outside home","None",6.5,0.166666666666667,6.5,1,1,0,0,0,0,0,0,0,0,1,1,1,1,0
"32","158",2021-04-13,"Rural","<6mo","Male",6,"(5,50]","Unemployed outside home","None",1,1.25,1,0,0,0,0,0,0,0,0,0,0,0,0,0,0,0
"33","164",2021-04-14,"Rural","<6mo","Female",4,"(2,5]","Unemployed outside home","None",6.5,1.31666666666667,3,1,1,0,0,0,0,0,0,0,0,1,1,0,0,0
"34","170",2021-04-16,"Rural","6-11mo","Female",2,"[0,2]","Unemployed outside home","None",7.5,17.5,6,1,1,1,0,0,1,1,1,1,0,1,1,1,1,0
"35","172",2021-04-29,"Urban","6-11mo","Male",3,"(2,5]","Unemployed outside home","None",5,4.31666666666667,5,1,1,0,0,0,0,1,0,0,0,1,1,1,0,0
"36","174",2021-04-17,"Urban","6-11mo","Female",5,"(2,5]","Unemployed outside home","None",0,0,0,0,0,0,0,0,0,0,0,0,0,0,0,0,0,0
"37","175",2021-04-27,"Urban","6-11mo","Male",5,"(2,5]","Unemployed outside home","None",3.5,0,3.5,0,0,0,0,0,0,0,0,0,0,1,1,0,0,0
"38","177",2021-04-18,"Urban","6-11mo","Male",8,"(5,50]","Unemployed outside home","None",1,0,1,0,0,0,0,0,0,0,0,0,0,0,0,0,0,0
"39","178",2021-04-18,"Urban","<6mo","Female",7,"(5,50]","Unemployed outside home","None",0,0,0,0,0,0,0,0,0,0,0,0,0,0,0,0,0,0
"40","180",2021-04-19,"Urban","<6mo","Female",15,"(5,50]","Unemployed outside home","None",0,0,0,0,0,0,0,0,0,0,0,0,0,0,0,0,0,0
"41","181",2021-04-19,"Urban","<6mo","Female",7,"(5,50]","Unemployed outside home","None",0,0,0,0,0,0,0,0,0,0,0,0,0,0,0,0,0,0
"42","182",2021-04-19,"Urban","<6mo","Female",8,"(5,50]","Unemployed outside home","None",1,0,1,0,0,0,0,0,0,0,0,0,0,0,0,0,0,0
"43","183",2021-04-20,"Urban","<6mo","Female",3,"(2,5]","Unemployed outside home","None",7,7.31666666666667,7,1,1,1,0,0,1,1,0,0,0,1,1,1,1,1
"44","184",2021-04-19,"Urban","<6mo","Male",10,"(5,50]","Unemployed outside home","None",1,0,1,0,0,0,0,0,0,0,0,0,0,0,0,0,0,0
"45","189",2021-04-19,"Urban","<6mo","Female",5,"(2,5]","Unemployed outside home","None",1,2.5,1,0,0,0,0,0,0,0,0,0,0,0,0,0,0,0
"46","191",2021-04-18,"Urban","6-11mo","Male",5,"(2,5]","Unemployed outside home","None",1,0,1,0,0,0,0,0,0,0,0,0,0,0,0,0,0,0
"47","193",2021-04-19,"Urban","<6mo","Female",5,"(2,5]","Unemployed outside home","None",7,15,2,1,1,1,0,0,1,1,1,1,0,0,0,0,0,0
"48","194",2021-04-19,"Urban","6-11mo","Female",6,"(5,50]","Unemployed outside home","None",3.5,0,3.5,0,0,0,0,0,0,0,0,0,0,1,1,0,0,0
"49","196",2021-04-20,"Urban","<6mo","Female",3,"(2,5]","Unemployed outside home","None",1,1.25,0.5,0,0,0,0,0,0,0,0,0,0,0,0,0,0,0
"50","200",2021-04-20,"Rural","<6mo","Female",11,"(5,50]","Unemployed outside home","None",0,0,0,0,0,0,0,0,0,0,0,0,0,0,0,0,0,0
"51","202",2021-04-21,"Urban","<6mo","Female",3,"(2,5]","Unemployed outside home","None",0.5,0,0.5,0,0,0,0,0,0,0,0,0,0,0,0,0,0,0
"52","207",2021-04-29,"Urban","<6mo","Male",4,"(2,5]","Unemployed outside home","None",1.5,0,1.5,0,0,0,0,0,0,0,0,0,0,0,0,0,0,0
"53","208",2021-04-21,"Urban","<6mo","Male",4,"(2,5]","Unemployed outside home","None",1,0,1,0,0,0,0,0,0,0,0,0,0,0,0,0,0,0
"54","209",2021-04-22,"Urban","<6mo","Female",5,"(2,5]","Unemployed outside home","None",0.5,0,0.5,0,0,0,0,0,0,0,0,0,0,0,0,0,0,0
"55","211",2021-05-03,"Urban","<6mo","Female",6,"(5,50]","Unemployed outside home","None",3,1.25,3,0,0,0,0,0,0,0,0,0,0,1,1,0,0,0
"56","212",2021-04-26,"Urban","<6mo","Male",3,"(2,5]","Unemployed outside home","None",3,0,3,0,0,0,0,0,0,0,0,0,0,1,1,0,0,0
"57","213",2021-04-26,"Urban","<6mo","Female",10,"(5,50]","Unemployed outside home","None",2,0,2,0,0,0,0,0,0,0,0,0,0,0,0,0,0,0
"58","214",2021-04-27,"Urban","<6mo","Male",10,"(5,50]","Unemployed outside home","None",0.5,0,0,0,0,0,0,0,0,0,0,0,0,0,0,0,0,0
"59","216",2021-04-26,"Urban","6-11mo","Male",4,"(2,5]","Unemployed outside home","None",0.5,0,0.5,0,0,0,0,0,0,0,0,0,0,0,0,0,0,0
"60","217",2021-04-21,"Urban","<6mo","Female",5,"(2,5]","Unemployed outside home","None",3.5,0,3.5,0,0,0,0,0,0,0,0,0,0,1,1,0,0,0
"61","218",2021-04-21,"Urban","6-11mo","Male",6,"(5,50]","Unemployed outside home","None",8.5,45.7583333333333,7.5,1,1,1,1,0,1,1,1,1,1,1,1,1,1,1
"62","219",2021-04-22,"Urban","<6mo","Male",3,"(2,5]","Unemployed outside home","None",4,12.05,3,0,0,0,0,0,1,1,1,1,0,1,1,0,0,0
"63","221",2021-04-26,"Urban","<6mo","Female",9,"(5,50]","Unemployed outside home","None",5.5,7.39166666666667,3.5,1,1,0,0,0,1,1,0,0,0,1,1,0,0,0
"64","223",2021-04-28,"Urban","<6mo","Female",14,"(5,50]","Unemployed outside home","None",2,3,2,0,0,0,0,0,0,1,0,0,0,0,0,0,0,0
"65","227",2021-04-26,"Rural","<6mo","Female",6,"(5,50]","Unemployed outside home","None",1.5,0,1,0,0,0,0,0,0,0,0,0,0,0,0,0,0,0
"66","233",2021-04-28,"Urban","6-11mo","Female",8,"(5,50]","Unemployed outside home","None",0,0,0,0,0,0,0,0,0,0,0,0,0,0,0,0,0,0
"67","240",2021-04-29,"Rural","6-11mo","Male",6,"(5,50]","Unemployed outside home","None",2,8.5,2,0,0,0,0,0,1,1,0,0,0,0,0,0,0,0
"68","241",2021-04-28,"Urban","<6mo","Male",10,"(5,50]","Unemployed outside home","None",2.5,0,2,0,0,0,0,0,0,0,0,0,0,0,0,0,0,0
"69","243",2021-04-29,"Urban","6-11mo","Male",4,"(2,5]","Unemployed outside home","None",2.5,0.0833333333333333,2,0,0,0,0,0,0,0,0,0,0,0,0,0,0,0
"70","246",2021-04-30,"Rural","<6mo","Female",10,"(5,50]","Unemployed outside home","None",4.5,2,4,0,1,0,0,0,0,0,0,0,0,1,1,0,0,0
"71","259",2021-05-03,"Urban","6-11mo","Male",9,"(5,50]","Unemployed outside home","None",0,0,0,0,0,0,0,0,0,0,0,0,0,0,0,0,0,0
"72","260",2021-05-06,"Urban","<6mo","Male",7,"(5,50]","Unemployed outside home","None",0,0,0,0,0,0,0,0,0,0,0,0,0,0,0,0,0,0
"73","264",2021-05-04,"Rural","6-11mo","Female",6,"(5,50]","Unemployed outside home","None",1,0,1,0,0,0,0,0,0,0,0,0,0,0,0,0,0,0
"74","265",2021-05-05,"Rural","6-11mo","Male",10,"(5,50]","Unemployed outside home","None",5.5,0.0833333333333333,1.5,1,1,0,0,0,0,0,0,0,0,0,0,0,0,0
"75","272",2021-05-05,"Rural","6-11mo","Male",4,"(2,5]","Unemployed outside home","None",4,0,4,0,0,0,0,0,0,0,0,0,0,1,1,0,0,0
"76","276",2021-05-07,"Rural","6-11mo","Female",3,"(2,5]","Unemployed outside home","None",10.5,7.5,9.5,1,1,1,1,1,1,1,0,0,0,1,1,1,1,1
"77","277",2021-05-06,"Urban","<6mo","Male",3,"(2,5]","Unemployed outside home","None",2.5,0,2.5,0,0,0,0,0,0,0,0,0,0,0,0,0,0,0
"78","278",2021-05-10,"Urban","<6mo","Female",20,"(5,50]","Unemployed outside home","None",1,0,1,0,0,0,0,0,0,0,0,0,0,0,0,0,0,0
"79","279",2021-05-10,"Urban","<6mo","Male",8,"(5,50]","Unemployed outside home","None",0.5,0.0833333333333333,0.5,0,0,0,0,0,0,0,0,0,0,0,0,0,0,0
"80","305",2021-05-17,"Urban","<6mo","Male",6,"(5,50]","Unemployed outside home","None",1,0,1,0,0,0,0,0,0,0,0,0,0,0,0,0,0,0
"81","306",2021-05-17,"Urban","<6mo","Male",8,"(5,50]","Unemployed outside home","None",1,0,1,0,0,0,0,0,0,0,0,0,0,0,0,0,0,0
"82","311",2021-05-17,"Urban","6-11mo","Male",17,"(5,50]","Unemployed outside home","None",0,0,0,0,0,0,0,0,0,0,0,0,0,0,0,0,0,0
"83","312",2021-05-17,"Urban","<6mo","Female",5,"(2,5]","Unemployed outside home","None",0.5,0,0.5,0,0,0,0,0,0,0,0,0,0,0,0,0,0,0
"84","324",2021-05-19,"Rural","6-11mo","Female",7,"(5,50]","Unemployed outside home","None",3.5,0.275,3,0,0,0,0,0,0,0,0,0,0,1,1,0,0,0
"85","325",2021-05-18,"Urban","<6mo","Female",2,"[0,2]","Unemployed outside home","None",2.5,0.25,1.5,0,0,0,0,0,0,0,0,0,0,0,0,0,0,0
"86","330",2021-05-20,"Urban","<6mo","Male",2,"[0,2]","Unemployed outside home","None",1,1.275,0.5,0,0,0,0,0,0,0,0,0,0,0,0,0,0,0
"87","370",2021-05-19,"Rural","<6mo","Male",6,"(5,50]","Unemployed outside home","None",1,2.5,1,0,0,0,0,0,0,0,0,0,0,0,0,0,0,0
"88","373",2021-05-24,"Rural","6-11mo","Female",6,"(5,50]","Unemployed outside home","None",0.5,0.0833333333333333,0.5,0,0,0,0,0,0,0,0,0,0,0,0,0,0,0
"89","380",2021-05-26,"Rural","<6mo","Male",4,"(2,5]","Unemployed outside home","None",2.5,2.5,2.5,0,0,0,0,0,0,0,0,0,0,0,0,0,0,0
"90","384",2021-05-26,"Rural","<6mo","Female",7,"(5,50]","Unemployed outside home","None",5,1.55,4,1,1,0,0,0,0,0,0,0,0,1,1,0,0,0
"91","385",2021-05-27,"Rural","6-11mo","Female",5,"(2,5]","Unemployed outside home","None",4.5,3.19166666666667,4.5,0,1,0,0,0,0,1,0,0,0,1,1,0,0,0
"92","393",2021-05-28,"Urban","<6mo","Male",5,"(2,5]","Unemployed outside home","None",1,0.166666666666667,1,0,0,0,0,0,0,0,0,0,0,0,0,0,0,0
"93","395",2021-05-17,"Urban","6-11mo","Male",8,"(5,50]","Unemployed outside home","None",0,0,0,0,0,0,0,0,0,0,0,0,0,0,0,0,0,0
"94","399",2021-05-30,"Urban","<6mo","Male",3,"(2,5]","Unemployed outside home","None",7,0,4,1,1,1,0,0,0,0,0,0,0,1,1,0,0,0
"95","401",2021-05-31,"Rural","<6mo","Male",9,"(5,50]","Unemployed outside home","None",7.5,0.708333333333333,4,1,1,1,0,0,0,0,0,0,0,1,1,0,0,0
"96","402",2021-05-31,"Urban","<6mo","Male",2,"[0,2]","Unemployed outside home","None",1,0,1,0,0,0,0,0,0,0,0,0,0,0,0,0,0,0
"97","417",2021-06-02,"Rural","<6mo","Male",6,"(5,50]","Unemployed outside home","None",2,0,2,0,0,0,0,0,0,0,0,0,0,0,0,0,0,0
"98","418",2021-06-02,"Rural","<6mo","Female",4,"(2,5]","Unemployed outside home","None",2.5,11.5,2.5,0,0,0,0,0,1,1,1,0,0,0,0,0,0,0
"99","442",2021-06-08,"Rural","6-11mo","Female",15,"(5,50]","Unemployed outside home","None",5,7.5,5,1,1,0,0,0,1,1,0,0,0,1,1,1,0,0
"100","451",2021-06-07,"Rural","<6mo","Male",10,"(5,50]","Unemployed outside home","None",4.5,15.75,1.5,0,1,0,0,0,1,1,1,1,0,0,0,0,0,0
"101","461",2021-06-09,"Rural","<6mo","Female",5,"(2,5]","Unemployed outside home","None",2,0.333333333333333,2,0,0,0,0,0,0,0,0,0,0,0,0,0,0,0
"102","462",2021-06-09,"Rural","6-11mo","Female",4,"(2,5]","Unemployed outside home","None",2,1.25,1.5,0,0,0,0,0,0,0,0,0,0,0,0,0,0,0
"103","537",2021-06-16,"Rural","<6mo","Female",8,"(5,50]","Unemployed outside home","None",2,0.841666666666667,1.5,0,0,0,0,0,0,0,0,0,0,0,0,0,0,0
"104","545",2021-06-18,"Rural","6-11mo","Female",4,"(2,5]","Unemployed outside home","None",1.5,0,1.5,0,0,0,0,0,0,0,0,0,0,0,0,0,0,0
"105","549",2021-06-19,"Rural","<6mo","Female",5,"(2,5]","Unemployed outside home","None",0,0,0,0,0,0,0,0,0,0,0,0,0,0,0,0,0,0
"106","562",2021-06-24,"Rural","<6mo","Female",3,"(2,5]","Unemployed outside home","None",3,12,3,0,0,0,0,0,1,1,1,0,0,1,1,0,0,0
"107","584",2021-06-22,"Rural","<6mo","Male",6,"(5,50]","Unemployed outside home","None",4.5,0.425,4.5,0,1,0,0,0,0,0,0,0,0,1,1,0,0,0
"108","587",2021-06-23,"Rural","6-11mo","Female",6,"(5,50]","Unemployed outside home","None",4,24,3,0,0,0,0,0,1,1,1,1,1,1,1,0,0,0
"109","602",2021-06-30,"Rural","<6mo","Female",9,"(5,50]","Unemployed outside home","None",3,6.83333333333333,3,0,0,0,0,0,1,1,0,0,0,1,1,0,0,0
"110","603",2021-06-30,"Rural","6-11mo","Female",5,"(2,5]","Unemployed outside home","None",4,0.883333333333333,0.5,0,0,0,0,0,0,0,0,0,0,0,0,0,0,0
"111","607",2021-06-30,"Rural","6-11mo","Female",7,"(5,50]","Unemployed outside home","None",3.5,1.20833333333333,2.5,0,0,0,0,0,0,0,0,0,0,0,0,0,0,0
"112","624",2021-06-29,"Rural","6-11mo","Male",8,"(5,50]","Unemployed outside home","None",9,30,9,1,1,1,1,0,1,1,1,1,1,1,1,1,1,1
"113","632",2021-07-02,"Rural","6-11mo","Male",5,"(2,5]","Unemployed outside home","None",5,17.5,4.5,1,1,0,0,0,1,1,1,1,0,1,1,0,0,0
"114","668",2021-07-08,"Rural","6-11mo","Female",5,"(2,5]","Unemployed outside home","None",5.5,1.33333333333333,3.5,1,1,0,0,0,0,0,0,0,0,1,1,0,0,0
"115","675",2021-07-09,"Rural","6-11mo","Female",6,"(5,50]","Unemployed outside home","None",11.5,10.575,11.5,1,1,1,1,1,1,1,1,0,0,1,1,1,1,1
"116","681",2021-07-12,"Rural","6-11mo","Female",12,"(5,50]","Unemployed outside home","None",7,15,6.5,1,1,1,0,0,1,1,1,1,0,1,1,1,1,0
"117","688",2021-07-14,"Rural","<6mo","Female",7,"(5,50]","Unemployed outside home","None",5.5,1.25,5.5,1,1,0,0,0,0,0,0,0,0,1,1,1,1,0
"118","788",2021-07-28,"Rural","6-11mo","Male",5,"(2,5]","Unemployed outside home","None",5.5,0,5.5,1,1,0,0,0,0,0,0,0,0,1,1,1,1,0
"119","789",2021-07-28,"Rural","6-11mo","Female",7,"(5,50]","Unemployed outside home","None",9.5,0.383333333333333,9.5,1,1,1,1,0,0,0,0,0,0,1,1,1,1,1
"120","816",2021-07-30,"Rural","6-11mo","Male",3,"(2,5]","Unemployed outside home","None",15.5,5.09166666666667,13.5,1,1,1,1,1,0,1,0,0,0,1,1,1,1,1
"121","817",2021-07-30,"Rural","6-11mo","Female",6,"(5,50]","Unemployed outside home","None",2,12,2,0,0,0,0,0,1,1,1,0,0,0,0,0,0,0
"122","831",2021-07-30,"Rural","6-11mo","Female",4,"(2,5]","Unemployed outside home","None",2.5,0.375,2.5,0,0,0,0,0,0,0,0,0,0,0,0,0,0,0
"123","832",2021-07-30,"Rural","6-11mo","Female",6,"(5,50]","Unemployed outside home","None",5,15.75,5,1,1,0,0,0,1,1,1,1,0,1,1,1,0,0
"124","834",2021-07-31,"Rural","6-11mo","Female",7,"(5,50]","Unemployed outside home","None",9,22.4166666666667,8.5,1,1,1,1,0,1,1,1,1,1,1,1,1,1,1
"125","835",2021-07-31,"Rural","6-11mo","Male",3,"(2,5]","Unemployed outside home","None",4.5,4.875,4.5,0,1,0,0,0,0,1,0,0,0,1,1,0,0,0
"126","841",2021-07-28,"Rural","6-11mo","Female",2,"[0,2]","Unemployed outside home","None",5.5,8.58333333333333,4.5,1,1,0,0,0,1,1,0,0,0,1,1,0,0,0
"127","842",2021-07-28,"Rural","6-11mo","Male",3,"(2,5]","Unemployed outside home","None",4.5,18.9416666666667,4.5,0,1,0,0,0,1,1,1,1,1,1,1,0,0,0
"128","843",2021-07-28,"Rural","6-11mo","Male",4,"(2,5]","Unemployed outside home","None",6,17.75,6,1,1,0,0,0,1,1,1,1,0,1,1,1,1,0
"129","852",2021-07-31,"Rural","6-11mo","Male",8,"(5,50]","Unemployed outside home","None",2.5,0,2.5,0,0,0,0,0,0,0,0,0,0,0,0,0,0,0
"130","853",2021-07-31,"Rural","6-11mo","Male",10,"(5,50]","Unemployed outside home","None",5,0,5,1,1,0,0,0,0,0,0,0,0,1,1,1,0,0
"131","880",2021-07-28,"Rural","6-11mo","Male",4,"(2,5]","Unemployed outside home","None",3.5,0,3.5,0,0,0,0,0,0,0,0,0,0,1,1,0,0,0
"132","884",2021-07-30,"Rural","6-11mo","Male",4,"(2,5]","Unemployed outside home","None",3.5,0,3.5,0,0,0,0,0,0,0,0,0,0,1,1,0,0,0
"133","885",2021-07-31,"Rural","6-11mo","Male",4,"(2,5]","Unemployed outside home","None",9.5,9.875,3,1,1,1,1,0,1,1,1,0,0,1,1,0,0,0
"134","1302",2021-10-05,"Urban","6-11mo","Male",6,"(5,50]","Unemployed outside home","None",0,0,0,0,0,0,0,0,0,0,0,0,0,0,0,0,0,0
"135","1639",2021-11-24,"Rural","6-11mo","Male",13,"(5,50]","Unemployed outside home","None",0,0,0,0,0,0,0,0,0,0,0,0,0,0,0,0,0,0
"136","1640",2021-11-24,"Rural","6-11mo","Male",7,"(5,50]","Unemployed outside home","None",3.5,2.875,1,0,0,0,0,0,0,1,0,0,0,0,0,0,0,0
"137","1654",2021-12-01,"Urban","6-11mo","Female",2,"[0,2]","Unemployed outside home","None",0,0,0,0,0,0,0,0,0,0,0,0,0,0,0,0,0,0
"138","1704",2021-12-08,"Rural","6-11mo","Male",6,"(5,50]","Unemployed outside home","None",3.5,0.416666666666667,0,0,0,0,0,0,0,0,0,0,0,0,0,0,0,0
"139","1710",2021-12-08,"Rural","6-11mo","Female",8,"(5,50]","Unemployed outside home","None",1.5,0,1.5,0,0,0,0,0,0,0,0,0,0,0,0,0,0,0
"140","1711",2021-12-09,"Rural","6-11mo","Male",2,"[0,2]","Unemployed outside home","None",3,9,2.5,0,0,0,0,0,1,1,0,0,0,0,0,0,0,0
"141","1713",2021-12-10,"Rural","6-11mo","Male",6,"(5,50]","Unemployed outside home","None",2.5,0.466666666666667,2,0,0,0,0,0,0,0,0,0,0,0,0,0,0,0
"142","1714",2021-12-10,"Rural","6-11mo","Male",6,"(5,50]","Unemployed outside home","None",1,0.166666666666667,1,0,0,0,0,0,0,0,0,0,0,0,0,0,0,0
"143","1754",2021-12-07,"Rural","6-11mo","Male",8,"(5,50]","Unemployed outside home","None",9,45.575,9,1,1,1,1,0,1,1,1,1,1,1,1,1,1,1
"144","1755",2021-12-07,"Rural","6-11mo","Male",6,"(5,50]","Unemployed outside home","None",3.5,0,3.5,0,0,0,0,0,0,0,0,0,0,1,1,0,0,0
"145","1756",2021-12-08,"Rural","<6mo","Male",5,"(2,5]","Unemployed outside home","None",2.5,0,2.5,0,0,0,0,0,0,0,0,0,0,0,0,0,0,0
"146","1757",2021-12-09,"Rural","6-11mo","Male",7,"(5,50]","Unemployed outside home","None",4,3,3.5,0,0,0,0,0,0,1,0,0,0,1,1,0,0,0
"147","1758",2021-12-10,"Rural","6-11mo","Female",6,"(5,50]","Unemployed outside home","None",1.5,0,1.5,0,0,0,0,0,0,0,0,0,0,0,0,0,0,0
"148","1775",2021-12-09,"Rural","6-11mo","Male",10,"(5,50]","Unemployed outside home","None",2,2.00833333333333,1,0,0,0,0,0,0,0,0,0,0,0,0,0,0,0
"149","1776",2021-12-10,"Rural","6-11mo","Male",7,"(5,50]","Unemployed outside home","None",4,2,4,0,0,0,0,0,0,0,0,0,0,1,1,0,0,0
"150","1777",2021-12-10,"Rural","6-11mo","Female",4,"(2,5]","Unemployed outside home","None",6,0,5,1,1,0,0,0,0,0,0,0,0,1,1,1,0,0
"151","1786",2022-02-16,"Rural","6-11mo","Male",6,"(5,50]","Unemployed outside home","None",8,19.5,8,1,1,1,1,0,1,1,1,1,1,1,1,1,1,1
"152","1787",2022-02-16,"Rural","6-11mo","Female",9,"(5,50]","Unemployed outside home","None",2.5,9.375,2.5,0,0,0,0,0,1,1,0,0,0,0,0,0,0,0
"153","1788",2022-02-17,"Rural","6-11mo","Female",4,"(2,5]","Unemployed outside home","None",10,23.125,9.5,1,1,1,1,0,1,1,1,1,1,1,1,1,1,1
"154","1792",2022-02-28,"Rural","<6mo","Male",6,"(5,50]","Unemployed outside home","None",0,0,0,0,0,0,0,0,0,0,0,0,0,0,0,0,0,0
"155","1797",2022-03-01,"Rural","<6mo","Female",6,"(5,50]","Unemployed outside home","None",4.5,0.983333333333333,3.5,0,1,0,0,0,0,0,0,0,0,1,1,0,0,0
"156","1802",2022-03-02,"Rural","<6mo","Male",6,"(5,50]","Unemployed outside home","None",7,4.85833333333333,7,1,1,1,0,0,0,1,0,0,0,1,1,1,1,1
"157","1831",2022-03-07,"Rural","<6mo","Male",7,"(5,50]","Unemployed outside home","None",1,3,1,0,0,0,0,0,0,1,0,0,0,0,0,0,0,0
"158","1865",2022-01-11,"Urban","<6mo","Female",6,"(5,50]","Unemployed outside home","None",1,1.44166666666667,1,0,0,0,0,0,0,0,0,0,0,0,0,0,0,0
"159","1867",2022-01-11,"Rural","6-11mo","Male",4,"(2,5]","Unemployed outside home","None",3.5,1.125,3,0,0,0,0,0,0,0,0,0,0,1,1,0,0,0
"160","1873",2022-01-18,"Urban","<6mo","Female",5,"(2,5]","Unemployed outside home","None",1,0.75,1,0,0,0,0,0,0,0,0,0,0,0,0,0,0,0
"161","1874",2022-06-18,"Urban","6-11mo","Female",9,"(5,50]","Unemployed outside home","None",1,6,1,0,0,0,0,0,0,1,0,0,0,0,0,0,0,0
"162","1880",2022-01-12,"Urban","6-11mo","Female",6,"(5,50]","Unemployed outside home","None",5,0.275,2.5,1,1,0,0,0,0,0,0,0,0,0,0,0,0,0
"163","1886",2022-01-21,"Urban","<6mo","Female",5,"(2,5]","Unemployed outside home","None",0,0,0,0,0,0,0,0,0,0,0,0,0,0,0,0,0,0
"164","1889",2022-01-21,"Urban","<6mo","Female",5,"(2,5]","Unemployed outside home","None",1,0,1,0,0,0,0,0,0,0,0,0,0,0,0,0,0,0
"165","1995",2022-02-08,"Urban","<6mo","Female",5,"(2,5]","Unemployed outside home","None",1,0,1,0,0,0,0,0,0,0,0,0,0,0,0,0,0,0
"166","1996",2022-02-08,"Urban","<6mo","Female",2,"[0,2]","Unemployed outside home","None",NA,NA,NA,NA,NA,NA,NA,NA,NA,NA,NA,NA,NA,NA,NA,NA,NA,NA
"167","1999",2022-02-10,"Urban","<6mo","Female",7,"(5,50]","Unemployed outside home","None",1,0,1,0,0,0,0,0,0,0,0,0,0,0,0,0,0,0
"168","2001",2022-02-11,"Urban","<6mo","Female",4,"(2,5]","Unemployed outside home","None",1.5,0,1.5,0,0,0,0,0,0,0,0,0,0,0,0,0,0,0
"169","2015",2022-02-14,"Urban","<6mo","Male",9,"(5,50]","Unemployed outside home","None",0,0,0,0,0,0,0,0,0,0,0,0,0,0,0,0,0,0
"170","2028",2022-02-23,"Urban","<6mo","Female",8,"(5,50]","Unemployed outside home","None",1.5,0.375,1,0,0,0,0,0,0,0,0,0,0,0,0,0,0,0
"171","2038",2022-02-27,"Urban","<6mo","Male",7,"(5,50]","Unemployed outside home","None",0,0,0,0,0,0,0,0,0,0,0,0,0,0,0,0,0,0
"172","2070",2022-02-26,"Urban","<6mo","Male",5,"(2,5]","Unemployed outside home","None",3,0.216666666666667,2.5,0,0,0,0,0,0,0,0,0,0,0,0,0,0,0
"173","2071",2022-02-28,"Urban","<6mo","Male",6,"(5,50]","Unemployed outside home","None",0,0,0,0,0,0,0,0,0,0,0,0,0,0,0,0,0,0
"174","2072",2022-03-02,"Urban","<6mo","Male",11,"(5,50]","Unemployed outside home","None",2.5,0.375,2.5,0,0,0,0,0,0,0,0,0,0,0,0,0,0,0
"175","2076",2022-03-03,"Urban","<6mo","Male",2,"[0,2]","Unemployed outside home","None",1,0,1,0,0,0,0,0,0,0,0,0,0,0,0,0,0,0
"176","2079",2022-03-03,"Urban","<6mo","Male",5,"(2,5]","Unemployed outside home","None",0,0,0,0,0,0,0,0,0,0,0,0,0,0,0,0,0,0
"177","2085",2022-02-24,"Urban","<6mo","Male",5,"(2,5]","Unemployed outside home","None",5.5,5.5,5.5,1,1,0,0,0,0,1,0,0,0,1,1,1,1,0
"178","2087",2022-02-24,"Urban","<6mo","Male",7,"(5,50]","Unemployed outside home","None",0.5,0,0.5,0,0,0,0,0,0,0,0,0,0,0,0,0,0,0
"179","2088",2022-02-28,"Urban","<6mo","Male",12,"(5,50]","Unemployed outside home","None",2,0,2,0,0,0,0,0,0,0,0,0,0,0,0,0,0,0
"180","2090",2022-03-06,"Urban","<6mo","Male",10,"(5,50]","Unemployed outside home","None",0,0,0,0,0,0,0,0,0,0,0,0,0,0,0,0,0,0
"181","2152",2022-03-08,"Urban","<6mo","Male",6,"(5,50]","Unemployed outside home","None",0,0,0,0,0,0,0,0,0,0,0,0,0,0,0,0,0,0
"182","2219",2022-03-04,"Urban","<6mo","Male",4,"(2,5]","Unemployed outside home","None",2,6,2,0,0,0,0,0,0,1,0,0,0,0,0,0,0,0
"183","2262",2022-05-07,"Rural","<6mo","Female",4,"(2,5]","Unemployed outside home","None",2.5,1.625,2.5,0,0,0,0,0,0,0,0,0,0,0,0,0,0,0
"184","2263",2022-05-14,"Rural","<6mo","Female",4,"(2,5]","Unemployed outside home","None",7.5,9.58333333333333,3.5,1,1,1,0,0,1,1,1,0,0,1,1,0,0,0
"185","5791",2022-01-10,"Urban","6-11mo","Female",5,"(2,5]","Unemployed outside home","None",3.5,0.375,1,0,0,0,0,0,0,0,0,0,0,0,0,0,0,0
"186","84",2021-03-30,"Rural","60+y","Female",1,"[0,2]","Semiskilled / skilled labor","Primary school",5.5,2.95833333333333,0,1,1,0,0,0,0,1,0,0,0,0,0,0,0,0
"187","85",2021-03-31,"Rural","1-4y","Female",5,"(2,5]","Unemployed outside home","None",5.5,16.375,3.5,1,1,0,0,0,1,1,1,1,0,1,1,0,0,0
"188","87",2021-03-30,"Rural","40-59y","Female",1,"[0,2]","Unemployed outside home","Primary school",9.5,1.35833333333333,0,1,1,1,1,0,0,0,0,0,0,0,0,0,0,0
"189","88",2021-03-31,"Rural","10-19y","Male",8,"(5,50]","Student","Currently enrolled in school",1.5,0,1.5,0,0,0,0,0,0,0,0,0,0,0,0,0,0,0
"190","90",2021-03-30,"Rural","40-59y","Female",12,"(5,50]","Unemployed outside home","Primary school",9,10.6083333333333,2,1,1,1,1,0,1,1,1,0,0,0,0,0,0,0
"191","91",2021-03-31,"Rural","10-19y","Female",3,"(2,5]","Student","Currently enrolled in school",1.5,6,0,0,0,0,0,0,0,1,0,0,0,0,0,0,0,0
"192","92",2021-03-31,"Rural","5-9y","Female",5,"(2,5]","Unemployed outside home","Currently enrolled in school",6.5,2.45833333333333,6,1,1,0,0,0,0,0,0,0,0,1,1,1,1,0
"193","95",2021-04-01,"Rural","40-59y","Female",5,"(2,5]","Semiskilled / skilled labor","Primary school",6,1.70833333333333,0,1,1,0,0,0,0,0,0,0,0,0,0,0,0,0
"194","96",2021-04-01,"Rural","1-4y","Male",7,"(5,50]","Unemployed outside home","None",3,3.19166666666667,2.5,0,0,0,0,0,0,1,0,0,0,0,0,0,0,0
"195","97",2021-04-01,"Rural","60+y","Female",2,"[0,2]","Unemployed outside home","Primary school",4.5,0.541666666666667,0,0,1,0,0,0,0,0,0,0,0,0,0,0,0,0
"196","98",2021-04-01,"Rural","1-4y","Female",4,"(2,5]","Unemployed outside home","None",4.5,10.25,4.5,0,1,0,0,0,1,1,1,0,0,1,1,0,0,0
"197","103",2021-04-05,"Rural","10-19y","Female",3,"(2,5]","Unemployed outside home","Secondary school",12,1.9,4,1,1,1,1,1,0,0,0,0,0,1,1,0,0,0
"198","104",2021-04-05,"Rural","10-19y","Female",9,"(5,50]","Unemployed outside home","Secondary school",13,2.21666666666667,12.5,1,1,1,1,1,0,0,0,0,0,1,1,1,1,1
"199","105",2021-04-05,"Rural","10-19y","Female",4,"(2,5]","Semiskilled / skilled labor","Primary school",6,3.41666666666667,3.5,1,1,0,0,0,0,1,0,0,0,1,1,0,0,0
"200","117",2021-04-06,"Urban","1-4y","Female",5,"(2,5]","Unemployed outside home","None",2,0,2,0,0,0,0,0,0,0,0,0,0,0,0,0,0,0
"201","118",2021-04-06,"Rural","20-29y","Female",4,"(2,5]","Unemployed outside home","Primary school",5,0,0,1,1,0,0,0,0,0,0,0,0,0,0,0,0,0
"202","119",2021-04-06,"Rural","30-39y","Female",7,"(5,50]","Unemployed outside home","Primary school",1.5,0.108333333333333,0,0,0,0,0,0,0,0,0,0,0,0,0,0,0,0
"203","120",2021-04-06,"Rural","10-19y","Male",6,"(5,50]","Student","Currently enrolled in school",1.5,0.65,0,0,0,0,0,0,0,0,0,0,0,0,0,0,0,0
"204","121",2021-04-06,"Rural","20-29y","Female",4,"(2,5]","Unemployed outside home","None",13,14.2416666666667,2.5,1,1,1,1,1,1,1,1,1,0,0,0,0,0,0
"205","122",2021-04-06,"Rural","40-59y","Female",5,"(2,5]","Unemployed outside home","None",7,1.19166666666667,1.5,1,1,1,0,0,0,0,0,0,0,0,0,0,0,0
"206","123",2021-04-06,"Rural","10-19y","Female",5,"(2,5]","Student","Currently enrolled in school",6.5,2.95833333333333,0,1,1,0,0,0,0,1,0,0,0,0,0,0,0,0
"207","126",2021-04-05,"Rural","20-29y","Male",6,"(5,50]","Student","Currently enrolled in school",14,39.3666666666667,6.5,1,1,1,1,1,1,1,1,1,1,1,1,1,1,0
"208","128",2021-04-06,"Rural","60+y","Male",8,"(5,50]","Unemployed outside home","None",1,0,0.5,0,0,0,0,0,0,0,0,0,0,0,0,0,0,0
"209","129",2021-04-06,"Rural","40-59y","Female",6,"(5,50]","Unemployed outside home","Primary school",6.5,6.61666666666667,1,1,1,0,0,0,1,1,0,0,0,0,0,0,0,0
"210","131",2021-04-08,"Rural","20-29y","Male",2,"[0,2]","Unemployed outside home","Currently enrolled in school",7,11.575,6.5,1,1,1,0,0,1,1,1,0,0,1,1,1,1,0
"211","132",2021-04-08,"Rural","40-59y","Male",6,"(5,50]","Semiskilled / skilled labor","None",22.5,6.81666666666667,0.5,1,1,1,1,1,1,1,0,0,0,0,0,0,0,0
"212","133",2021-04-08,"Rural","10-19y","Male",5,"(2,5]","Student","Currently enrolled in school",6,3,5.5,1,1,0,0,0,0,1,0,0,0,1,1,1,1,0
"213","134",2021-04-08,"Urban","1-4y","Male",3,"(2,5]","Unemployed outside home","None",1,0.566666666666667,1,0,0,0,0,0,0,0,0,0,0,0,0,0,0,0
"214","136",2021-04-09,"Rural","30-39y","Female",6,"(5,50]","Unemployed outside home","Primary school",2,1.25,0,0,0,0,0,0,0,0,0,0,0,0,0,0,0,0
"215","137",2021-04-09,"Rural","60+y","Female",3,"(2,5]","Semiskilled / skilled labor","None",8.5,2.25833333333333,0,1,1,1,1,0,0,0,0,0,0,0,0,0,0,0
"216","138",2021-04-09,"Rural","5-9y","Male",8,"(5,50]","Unemployed outside home","Currently enrolled in school",2,1.81666666666667,2,0,0,0,0,0,0,0,0,0,0,0,0,0,0,0
"217","146",2021-04-12,"Rural","1-4y","Female",5,"(2,5]","Unemployed outside home","None",4,0,4,0,0,0,0,0,0,0,0,0,0,1,1,0,0,0
"218","147",2021-04-12,"Rural","30-39y","Female",5,"(2,5]","Unemployed outside home","Currently enrolled in school",3,0.416666666666667,0.5,0,0,0,0,0,0,0,0,0,0,0,0,0,0,0
"219","148",2021-04-12,"Rural","40-59y","Male",9,"(5,50]","Unemployed outside home","None",2,0.766666666666667,0,0,0,0,0,0,0,0,0,0,0,0,0,0,0,0
"220","152",2021-04-13,"Urban","1-4y","Female",6,"(5,50]","Unemployed outside home","None",2,4.125,2,0,0,0,0,0,0,1,0,0,0,0,0,0,0,0
"221","155",2021-04-13,"Rural","40-59y","Male",5,"(2,5]","Semiskilled / skilled labor","Secondary school",1,1.44166666666667,0,0,0,0,0,0,0,0,0,0,0,0,0,0,0,0
"222","157",2021-04-13,"Rural","60+y","Female",1,"[0,2]","Semiskilled / skilled labor","None",3.5,6.83333333333333,1,0,0,0,0,0,1,1,0,0,0,0,0,0,0,0
"223","159",2021-04-13,"Rural","10-19y","Female",7,"(5,50]","Student","Currently enrolled in school",9.5,0.25,6,1,1,1,1,0,0,0,0,0,0,1,1,1,1,0
"224","160",2021-04-14,"Urban","1-4y","Male",11,"(5,50]","Unemployed outside home","None",4.5,1.38333333333333,1,0,1,0,0,0,0,0,0,0,0,0,0,0,0,0
"225","161",2021-04-14,"Urban","1-4y","Male",13,"(5,50]","Unemployed outside home","None",0,0,0,0,0,0,0,0,0,0,0,0,0,0,0,0,0,0
"226","162",2021-04-14,"Urban","1-4y","Male",3,"(2,5]","Unemployed outside home","None",2,0,2,0,0,0,0,0,0,0,0,0,0,0,0,0,0,0
"227","163",2021-04-14,"Rural","10-19y","Male",5,"(2,5]","Student","Currently enrolled in school",5,0.65,4.5,1,1,0,0,0,0,0,0,0,0,1,1,0,0,0
"228","165",2021-04-14,"Rural","10-19y","Female",4,"(2,5]","Semiskilled / skilled labor","Primary school",2,1.33333333333333,1.5,0,0,0,0,0,0,0,0,0,0,0,0,0,0,0
"229","166",2021-04-15,"Urban","1-4y","Male",9,"(5,50]","Unemployed outside home","None",0,0,0,0,0,0,0,0,0,0,0,0,0,0,0,0,0,0
"230","167",2021-04-15,"Urban","1-4y","Female",3,"(2,5]","Unemployed outside home","None",2.5,0.375,2.5,0,0,0,0,0,0,0,0,0,0,0,0,0,0,0
"231","168",2021-04-15,"Rural","10-19y","Male",4,"(2,5]","Student","Currently enrolled in school",10.5,34.4166666666667,9,1,1,1,1,1,1,1,1,1,1,1,1,1,1,1
"232","169",2021-04-15,"Rural","1-4y","Female",6,"(5,50]","Unemployed outside home","None",3,4.5,3,0,0,0,0,0,0,1,0,0,0,1,1,0,0,0
"233","171",2021-04-16,"Rural","5-9y","Female",5,"(2,5]","Unemployed outside home",NA,4,1.25,4,0,0,0,0,0,0,0,0,0,0,1,1,0,0,0
"234","173",2021-04-16,"Rural","60+y","Male",1,"[0,2]","Unemployed outside home","Primary school",5.5,17.25,1.5,1,1,0,0,0,1,1,1,1,0,0,0,0,0,0
"235","176",2021-04-16,"Urban","1-4y","Male",14,"(5,50]","Unemployed outside home","None",0,0,0,0,0,0,0,0,0,0,0,0,0,0,0,0,0,0
"236","179",2021-04-18,"Urban","1-4y","Male",6,"(5,50]","Unemployed outside home","None",6.5,10.9416666666667,6.5,1,1,0,0,0,1,1,1,0,0,1,1,1,1,0
"237","185",2021-04-14,"Urban","1-4y","Male",9,"(5,50]","Unemployed outside home","None",2.5,3.75,2.5,0,0,0,0,0,0,1,0,0,0,0,0,0,0,0
"238","186",2021-04-16,"Urban","1-4y","Male",12,"(5,50]","Unemployed outside home","None",3,0,3,0,0,0,0,0,0,0,0,0,0,1,1,0,0,0
"239","187",2021-04-16,"Urban","1-4y","Male",4,"(2,5]","Unemployed outside home","None",6.5,0,6.5,1,1,0,0,0,0,0,0,0,0,1,1,1,1,0
"240","188",2021-04-18,"Urban","1-4y","Male",3,"(2,5]","Unemployed outside home","None",4,0,4,0,0,0,0,0,0,0,0,0,0,1,1,0,0,0
"241","190",2021-04-16,"Urban","1-4y","Male",5,"(2,5]","Unemployed outside home","None",4.5,0,3.5,0,1,0,0,0,0,0,0,0,0,1,1,0,0,0
"242","192",2021-04-19,"Urban","1-4y","Female",3,"(2,5]","Unemployed outside home","None",4.5,11.5,3,0,1,0,0,0,1,1,1,0,0,1,1,0,0,0
"243","195",2021-04-20,"Urban","1-4y","Female",10,"(5,50]","Unemployed outside home","None",2,1.25,2,0,0,0,0,0,0,0,0,0,0,0,0,0,0,0
"244","197",2021-04-20,"Rural","30-39y","Female",4,"(2,5]","Unemployed outside home","Primary school",2,12,0,0,0,0,0,0,1,1,1,0,0,0,0,0,0,0
"245","198",2021-04-19,"Rural","30-39y","Female",4,"(2,5]","Semiskilled / skilled labor","Primary school",6,23.5,2.5,1,1,0,0,0,1,1,1,1,1,0,0,0,0,0
"246","199",2021-04-20,"Rural","60+y","Male",6,"(5,50]","Unemployed outside home","Secondary school",5.5,10.4166666666667,0.5,1,1,0,0,0,1,1,1,0,0,0,0,0,0,0
"247","201",2021-04-20,"Rural","60+y","Male",2,"[0,2]","Semiskilled / skilled labor","Primary school",3.5,0.733333333333333,0,0,0,0,0,0,0,0,0,0,0,0,0,0,0,0
"248","203",2021-04-21,"Rural","10-19y","Female",5,"(2,5]","Student","Currently enrolled in school",2,5,1,0,0,0,0,0,0,1,0,0,0,0,0,0,0,0
"249","204",2021-04-21,"Rural","40-59y","Female",6,"(5,50]","Unemployed outside home","None",6,13.4416666666667,1,1,1,0,0,0,1,1,1,1,0,0,0,0,0,0
"250","205",2021-04-21,"Rural","5-9y","Female",3,"(2,5]","Unemployed outside home","Currently enrolled in school",10.5,26.1666666666667,8.5,1,1,1,1,1,1,1,1,1,1,1,1,1,1,1
"251","206",2021-04-21,"Rural","10-19y","Male",5,"(2,5]","Student","Currently enrolled in school",4,11.6916666666667,2,0,0,0,0,0,1,1,1,0,0,0,0,0,0,0
"252","210",2021-04-22,"Rural","30-39y","Male",7,"(5,50]","Unemployed outside home","Primary school",3.5,7.525,0,0,0,0,0,0,1,1,0,0,0,0,0,0,0,0
"253","215",2021-04-22,"Urban","1-4y","Female",7,"(5,50]","Unemployed outside home","None",2.5,5.375,1.5,0,0,0,0,0,0,1,0,0,0,0,0,0,0,0
"254","222",2021-04-27,"Urban","1-4y","Female",10,"(5,50]","Unemployed outside home","None",6.5,17.5,6.5,1,1,0,0,0,1,1,1,1,0,1,1,1,1,0
"255","224",2021-04-28,"Rural","5-9y","Female",5,"(2,5]","Unemployed outside home",NA,5,0,5,1,1,0,0,0,0,0,0,0,0,1,1,1,0,0
"256","225",2021-04-22,"Rural","10-19y","Male",5,"(2,5]","Student","Secondary school",10.5,19.775,6.5,1,1,1,1,1,1,1,1,1,1,1,1,1,1,0
"257","226",2021-04-26,"Rural","10-19y","Male",13,"(5,50]","Student","Currently enrolled in school",2,12,2,0,0,0,0,0,1,1,1,0,0,0,0,0,0,0
"258","228",2021-04-26,"Rural","20-29y","Male",11,"(5,50]","Unemployed outside home","Primary school",3.5,0,3.5,0,0,0,0,0,0,0,0,0,0,1,1,0,0,0
"259","230",2021-04-28,"Rural","20-29y","Female",8,"(5,50]","Unemployed outside home","Secondary school",4,0,1,0,0,0,0,0,0,0,0,0,0,0,0,0,0,0
"260","231",2021-04-28,"Rural","1-4y","Male",4,"(2,5]","Unemployed outside home","None",7.5,4.16666666666667,0,1,1,1,0,0,0,1,0,0,0,0,0,0,0,0
"261","232",2021-04-28,"Rural","30-39y","Female",5,"(2,5]","Semiskilled / skilled labor","Primary school",7.5,11.7,1,1,1,1,0,0,1,1,1,0,0,0,0,0,0,0
"262","234",2021-04-29,"Rural","10-19y","Female",9,"(5,50]","Student","Currently enrolled in school",11.5,21.6583333333333,1,1,1,1,1,1,1,1,1,1,1,0,0,0,0,0
"263","235",2021-04-29,"Rural","40-59y","Female",4,"(2,5]","Semiskilled / skilled labor","None",6,0.375,0,1,1,0,0,0,0,0,0,0,0,0,0,0,0,0
"264","236",2021-04-29,"Rural","10-19y","Male",10,"(5,50]","Student","Currently enrolled in school",7,14.5416666666667,3.5,1,1,1,0,0,1,1,1,1,0,1,1,0,0,0
"265","237",2021-04-29,"Rural","60+y","Female",5,"(2,5]","Semiskilled / skilled labor","Primary school",24,78.6916666666667,0,1,1,1,1,1,1,1,1,1,1,0,0,0,0,0
"266","238",2021-04-29,"Rural","1-4y","Male",3,"(2,5]","Unemployed outside home","None",5.5,6.51666666666667,5.5,1,1,0,0,0,1,1,0,0,0,1,1,1,1,0
"267","239",2021-04-29,"Rural","1-4y","Male",10,"(5,50]","Unemployed outside home","None",3.5,3,3.5,0,0,0,0,0,0,1,0,0,0,1,1,0,0,0
"268","244",2021-04-30,"Rural","5-9y","Male",5,"(2,5]","Unemployed outside home","Currently enrolled in school",2,0.75,1,0,0,0,0,0,0,0,0,0,0,0,0,0,0,0
"269","245",2021-04-30,"Rural","5-9y","Male",10,"(5,50]","Unemployed outside home","Currently enrolled in school",3.5,12.75,3.5,0,0,0,0,0,1,1,1,1,0,1,1,0,0,0
"270","247",2021-04-30,"Rural","30-39y","Female",5,"(2,5]","Semiskilled / skilled labor","Primary school",1,1.25,0,0,0,0,0,0,0,0,0,0,0,0,0,0,0,0
"271","248",2021-04-30,"Rural","5-9y","Male",9,"(5,50]","Unemployed outside home","Currently enrolled in school",9,20,9,1,1,1,1,0,1,1,1,1,1,1,1,1,1,1
"272","250",2021-05-03,"Rural","10-19y","Female",5,"(2,5]","Student","Currently enrolled in school",7,6.90833333333333,4,1,1,1,0,0,1,1,0,0,0,1,1,0,0,0
"273","251",2021-04-30,"Rural","1-4y","Male",6,"(5,50]","Unemployed outside home","None",11,15.0666666666667,7,1,1,1,1,1,1,1,1,1,0,1,1,1,1,1
"274","252",2021-04-30,"Rural","5-9y","Female",4,"(2,5]","Unemployed outside home","Currently enrolled in school",1.5,5.5,1.5,0,0,0,0,0,0,1,0,0,0,0,0,0,0,0
"275","253",2021-05-03,"Rural","1-4y","Female",8,"(5,50]","Unemployed outside home","None",11,43.6916666666667,7.5,1,1,1,1,1,1,1,1,1,1,1,1,1,1,1
"276","255",2021-05-04,"Rural","1-4y","Male",7,"(5,50]","Unemployed outside home","None",3,5.75,2,0,0,0,0,0,0,1,0,0,0,0,0,0,0,0
"277","256",2021-05-04,"Rural","5-9y","Male",8,"(5,50]","Unemployed outside home","Currently enrolled in school",5.5,0.191666666666667,5,1,1,0,0,0,0,0,0,0,0,1,1,1,0,0
"278","257",2021-04-30,"Urban","1-4y","Female",13,"(5,50]","Unemployed outside home","None",4.5,0,4.5,0,1,0,0,0,0,0,0,0,0,1,1,0,0,0
"279","258",2021-05-04,"Urban","1-4y","Male",10,"(5,50]","Unemployed outside home","None",1.5,0,1.5,0,0,0,0,0,0,0,0,0,0,0,0,0,0,0
"280","261",2021-05-05,"Rural","10-19y","Female",5,"(2,5]","Student","Currently enrolled in school",15,18.65,10,1,1,1,1,1,1,1,1,1,1,1,1,1,1,1
"281","262",2021-05-06,"Rural","30-39y","Female",4,"(2,5]","Semiskilled / skilled labor","Primary school",10,4.65833333333333,1.5,1,1,1,1,0,0,1,0,0,0,0,0,0,0,0
"282","263",2021-05-06,"Rural","40-59y","Male",14,"(5,50]","Semiskilled / skilled labor","Primary school",8.5,10.5083333333333,4,1,1,1,1,0,1,1,1,0,0,1,1,0,0,0
"283","266",2021-05-05,"Urban","60+y","Male",10,"(5,50]","Unemployed outside home","Primary school",1.5,0,0,0,0,0,0,0,0,0,0,0,0,0,0,0,0,0
"284","267",2021-05-05,"Rural","10-19y","Female",6,"(5,50]","Student","Currently enrolled in school",27.5,16.525,23.5,1,1,1,1,1,1,1,1,1,0,1,1,1,1,1
"285","268",2021-05-05,"Rural","20-29y","Female",10,"(5,50]","Unemployed outside home","Secondary school",10.5,25.5,7,1,1,1,1,1,1,1,1,1,1,1,1,1,1,1
"286","269",2021-05-05,"Rural","10-19y","Male",16,"(5,50]","Student","Currently enrolled in school",5.5,6.75833333333333,3,1,1,0,0,0,1,1,0,0,0,1,1,0,0,0
"287","270",2021-05-06,"Rural","60+y","Female",1,"[0,2]","Unemployed outside home","None",6,9.375,0,1,1,0,0,0,1,1,0,0,0,0,0,0,0,0
"288","271",2021-05-05,"Rural","10-19y","Female",6,"(5,50]","Student","Currently enrolled in school",5,13.6916666666667,4,1,1,0,0,0,1,1,1,1,0,1,1,0,0,0
"289","273",2021-05-06,"Rural","10-19y","Male",4,"(2,5]","Student","Currently enrolled in school",10,9,10,1,1,1,1,0,1,1,0,0,0,1,1,1,1,1
"290","274",2021-05-07,"Urban","1-4y","Female",3,"(2,5]","Unemployed outside home","None",14.5,16.2,9.5,1,1,1,1,1,1,1,1,1,0,1,1,1,1,1
"291","275",2021-05-07,"Rural","5-9y","Male",18,"(5,50]","Unemployed outside home",NA,6,0.75,3,1,1,0,0,0,0,0,0,0,0,1,1,0,0,0
"292","281",2021-05-11,"Rural","20-29y","Male",6,"(5,50]","Unemployed outside home","Primary school",13,15.5,3,1,1,1,1,1,1,1,1,1,0,1,1,0,0,0
"293","283",2021-05-11,"Rural","10-19y","Male",7,"(5,50]","Student","Currently enrolled in school",10.5,11.0916666666667,3,1,1,1,1,1,1,1,1,0,0,1,1,0,0,0
"294","284",2021-05-12,"Urban","1-4y","Female",4,"(2,5]","Unemployed outside home","None",1,0,1,0,0,0,0,0,0,0,0,0,0,0,0,0,0,0
"295","300",2021-05-14,"Rural","60+y","Female",5,"(2,5]","Semiskilled / skilled labor","Primary school",4,1.10833333333333,0,0,0,0,0,0,0,0,0,0,0,0,0,0,0,0
"296","301",2021-05-12,"Urban","1-4y","Female",4,"(2,5]","Unemployed outside home","None",2,2.5,1.5,0,0,0,0,0,0,0,0,0,0,0,0,0,0,0
"297","302",2021-05-12,"Urban","1-4y","Male",6,"(5,50]","Unemployed outside home","None",1.5,0,1.5,0,0,0,0,0,0,0,0,0,0,0,0,0,0,0
"298","307",2021-05-17,"Urban","20-29y","Female",6,"(5,50]","Semiprofessional / professional","Secondary school",2,0.1,0,0,0,0,0,0,0,0,0,0,0,0,0,0,0,0
"299","308",2021-05-17,"Urban","20-29y","Female",6,"(5,50]","Unemployed outside home","Secondary school",1.5,0.108333333333333,0,0,0,0,0,0,0,0,0,0,0,0,0,0,0,0
"300","310",2021-05-12,"Urban","1-4y","Female",11,"(5,50]","Unemployed outside home","None",2,0,2,0,0,0,0,0,0,0,0,0,0,0,0,0,0,0
"301","313",2021-05-17,"Urban","60+y","Female",4,"(2,5]","Unemployed outside home","Primary school",0,0,0,0,0,0,0,0,0,0,0,0,0,0,0,0,0,0
"302","314",2021-05-16,"Urban","1-4y","Male",3,"(2,5]","Unemployed outside home","None",8.5,3.625,7.5,1,1,1,1,0,0,1,0,0,0,1,1,1,1,1
"303","317",2021-05-18,"Urban","30-39y","Female",3,"(2,5]","Semiskilled / skilled labor","Secondary school",3,3.625,2,0,0,0,0,0,0,1,0,0,0,0,0,0,0,0
"304","318",2021-05-18,"Urban","30-39y","Female",7,"(5,50]","Unemployed outside home","Primary school",0,0,0,0,0,0,0,0,0,0,0,0,0,0,0,0,0,0
"305","319",2021-05-18,"Urban","30-39y","Male",3,"(2,5]","Semiskilled / skilled labor","Secondary school",3,0.375,1.5,0,0,0,0,0,0,0,0,0,0,0,0,0,0,0
"306","321",2021-05-04,"Urban","60+y","Male",6,"(5,50]","Unemployed outside home","Primary school",1,2.5,0,0,0,0,0,0,0,0,0,0,0,0,0,0,0,0
"307","322",2021-05-19,"Rural","40-59y","Female",4,"(2,5]","Unemployed outside home","Primary school",4,7.69166666666667,1,0,0,0,0,0,1,1,0,0,0,0,0,0,0,0
"308","323",2021-05-19,"Rural","1-4y","Male",9,"(5,50]","Unemployed outside home","None",5.5,12.1333333333333,2.5,1,1,0,0,0,1,1,1,1,0,0,0,0,0,0
"309","327",2021-05-19,"Urban","20-29y","Female",10,"(5,50]","Student","Currently enrolled in school",0,0,0,0,0,0,0,0,0,0,0,0,0,0,0,0,0,0
"310","328",2021-05-19,"Urban","20-29y","Male",13,"(5,50]","Semiskilled / skilled labor","Secondary school",7.5,3.58333333333333,6,1,1,1,0,0,0,1,0,0,0,1,1,1,1,0
"311","329",2021-05-20,"Urban","20-29y","Female",13,"(5,50]","Student","Currently enrolled in school",2.5,3,1.5,0,0,0,0,0,0,1,0,0,0,0,0,0,0,0
"312","332",2021-05-18,"Urban","10-19y","Male",8,"(5,50]","Student","Currently enrolled in school",4,3.83333333333333,2,0,0,0,0,0,0,1,0,0,0,0,0,0,0,0
"313","333",2021-05-18,"Urban","10-19y","Male",3,"(2,5]","Student","Currently enrolled in school",8,2.68333333333333,6,1,1,1,1,0,0,1,0,0,0,1,1,1,1,0
"314","334",2021-05-19,"Urban","10-19y","Male",5,"(2,5]","Student","Currently enrolled in school",8.5,18.3,8,1,1,1,1,0,1,1,1,1,1,1,1,1,1,1
"315","335",2021-05-19,"Urban","10-19y","Male",4,"(2,5]","Student","Currently enrolled in school",13,41.075,12,1,1,1,1,1,1,1,1,1,1,1,1,1,1,1
"316","336",2021-05-19,"Urban","10-19y","Male",5,"(2,5]","Student","Currently enrolled in school",4,4.56666666666667,2,0,0,0,0,0,0,1,0,0,0,0,0,0,0,0
"317","337",2021-05-20,"Urban","10-19y","Female",5,"(2,5]","Student","Currently enrolled in school",10.5,16.8333333333333,8.5,1,1,1,1,1,1,1,1,1,0,1,1,1,1,1
"318","338",2021-05-19,"Urban","30-39y","Female",6,"(5,50]","Semiskilled / skilled labor","Secondary school",3.5,3.25,0,0,0,0,0,0,0,1,0,0,0,0,0,0,0,0
"319","339",2021-05-19,"Urban","30-39y","Male",9,"(5,50]","Semiskilled / skilled labor","Secondary school",0,0,0,0,0,0,0,0,0,0,0,0,0,0,0,0,0,0
"320","340",2021-05-20,"Urban","30-39y","Female",5,"(2,5]","Unemployed outside home","Primary school",1,0.75,0,0,0,0,0,0,0,0,0,0,0,0,0,0,0,0
"321","341",2021-05-20,"Urban","30-39y","Male",9,"(5,50]","Semiskilled / skilled labor","Primary school",1,2.5,0.5,0,0,0,0,0,0,0,0,0,0,0,0,0,0,0
"322","342",2021-05-19,"Urban","60+y","Female",6,"(5,50]","Semiskilled / skilled labor","Primary school",3,18,3,0,0,0,0,0,1,1,1,1,0,1,1,0,0,0
"323","344",2021-05-20,"Urban","60+y","Male",3,"(2,5]","Unemployed outside home","Primary school",1,0.75,1,0,0,0,0,0,0,0,0,0,0,0,0,0,0,0
"324","345",2021-05-20,"Urban","60+y","Male",2,"[0,2]","Unemployed outside home","Primary school",0,0,0,0,0,0,0,0,0,0,0,0,0,0,0,0,0,0
"325","346",2021-05-19,"Urban","60+y","Male",8,"(5,50]","Semiprofessional / professional","Primary school",1,6,0,0,0,0,0,0,0,1,0,0,0,0,0,0,0,0
"326","351",2021-05-20,"Rural","5-9y","Female",3,"(2,5]","Unemployed outside home","Currently enrolled in school",5,6.75,3.5,1,1,0,0,0,1,1,0,0,0,1,1,0,0,0
"327","352",2021-05-20,"Rural","1-4y","Male",4,"(2,5]","Unemployed outside home","None",4,6.25,4,0,0,0,0,0,0,1,0,0,0,1,1,0,0,0
"328","363",2021-05-20,"Rural","60+y","Male",4,"(2,5]","Semiskilled / skilled labor","None",4,0.55,2.5,0,0,0,0,0,0,0,0,0,0,0,0,0,0,0
"329","364",2021-05-20,"Rural","40-59y","Female",3,"(2,5]","Semiskilled / skilled labor","Primary school",23,10.325,15,1,1,1,1,1,1,1,1,0,0,1,1,1,1,1
"330","371",2021-05-24,"Rural","60+y","Female",3,"(2,5]","Unemployed outside home","None",NA,NA,NA,NA,NA,NA,NA,NA,NA,NA,NA,NA,NA,NA,NA,NA,NA,NA
"331","372",2021-05-24,"Rural","30-39y","Female",11,"(5,50]","Unemployed outside home","Primary school",0,0,0,0,0,0,0,0,0,0,0,0,0,0,0,0,0,0
"332","374",2021-05-25,"Rural","60+y","Male",2,"[0,2]","Semiskilled / skilled labor","None",6.5,5.95,3.5,1,1,0,0,0,0,1,0,0,0,1,1,0,0,0
"333","375",2021-05-25,"Rural","10-19y","Male",5,"(2,5]","Student","Currently enrolled in school",4.5,8.25833333333333,3.5,0,1,0,0,0,1,1,0,0,0,1,1,0,0,0
"334","376",2021-05-25,"Rural","60+y","Female",6,"(5,50]","Unemployed outside home","None",1,6,0,0,0,0,0,0,0,1,0,0,0,0,0,0,0,0
"335","378",2021-05-25,"Rural","10-19y","Female",6,"(5,50]","Unemployed outside home","Secondary school",13.5,28.75,5,1,1,1,1,1,1,1,1,1,1,1,1,1,0,0
"336","379",2021-05-25,"Rural","10-19y","Female",1,"[0,2]","Student","Currently enrolled in school",20,9.65,14,1,1,1,1,1,1,1,1,0,0,1,1,1,1,1
"337","381",2021-05-26,"Rural","1-4y","Female",6,"(5,50]","Unemployed outside home","None",2,2.375,0.5,0,0,0,0,0,0,0,0,0,0,0,0,0,0,0
"338","382",2021-05-26,"Rural","1-4y","Female",6,"(5,50]","Unemployed outside home","None",3,0,3,0,0,0,0,0,0,0,0,0,0,1,1,0,0,0
"339","383",2021-05-26,"Rural","10-19y","Female",5,"(2,5]","Student","Currently enrolled in school",11.5,4.08333333333333,3.5,1,1,1,1,1,0,1,0,0,0,1,1,0,0,0
"340","386",2021-05-27,"Rural","20-29y","Male",7,"(5,50]","Semiskilled / skilled labor","Secondary school",19,14.925,15,1,1,1,1,1,1,1,1,1,0,1,1,1,1,1
"341","387",2021-05-28,"Rural","40-59y","Male",11,"(5,50]","Unemployed outside home","None",2,0,0,0,0,0,0,0,0,0,0,0,0,0,0,0,0,0
"342","388",2021-05-28,"Rural","1-4y","Female",5,"(2,5]","Unemployed outside home","None",9,6.75,9,1,1,1,1,0,1,1,0,0,0,1,1,1,1,1
"343","389",2021-05-28,"Rural","40-59y","Male",5,"(2,5]","Unemployed outside home","Primary school",2,7.625,0.5,0,0,0,0,0,1,1,0,0,0,0,0,0,0,0
"344","390",2021-05-28,"Rural","20-29y","Female",6,"(5,50]","Unemployed outside home","Secondary school",5,9.525,2.5,1,1,0,0,0,1,1,1,0,0,0,0,0,0,0
"345","396",2021-05-26,"Urban","30-39y","Male",2,"[0,2]","Semiskilled / skilled labor","Primary school",3.5,1.25,1,0,0,0,0,0,0,0,0,0,0,0,0,0,0,0
"346","398",2021-05-28,"Urban","30-39y","Female",13,"(5,50]","Semiskilled / skilled labor","None",0,0,0,0,0,0,0,0,0,0,0,0,0,0,0,0,0,0
"347","400",2021-05-31,"Rural","30-39y","Male",4,"(2,5]","Unemployed outside home","Primary school",6,30.5666666666667,5.5,1,1,0,0,0,1,1,1,1,1,1,1,1,1,0
"348","404",2021-05-31,"Rural","1-4y","Female",4,"(2,5]","Unemployed outside home","None",0,0,0,0,0,0,0,0,0,0,0,0,0,0,0,0,0,0
"349","410",2021-06-01,"Rural","60+y","Female",4,"(2,5]","Semiskilled / skilled labor","None",2,0.75,0,0,0,0,0,0,0,0,0,0,0,0,0,0,0,0
"350","425",2021-06-03,"Rural","5-9y","Female",6,"(5,50]","Unemployed outside home",NA,4,0,4,0,0,0,0,0,0,0,0,0,0,1,1,0,0,0
"351","426",2021-05-31,"Urban","30-39y","Female",6,"(5,50]","Semiskilled / skilled labor","Secondary school",0,0,0,0,0,0,0,0,0,0,0,0,0,0,0,0,0,0
"352","427",2021-05-31,"Urban","40-59y","Female",8,"(5,50]","Unemployed outside home","Secondary school",2.5,1.125,0,0,0,0,0,0,0,0,0,0,0,0,0,0,0,0
"353","428",2021-06-02,"Urban","30-39y","Female",6,"(5,50]","Unemployed outside home","Secondary school",0,0,0,0,0,0,0,0,0,0,0,0,0,0,0,0,0,0
"354","429",2021-06-03,"Urban","30-39y","Male",6,"(5,50]","Semiskilled / skilled labor","Primary school",2,5.69166666666667,0.5,0,0,0,0,0,0,1,0,0,0,0,0,0,0,0
"355","430",2021-06-03,"Urban","30-39y","Male",2,"[0,2]","Semiprofessional / professional","Secondary school",8,21.1333333333333,2,1,1,1,1,0,1,1,1,1,1,0,0,0,0,0
"356","431",2021-06-04,"Urban","30-39y","Female",2,"[0,2]","Unemployed outside home","Secondary school",3,3.75,1.5,0,0,0,0,0,0,1,0,0,0,0,0,0,0,0
"357","436",2021-06-04,"Rural","10-19y","Female",5,"(2,5]","Semiprofessional / professional","Primary school",16.5,5.2,10,1,1,1,1,1,0,1,0,0,0,1,1,1,1,1
"358","437",2021-06-04,"Rural","60+y","Male",6,"(5,50]","Semiskilled / skilled labor","Primary school",15.5,22.0416666666667,2.5,1,1,1,1,1,1,1,1,1,1,0,0,0,0,0
"359","438",2021-06-04,"Rural","40-59y","Female",2,"[0,2]","Semiskilled / skilled labor","Primary school",5,24,0,1,1,0,0,0,1,1,1,1,1,0,0,0,0,0
"360","439",2021-06-04,"Rural","5-9y","Female",5,"(2,5]","Unemployed outside home",NA,8.5,0,8.5,1,1,1,1,0,0,0,0,0,0,1,1,1,1,1
"361","440",2021-06-07,"Rural","1-4y","Male",5,"(2,5]","Unemployed outside home","None",4,0,4,0,0,0,0,0,0,0,0,0,0,1,1,0,0,0
"362","441",2021-06-07,"Rural","10-19y","Male",2,"[0,2]","Student","Currently enrolled in school",14,15.5583333333333,11.5,1,1,1,1,1,1,1,1,1,0,1,1,1,1,1
"363","447",2021-06-03,"Rural","5-9y","Female",12,"(5,50]","Unemployed outside home","Currently enrolled in school",3,7.5,3,0,0,0,0,0,1,1,0,0,0,1,1,0,0,0
"364","448",2021-06-04,"Rural","60+y","Female",1,"[0,2]","Unemployed outside home","Primary school",5,6,0.5,1,1,0,0,0,0,1,0,0,0,0,0,0,0,0
"365","449",2021-06-04,"Rural","10-19y","Male",4,"(2,5]","Student","Currently enrolled in school",1.5,0.375,1.5,0,0,0,0,0,0,0,0,0,0,0,0,0,0,0
"366","450",2021-06-07,"Rural","60+y","Male",8,"(5,50]","Unemployed outside home","Primary school",1,2.5,0,0,0,0,0,0,0,0,0,0,0,0,0,0,0,0
"367","452",2021-06-08,"Rural","5-9y","Female",4,"(2,5]","Unemployed outside home",NA,5.5,6.13333333333333,5.5,1,1,0,0,0,0,1,0,0,0,1,1,1,1,0
"368","453",2021-05-27,"Urban","20-29y","Male",4,"(2,5]","Student","Currently enrolled in school",3.5,7,2,0,0,0,0,0,1,1,0,0,0,0,0,0,0,0
"369","459",2021-06-08,"Rural","10-19y","Female",5,"(2,5]","Student","Currently enrolled in school",4.5,1.125,2.5,0,1,0,0,0,0,0,0,0,0,0,0,0,0,0
"370","460",2021-06-08,"Rural","20-29y","Female",7,"(5,50]","Unemployed outside home","Secondary school",4,2.5,0.5,0,0,0,0,0,0,0,0,0,0,0,0,0,0,0
"371","463",2021-06-09,"Rural","20-29y","Male",6,"(5,50]","Semiskilled / skilled labor","Secondary school",17.5,26.525,5.5,1,1,1,1,1,1,1,1,1,1,1,1,1,1,0
"372","464",2021-06-09,"Rural","40-59y","Female",14,"(5,50]","Unemployed outside home","Primary school",0,0,0,0,0,0,0,0,0,0,0,0,0,0,0,0,0,0
"373","465",2021-06-09,"Rural","30-39y","Female",3,"(2,5]","Unemployed outside home","Primary school",2,10.25,0.5,0,0,0,0,0,1,1,1,0,0,0,0,0,0,0
"374","488",2021-06-12,"Rural","60+y","Female",3,"(2,5]","Unemployed outside home","None",2.5,0.275,2,0,0,0,0,0,0,0,0,0,0,0,0,0,0,0
"375","489",2021-06-15,"Rural","1-4y","Male",9,"(5,50]","Unemployed outside home","None",4.5,0.375,4.5,0,1,0,0,0,0,0,0,0,0,1,1,0,0,0
"376","491",2021-05-31,"Urban","20-29y","Male",10,"(5,50]","Semiskilled / skilled labor","Secondary school",3,14.5,2.5,0,0,0,0,0,1,1,1,1,0,0,0,0,0,0
"377","493",2021-06-03,"Urban","20-29y","Female",4,"(2,5]","Unemployed outside home","Primary school",5,0,3.5,1,1,0,0,0,0,0,0,0,0,1,1,0,0,0
"378","495",2021-06-22,"Urban","20-29y","Male",3,"(2,5]","Student","Currently enrolled in school",4,1.81666666666667,3,0,0,0,0,0,0,0,0,0,0,1,1,0,0,0
"379","496",2021-06-11,"Urban","20-29y","Female",8,"(5,50]","Unemployed outside home","Secondary school",0,0,0,0,0,0,0,0,0,0,0,0,0,0,0,0,0,0
"380","497",2021-06-15,"Urban","20-29y","Female",4,"(2,5]","Semiskilled / skilled labor","Secondary school",2,0.191666666666667,0,0,0,0,0,0,0,0,0,0,0,0,0,0,0,0
"381","499",2021-06-14,"Urban","60+y","Female",3,"(2,5]","Unemployed outside home","Primary school",0,0,0,0,0,0,0,0,0,0,0,0,0,0,0,0,0,0
"382","500",2021-06-14,"Urban","60+y","Female",6,"(5,50]","Unemployed outside home","Primary school",0,0,0,0,0,0,0,0,0,0,0,0,0,0,0,0,0,0
"383","502",2021-06-16,"Urban","5-9y","Male",7,"(5,50]","Unemployed outside home","Currently enrolled in school",0.5,0,0.5,0,0,0,0,0,0,0,0,0,0,0,0,0,0,0
"384","512",2021-05-31,"Urban","10-19y","Female",5,"(2,5]","Student","Currently enrolled in school",1.5,0,1,0,0,0,0,0,0,0,0,0,0,0,0,0,0,0
"385","513",2021-05-31,"Urban","10-19y","Female",3,"(2,5]","Student","Currently enrolled in school",6.5,3.31666666666667,6,1,1,0,0,0,0,1,0,0,0,1,1,1,1,0
"386","514",2021-05-31,"Urban","10-19y","Female",6,"(5,50]","Student","Currently enrolled in school",16.5,15.0166666666667,4,1,1,1,1,1,1,1,1,1,0,1,1,0,0,0
"387","515",2021-06-02,"Urban","10-19y","Male",11,"(5,50]","Unemployed outside home","Primary school",9,22.5833333333333,6,1,1,1,1,0,1,1,1,1,1,1,1,1,1,0
"388","516",2021-06-02,"Urban","10-19y","Male",3,"(2,5]","Unemployed outside home","Primary school",12.5,38.75,5,1,1,1,1,1,1,1,1,1,1,1,1,1,0,0
"389","518",2021-06-10,"Urban","10-19y","Male",9,"(5,50]","Student","Currently enrolled in school",14,40.2583333333333,7,1,1,1,1,1,1,1,1,1,1,1,1,1,1,1
"390","519",2021-06-11,"Urban","10-19y","Male",5,"(2,5]","Student","Currently enrolled in school",6,8.44166666666667,4,1,1,0,0,0,1,1,0,0,0,1,1,0,0,0
"391","520",2021-06-11,"Urban","10-19y","Male",5,"(2,5]","Student","Currently enrolled in school",12.5,32.9583333333333,10,1,1,1,1,1,1,1,1,1,1,1,1,1,1,1
"392","532",2021-06-17,"Rural","10-19y","Female",4,"(2,5]","Semiskilled / skilled labor","Secondary school",9,1.475,1,1,1,1,1,0,0,0,0,0,0,0,0,0,0,0
"393","533",2021-06-17,"Rural","5-9y","Female",4,"(2,5]","Unemployed outside home",NA,2.5,0.25,1.5,0,0,0,0,0,0,0,0,0,0,0,0,0,0,0
"394","534",2021-06-18,"Rural","5-9y","Female",9,"(5,50]","Unemployed outside home","Currently enrolled in school",1,0,1,0,0,0,0,0,0,0,0,0,0,0,0,0,0,0
"395","535",2021-06-18,"Rural","1-4y","Female",9,"(5,50]","Unemployed outside home","None",0.5,0,0.5,0,0,0,0,0,0,0,0,0,0,0,0,0,0,0
"396","536",2021-06-18,"Rural","1-4y","Female",5,"(2,5]","Unemployed outside home","None",2,0,2,0,0,0,0,0,0,0,0,0,0,0,0,0,0,0
"397","539",2021-06-17,"Rural","10-19y","Female",12,"(5,50]","Student","Currently enrolled in school",5,0.166666666666667,3,1,1,0,0,0,0,0,0,0,0,1,1,0,0,0
"398","540",2021-06-16,"Rural","30-39y","Male",6,"(5,50]","Unemployed outside home","Secondary school",5.5,9.59166666666667,4,1,1,0,0,0,1,1,1,0,0,1,1,0,0,0
"399","541",2021-06-16,"Rural","1-4y","Male",6,"(5,50]","Unemployed outside home","None",4.5,0,4.5,0,1,0,0,0,0,0,0,0,0,1,1,0,0,0
"400","542",2021-06-16,"Rural","40-59y","Female",6,"(5,50]","Unemployed outside home","None",10.5,27.8333333333333,0,1,1,1,1,1,1,1,1,1,1,0,0,0,0,0
"401","543",2021-06-17,"Rural","40-59y","Female",10,"(5,50]","Unemployed outside home","Primary school",20,25.0333333333333,0,1,1,1,1,1,1,1,1,1,1,0,0,0,0,0
"402","544",2021-06-16,"Rural","40-59y","Male",3,"(2,5]","Semiprofessional / professional","Some college or higher",7,12.375,0.5,1,1,1,0,0,1,1,1,1,0,0,0,0,0,0
"403","546",2021-06-18,"Rural","20-29y","Female",7,"(5,50]","Semiskilled / skilled labor","Primary school",3.5,21,3.5,0,0,0,0,0,1,1,1,1,1,1,1,0,0,0
"404","547",2021-06-19,"Rural","10-19y","Male",7,"(5,50]","Student","Currently enrolled in school",17.5,1.73333333333333,17.5,1,1,1,1,1,0,0,0,0,0,1,1,1,1,1
"405","548",2021-06-22,"Rural","20-29y","Male",4,"(2,5]","Semiprofessional / professional","Secondary school",5,3.025,0.5,1,1,0,0,0,0,1,0,0,0,0,0,0,0,0
"406","550",2021-06-22,"Rural","30-39y","Male",7,"(5,50]","Semiprofessional / professional","Some college or higher",10,13.9083333333333,3.5,1,1,1,1,0,1,1,1,1,0,1,1,0,0,0
"407","551",2021-06-22,"Rural","20-29y","Male",6,"(5,50]","Unemployed outside home","Secondary school",8.5,14.4,2.5,1,1,1,1,0,1,1,1,1,0,0,0,0,0,0
"408","552",2021-06-21,"Rural","30-39y","Female",9,"(5,50]","Unemployed outside home","Primary school",4,1.525,1.5,0,0,0,0,0,0,0,0,0,0,0,0,0,0,0
"409","553",2021-06-21,"Rural","1-4y","Female",5,"(2,5]","Unemployed outside home","None",3.5,0.375,3,0,0,0,0,0,0,0,0,0,0,1,1,0,0,0
"410","554",2021-06-22,"Rural","30-39y","Male",5,"(2,5]","Unemployed outside home","Primary school",12,26.0083333333333,0,1,1,1,1,1,1,1,1,1,1,0,0,0,0,0
"411","555",2021-06-22,"Rural","10-19y","Female",8,"(5,50]","Student","Currently enrolled in school",10,6.15,1,1,1,1,1,0,0,1,0,0,0,0,0,0,0,0
"412","556",2021-06-23,"Rural","60+y","Male",1,"[0,2]","Unemployed outside home","Primary school",6.5,18,2,1,1,0,0,0,1,1,1,1,0,0,0,0,0,0
"413","557",2021-06-23,"Rural","10-19y","Male",4,"(2,5]","Unemployed outside home","Secondary school",13.5,19.2083333333333,7.5,1,1,1,1,1,1,1,1,1,1,1,1,1,1,1
"414","558",2021-06-23,"Rural","10-19y","Male",6,"(5,50]","Student","Currently enrolled in school",14,26.9,6.5,1,1,1,1,1,1,1,1,1,1,1,1,1,1,0
"415","559",2021-06-23,"Rural","40-59y","Male",10,"(5,50]","Unemployed outside home","Primary school",5.5,6.81666666666667,4,1,1,0,0,0,1,1,0,0,0,1,1,0,0,0
"416","560",2021-06-23,"Rural","20-29y","Female",7,"(5,50]","Student","Currently enrolled in school",4,4.625,4,0,0,0,0,0,0,1,0,0,0,1,1,0,0,0
"417","561",2021-06-23,"Rural","20-29y","Female",4,"(2,5]","Unemployed outside home","Secondary school",4.5,2.95833333333333,4,0,1,0,0,0,0,1,0,0,0,1,1,0,0,0
"418","563",2021-06-24,"Rural","60+y","Male",8,"(5,50]","Unemployed outside home","Primary school",8,1.8,5,1,1,1,1,0,0,0,0,0,0,1,1,1,0,0
"419","564",2021-06-24,"Rural","60+y","Female",8,"(5,50]","Unemployed outside home","None",5.5,0,0,1,1,0,0,0,0,0,0,0,0,0,0,0,0,0
"420","565",2021-06-24,"Rural","1-4y","Male",8,"(5,50]","Unemployed outside home","None",10.5,0.0833333333333333,10.5,1,1,1,1,1,0,0,0,0,0,1,1,1,1,1
"421","566",2021-06-24,"Rural","1-4y","Female",5,"(2,5]","Unemployed outside home","None",1,0,1,0,0,0,0,0,0,0,0,0,0,0,0,0,0,0
"422","567",2021-06-24,"Rural","10-19y","Male",6,"(5,50]","Student","Currently enrolled in school",1.5,1.125,1.5,0,0,0,0,0,0,0,0,0,0,0,0,0,0,0
"423","568",2021-06-24,"Rural","30-39y","Female",4,"(2,5]","Semiskilled / skilled labor","None",6,3.78333333333333,2,1,1,0,0,0,0,1,0,0,0,0,0,0,0,0
"424","569",2021-06-10,"Urban","30-39y","Female",4,"(2,5]","Semiskilled / skilled labor","Currently enrolled in school",3,3.19166666666667,1,0,0,0,0,0,0,1,0,0,0,0,0,0,0,0
"425","570",2021-06-11,"Urban","40-59y","Female",9,"(5,50]","Unemployed outside home","None",0.5,0,0.5,0,0,0,0,0,0,0,0,0,0,0,0,0,0,0
"426","571",2021-06-14,"Urban","40-59y","Female",5,"(2,5]","Unemployed outside home","Primary school",5,3.44166666666667,0,1,1,0,0,0,0,1,0,0,0,0,0,0,0,0
"427","572",2021-06-14,"Urban","40-59y","Female",3,"(2,5]","Unemployed outside home","Currently enrolled in school",2.5,3.75,0,0,0,0,0,0,0,1,0,0,0,0,0,0,0,0
"428","573",2021-06-15,"Urban","40-59y","Female",8,"(5,50]","Semiskilled / skilled labor","Currently enrolled in school",2.5,5.375,0,0,0,0,0,0,0,1,0,0,0,0,0,0,0,0
"429","574",2021-06-15,"Urban","40-59y","Female",2,"[0,2]","Unemployed outside home","Secondary school",3,6.625,0,0,0,0,0,0,1,1,0,0,0,0,0,0,0,0
"430","575",2021-06-16,"Urban","40-59y","Female",5,"(2,5]","Unemployed outside home","Currently enrolled in school",1,0,0,0,0,0,0,0,0,0,0,0,0,0,0,0,0,0
"431","576",2021-06-18,"Urban","40-59y","Female",6,"(5,50]","Unemployed outside home","Primary school",6,6.25,2.5,1,1,0,0,0,0,1,0,0,0,0,0,0,0,0
"432","577",2021-06-18,"Urban","40-59y","Female",5,"(2,5]","Semiskilled / skilled labor","Currently enrolled in school",1.5,0.466666666666667,0,0,0,0,0,0,0,0,0,0,0,0,0,0,0,0
"433","581",2021-06-22,"Urban","40-59y","Male",4,"(2,5]","Semiprofessional / professional","Currently enrolled in school",2.5,6.35833333333333,0,0,0,0,0,0,1,1,0,0,0,0,0,0,0,0
"434","582",2021-06-23,"Urban","40-59y","Female",5,"(2,5]","Unemployed outside home","Primary school",2.5,3.06666666666667,0,0,0,0,0,0,0,1,0,0,0,0,0,0,0,0
"435","583",2021-06-24,"Urban","40-59y","Female",6,"(5,50]","Unemployed outside home","Currently enrolled in school",1.5,0,0,0,0,0,0,0,0,0,0,0,0,0,0,0,0,0
"436","585",2021-06-22,"Rural","30-39y","Female",6,"(5,50]","Semiskilled / skilled labor","Primary school",8.5,15.25,1,1,1,1,1,0,1,1,1,1,0,0,0,0,0,0
"437","586",2021-06-23,"Rural","1-4y","Male",2,"[0,2]","Unemployed outside home","None",11,10,11,1,1,1,1,1,1,1,1,0,0,1,1,1,1,1
"438","589",2021-06-28,"Rural","30-39y","Female",4,"(2,5]","Unemployed outside home","Primary school",6.5,4.775,1.5,1,1,0,0,0,0,1,0,0,0,0,0,0,0,0
"439","590",2021-06-28,"Rural","30-39y","Female",5,"(2,5]","Unemployed outside home","None",9,3.4,2,1,1,1,1,0,0,1,0,0,0,0,0,0,0,0
"440","591",2021-06-28,"Rural","5-9y","Male",5,"(2,5]","Unemployed outside home",NA,16,25.7083333333333,14,1,1,1,1,1,1,1,1,1,1,1,1,1,1,1
"441","594",2021-06-18,"Urban","60+y","Female",2,"[0,2]","Unemployed outside home","Primary school",0,0,0,0,0,0,0,0,0,0,0,0,0,0,0,0,0,0
"442","599",2021-06-29,"Rural","20-29y","Male",1,"[0,2]","Unemployed outside home","Primary school",8,15.25,3,1,1,1,1,0,1,1,1,1,0,1,1,0,0,0
"443","600",2021-06-29,"Rural","20-29y","Female",6,"(5,50]","Unemployed outside home","Secondary school",6,15.5833333333333,0,1,1,0,0,0,1,1,1,1,0,0,0,0,0,0
"444","601",2021-06-29,"Rural","60+y","Female",2,"[0,2]","Semiskilled / skilled labor","None",9.5,0.375,0,1,1,1,1,0,0,0,0,0,0,0,0,0,0,0
"445","604",2021-06-30,"Rural","10-19y","Female",7,"(5,50]","Student","Currently enrolled in school",6,8.34166666666667,5.5,1,1,0,0,0,1,1,0,0,0,1,1,1,1,0
"446","605",2021-06-30,"Rural","10-19y","Male",7,"(5,50]","Unemployed outside home","Primary school",8.5,7.78333333333333,3,1,1,1,1,0,1,1,0,0,0,1,1,0,0,0
"447","606",2021-06-29,"Rural","40-59y","Male",4,"(2,5]","Semiskilled / skilled labor","Primary school",3,0,2,0,0,0,0,0,0,0,0,0,0,0,0,0,0,0
"448","608",2021-06-30,"Rural","5-9y","Male",13,"(5,50]","Unemployed outside home",NA,3,0,1.5,0,0,0,0,0,0,0,0,0,0,0,0,0,0,0
"449","609",2021-06-18,"Urban","10-19y","Male",8,"(5,50]","Student","Currently enrolled in school",9.5,20.575,4,1,1,1,1,0,1,1,1,1,1,1,1,0,0,0
"450","621",2021-06-30,"Urban","10-19y","Female",9,"(5,50]","Student","Currently enrolled in school",5.5,8.75,5.5,1,1,0,0,0,1,1,0,0,0,1,1,1,1,0
"451","622",2021-07-01,"Rural","60+y","Female",2,"[0,2]","Unemployed outside home","None",7,16.5666666666667,6,1,1,1,0,0,1,1,1,1,0,1,1,1,1,0
"452","623",2021-07-01,"Rural","60+y","Male",5,"(2,5]","Unemployed outside home","Primary school",2.5,0,0,0,0,0,0,0,0,0,0,0,0,0,0,0,0,0
"453","625",2021-06-30,"Rural","10-19y","Female",5,"(2,5]","Unemployed outside home","Primary school",7,2.1,2.5,1,1,1,0,0,0,0,0,0,0,0,0,0,0,0
"454","626",2021-06-30,"Rural","60+y","Female",1,"[0,2]","Unemployed outside home","Primary school",1,0,0.5,0,0,0,0,0,0,0,0,0,0,0,0,0,0,0
"455","627",2021-06-30,"Rural","60+y","Male",8,"(5,50]","Unemployed outside home","None",3,7.5,1.5,0,0,0,0,0,1,1,0,0,0,0,0,0,0,0
"456","628",2021-06-30,"Rural","1-4y","Female",8,"(5,50]","Unemployed outside home","None",6,0.383333333333333,5.5,1,1,0,0,0,0,0,0,0,0,1,1,1,1,0
"457","629",2021-07-01,"Rural","5-9y","Female",4,"(2,5]","Unemployed outside home","Currently enrolled in school",13,14.875,13,1,1,1,1,1,1,1,1,1,0,1,1,1,1,1
"458","630",2021-07-01,"Rural","5-9y","Female",4,"(2,5]","Unemployed outside home","Currently enrolled in school",NA,NA,NA,NA,NA,NA,NA,NA,NA,NA,NA,NA,NA,NA,NA,NA,NA,NA
"459","631",2021-07-01,"Rural","40-59y","Female",9,"(5,50]","Semiskilled / skilled labor","Primary school",2.5,0,0,0,0,0,0,0,0,0,0,0,0,0,0,0,0,0
"460","633",2021-07-02,"Rural","1-4y","Male",9,"(5,50]","Unemployed outside home","None",7.5,0,7.5,1,1,1,0,0,0,0,0,0,0,1,1,1,1,1
"461","635",2021-06-29,"Urban","40-59y","Female",7,"(5,50]","Semiskilled / skilled labor","Primary school",1.5,0.75,0,0,0,0,0,0,0,0,0,0,0,0,0,0,0,0
"462","636",2021-06-30,"Urban","60+y","Male",5,"(2,5]","Semiskilled / skilled labor","Currently enrolled in school",1,0,0,0,0,0,0,0,0,0,0,0,0,0,0,0,0,0
"463","637",2021-07-02,"Urban","60+y","Male",6,"(5,50]","Unemployed outside home","Primary school",1,2.5,0,0,0,0,0,0,0,0,0,0,0,0,0,0,0,0
"464","638",2021-07-05,"Rural","30-39y","Male",5,"(2,5]","Unemployed outside home","Currently enrolled in school",8,4.825,1.5,1,1,1,1,0,0,1,0,0,0,0,0,0,0,0
"465","639",2021-07-05,"Rural","1-4y","Male",6,"(5,50]","Unemployed outside home","None",3.5,0,3.5,0,0,0,0,0,0,0,0,0,0,1,1,0,0,0
"466","640",2021-07-05,"Rural","1-4y","Female",5,"(2,5]","Unemployed outside home","None",4.5,9.5,4,0,1,0,0,0,1,1,0,0,0,1,1,0,0,0
"467","643",2021-07-01,"Urban","5-9y","Female",10,"(5,50]","Unemployed outside home","Currently enrolled in school",0,0,0,0,0,0,0,0,0,0,0,0,0,0,0,0,0,0
"468","644",2021-07-02,"Urban","5-9y","Female",7,"(5,50]","Unemployed outside home",NA,1,0,1,0,0,0,0,0,0,0,0,0,0,0,0,0,0,0
"469","646",2021-07-06,"Urban","5-9y","Male",5,"(2,5]","Unemployed outside home","Currently enrolled in school",2,0,2,0,0,0,0,0,0,0,0,0,0,0,0,0,0,0
"470","648",2021-06-02,"Urban","20-29y","Female",7,"(5,50]","Semiskilled / skilled labor","Secondary school",2.5,4.44166666666667,1.5,0,0,0,0,0,0,1,0,0,0,0,0,0,0,0
"471","649",2021-06-16,"Urban","40-59y","Female",2,"[0,2]","Unemployed outside home","Primary school",2.5,0.333333333333333,1.5,0,0,0,0,0,0,0,0,0,0,0,0,0,0,0
"472","650",2021-06-17,"Urban","40-59y","Female",7,"(5,50]","Unemployed outside home","Primary school",5,5.91666666666667,4,1,1,0,0,0,0,1,0,0,0,1,1,0,0,0
"473","651",2021-06-20,"Urban","40-59y","Male",5,"(2,5]","Semiprofessional / professional","Secondary school",2,6,1,0,0,0,0,0,0,1,0,0,0,0,0,0,0,0
"474","652",2021-06-20,"Urban","40-59y","Male",5,"(2,5]","Semiprofessional / professional","Secondary school",2,0,0.5,0,0,0,0,0,0,0,0,0,0,0,0,0,0,0
"475","653",2021-06-20,"Urban","40-59y","Female",7,"(5,50]","Semiprofessional / professional","Secondary school",7,19.1,4,1,1,1,0,0,1,1,1,1,1,1,1,0,0,0
"476","654",2021-06-22,"Urban","40-59y","Female",2,"[0,2]","Semiskilled / skilled labor","Secondary school",5.5,10.4833333333333,3.5,1,1,0,0,0,1,1,1,0,0,1,1,0,0,0
"477","655",2021-06-23,"Urban","40-59y","Female",8,"(5,50]","Unemployed outside home","Secondary school",3.5,0.358333333333333,1.5,0,0,0,0,0,0,0,0,0,0,0,0,0,0,0
"478","656",2021-06-23,"Urban","40-59y","Female",4,"(2,5]","Semiskilled / skilled labor","Primary school",3.5,13.3,1.5,0,0,0,0,0,1,1,1,1,0,0,0,0,0,0
"479","657",2021-06-28,"Urban","40-59y","Female",9,"(5,50]","Semiskilled / skilled labor","Primary school",0,0,0,0,0,0,0,0,0,0,0,0,0,0,0,0,0,0
"480","658",2021-06-28,"Urban","40-59y","Female",13,"(5,50]","Unemployed outside home","Primary school",1.5,0.483333333333333,0,0,0,0,0,0,0,0,0,0,0,0,0,0,0,0
"481","659",2021-07-08,"Urban","5-9y","Male",7,"(5,50]","Unemployed outside home",NA,1,0,1,0,0,0,0,0,0,0,0,0,0,0,0,0,0,0
"482","664",2021-07-12,"Urban","40-59y","Male",5,"(2,5]","Semiskilled / skilled labor","Primary school",1,0.375,0,0,0,0,0,0,0,0,0,0,0,0,0,0,0,0
"483","665",2021-07-12,"Urban","60+y","Male",4,"(2,5]","Semiprofessional / professional","Primary school",1,0,0,0,0,0,0,0,0,0,0,0,0,0,0,0,0,0
"484","666",2021-07-13,"Urban","40-59y","Female",6,"(5,50]","Semiskilled / skilled labor","Primary school",0,0,0,0,0,0,0,0,0,0,0,0,0,0,0,0,0,0
"485","667",2021-07-13,"Urban","40-59y","Female",15,"(5,50]","Unemployed outside home","Primary school",1,1.25,0,0,0,0,0,0,0,0,0,0,0,0,0,0,0,0
"486","669",2021-07-08,"Rural","30-39y","Female",6,"(5,50]","Semiskilled / skilled labor","Primary school",11,31.875,1.5,1,1,1,1,1,1,1,1,1,1,0,0,0,0,0
"487","670",2021-07-09,"Rural","60+y","Female",2,"[0,2]","Unemployed outside home","None",1,0,0.5,0,0,0,0,0,0,0,0,0,0,0,0,0,0,0
"488","671",2021-07-09,"Rural","10-19y","Male",10,"(5,50]","Student","Currently enrolled in school",6,13.25,6,1,1,0,0,0,1,1,1,1,0,1,1,1,1,0
"489","672",2021-07-13,"Rural","40-59y","Female",2,"[0,2]","Unemployed outside home","None",6.5,1.98333333333333,0.5,1,1,0,0,0,0,0,0,0,0,0,0,0,0,0
"490","673",2021-07-06,"Rural","10-19y","Male",3,"(2,5]","Student","Currently enrolled in school",25.5,20.7166666666667,16.5,1,1,1,1,1,1,1,1,1,1,1,1,1,1,1
"491","674",2021-07-06,"Rural","10-19y","Male",12,"(5,50]","Student","Currently enrolled in school",5.5,15.25,0.5,1,1,0,0,0,1,1,1,1,0,0,0,0,0,0
"492","676",2021-07-13,"Rural","10-19y","Female",6,"(5,50]","Student","Currently enrolled in school",8.5,12.5,5.5,1,1,1,1,0,1,1,1,1,0,1,1,1,1,0
"493","677",2021-07-13,"Rural","10-19y","Female",6,"(5,50]","Student","Currently enrolled in school",14,0.525,12,1,1,1,1,1,0,0,0,0,0,1,1,1,1,1
"494","678",2021-07-06,"Rural","10-19y","Male",7,"(5,50]","Student","Currently enrolled in school",15.5,28.0666666666667,0.5,1,1,1,1,1,1,1,1,1,1,0,0,0,0,0
"495","679",2021-07-06,"Rural","30-39y","Female",4,"(2,5]","Semiprofessional / professional","Some college or higher",3,0,1,0,0,0,0,0,0,0,0,0,0,0,0,0,0,0
"496","680",2021-07-07,"Rural","20-29y","Male",4,"(2,5]","Unemployed outside home","Secondary school",5.5,0.75,0,1,1,0,0,0,0,0,0,0,0,0,0,0,0,0
"497","682",2021-07-13,"Rural","10-19y","Female",5,"(2,5]","Student","Currently enrolled in school",10.5,1.10833333333333,4,1,1,1,1,1,0,0,0,0,0,1,1,0,0,0
"498","683",2021-07-13,"Rural","1-4y","Male",5,"(2,5]","Unemployed outside home","None",3.5,2.5,3.5,0,0,0,0,0,0,0,0,0,0,1,1,0,0,0
"499","684",2021-07-14,"Rural","30-39y","Female",6,"(5,50]","Unemployed outside home","Secondary school",12.5,8.60833333333333,0,1,1,1,1,1,1,1,0,0,0,0,0,0,0,0
"500","685",2021-07-06,"Rural","10-19y","Male",7,"(5,50]","Student","Currently enrolled in school",7.5,25.75,7.5,1,1,1,0,0,1,1,1,1,1,1,1,1,1,1
"501","686",2021-07-07,"Rural","1-4y","Female",8,"(5,50]","Unemployed outside home","None",2,2.5,2,0,0,0,0,0,0,0,0,0,0,0,0,0,0,0
"502","687",2021-07-07,"Rural","1-4y","Female",6,"(5,50]","Unemployed outside home","None",3,1.25,2,0,0,0,0,0,0,0,0,0,0,0,0,0,0,0
"503","689",2021-07-14,"Rural","10-19y","Female",4,"(2,5]","Student","Currently enrolled in school",18,25.0416666666667,12.5,1,1,1,1,1,1,1,1,1,1,1,1,1,1,1
"504","690",2021-06-29,"Urban","40-59y","Female",6,"(5,50]","Semiskilled / skilled labor",NA,0.5,0.375,0,0,0,0,0,0,0,0,0,0,0,0,0,0,0,0
"505","691",2021-06-29,"Urban","40-59y","Female",7,"(5,50]","Unemployed outside home","Secondary school",0,0,0,0,0,0,0,0,0,0,0,0,0,0,0,0,0,0
"506","694",2021-07-01,"Urban","10-19y","Female",6,"(5,50]","Student","Currently enrolled in school",6.5,17.3333333333333,6,1,1,0,0,0,1,1,1,1,0,1,1,1,1,0
"507","695",2021-07-07,"Urban","10-19y","Female",6,"(5,50]","Student","Currently enrolled in school",6,0.966666666666667,4,1,1,0,0,0,0,0,0,0,0,1,1,0,0,0
"508","697",2021-07-07,"Urban","10-19y","Female",8,"(5,50]","Student","Currently enrolled in school",8.5,13.5083333333333,8,1,1,1,1,0,1,1,1,1,0,1,1,1,1,1
"509","698",2021-07-08,"Urban","10-19y","Male",4,"(2,5]","Unemployed outside home","Secondary school",5.5,8.05,5,1,1,0,0,0,1,1,0,0,0,1,1,1,0,0
"510","699",2021-07-08,"Urban","10-19y","Female",3,"(2,5]","Student","Currently enrolled in school",2.5,5.375,2.5,0,0,0,0,0,0,1,0,0,0,0,0,0,0,0
"511","700",2021-07-12,"Urban","10-19y","Female",4,"(2,5]","Student","Currently enrolled in school",2.5,0.941666666666667,2,0,0,0,0,0,0,0,0,0,0,0,0,0,0,0
"512","701",2021-07-12,"Urban","10-19y","Female",4,"(2,5]","Student","Currently enrolled in school",3.5,13.6333333333333,3,0,0,0,0,0,1,1,1,1,0,1,1,0,0,0
"513","711",2021-07-14,"Urban","5-9y","Male",NA,NA,"Unemployed outside home","Currently enrolled in school",8.5,13.5,4.5,1,1,1,1,0,1,1,1,1,0,1,1,0,0,0
"514","727",2021-07-15,"Urban","40-59y","Female",7,"(5,50]","Unemployed outside home","Primary school",1,2.5,0,0,0,0,0,0,0,0,0,0,0,0,0,0,0,0
"515","728",2021-07-16,"Urban","40-59y","Female",10,"(5,50]","Unemployed outside home","Primary school",1.5,0.375,0.5,0,0,0,0,0,0,0,0,0,0,0,0,0,0,0
"516","734",2021-07-16,"Urban","60+y","Female",2,"[0,2]","Unemployed outside home","Primary school",0,0,0,0,0,0,0,0,0,0,0,0,0,0,0,0,0,0
"517","743",2021-07-06,"Urban","40-59y","Female",7,"(5,50]","Unemployed outside home","Primary school",1,0,0,0,0,0,0,0,0,0,0,0,0,0,0,0,0,0
"518","750",2021-07-13,"Urban","40-59y","Female",3,"(2,5]","Unemployed outside home","Primary school",1.5,0,1.5,0,0,0,0,0,0,0,0,0,0,0,0,0,0,0
"519","751",2021-07-14,"Urban","40-59y","Female",6,"(5,50]","Semiskilled / skilled labor","Primary school",2,0,1,0,0,0,0,0,0,0,0,0,0,0,0,0,0,0
"520","752",2021-07-15,"Urban","40-59y","Female",6,"(5,50]","Semiprofessional / professional","Currently enrolled in school",2.5,0.241666666666667,2.5,0,0,0,0,0,0,0,0,0,0,0,0,0,0,0
"521","753",2021-07-16,"Urban","40-59y","Female",3,"(2,5]","Semiskilled / skilled labor","Secondary school",3,0.0833333333333333,0.5,0,0,0,0,0,0,0,0,0,0,0,0,0,0,0
"522","754",2021-07-19,"Urban","40-59y","Male",1,"[0,2]","Unemployed outside home","Secondary school",NA,NA,NA,NA,NA,NA,NA,NA,NA,NA,NA,NA,NA,NA,NA,NA,NA,NA
"523","755",2021-07-20,"Rural","10-19y","Female",7,"(5,50]","Student","Currently enrolled in school",13,17.5,12.5,1,1,1,1,1,1,1,1,1,0,1,1,1,1,1
"524","765",2021-07-20,"Rural","1-4y","Female",5,"(2,5]","Unemployed outside home","None",9.5,12.3166666666667,5,1,1,1,1,0,1,1,1,1,0,1,1,1,0,0
"525","766",2021-07-20,"Urban","40-59y","Female",5,"(2,5]","Unemployed outside home","Currently enrolled in school",2,2.5,0,0,0,0,0,0,0,0,0,0,0,0,0,0,0,0
"526","767",2021-07-20,"Urban","40-59y","Male",3,"(2,5]","Semiskilled / skilled labor","Primary school",2.5,12,0,0,0,0,0,0,1,1,1,0,0,0,0,0,0,0
"527","771",2021-07-22,"Urban","60+y","Female",3,"(2,5]","Semiskilled / skilled labor","Primary school",2,6.375,0,0,0,0,0,0,1,1,0,0,0,0,0,0,0,0
"528","772",2021-07-16,"Urban","10-19y","Male",4,"(2,5]","Student","Currently enrolled in school",9.5,42.125,8,1,1,1,1,0,1,1,1,1,1,1,1,1,1,1
"529","791",2021-07-26,"Urban","60+y","Female",2,"[0,2]","Semiskilled / skilled labor","None",0,0,0,0,0,0,0,0,0,0,0,0,0,0,0,0,0,0
"530","801",2021-07-23,"Urban","40-59y","Female",6,"(5,50]","Semiskilled / skilled labor","Primary school",4,0,2,0,0,0,0,0,0,0,0,0,0,0,0,0,0,0
"531","802",2021-07-26,"Urban","20-29y","Male",1,"[0,2]","Semiskilled / skilled labor","Secondary school",4.5,0.183333333333333,2,0,1,0,0,0,0,0,0,0,0,0,0,0,0,0
"532","803",2021-07-27,"Urban","40-59y","Female",4,"(2,5]","Semiskilled / skilled labor","Primary school",3.5,0.408333333333333,2,0,0,0,0,0,0,0,0,0,0,0,0,0,0,0
"533","804",2021-07-27,"Urban","20-29y","Female",4,"(2,5]","Student","Currently enrolled in school",5.5,2.65833333333333,2.5,1,1,0,0,0,0,1,0,0,0,0,0,0,0,0
"534","813",2021-07-26,"Urban","40-59y","Female",9,"(5,50]","Semiskilled / skilled labor","Secondary school",4,0.816666666666667,1.5,0,0,0,0,0,0,0,0,0,0,0,0,0,0,0
"535","818",2021-08-04,"Rural","10-19y","Male",6,"(5,50]","Student","Currently enrolled in school",5.5,24.25,5.5,1,1,0,0,0,1,1,1,1,1,1,1,1,1,0
"536","819",2021-08-04,"Rural","10-19y","Female",7,"(5,50]","Student","Currently enrolled in school",4.5,10.5,0,0,1,0,0,0,1,1,1,0,0,0,0,0,0,0
"537","833",2021-08-04,"Rural","5-9y","Male",4,"(2,5]","Unemployed outside home","Currently enrolled in school",7.5,23.75,5,1,1,1,0,0,1,1,1,1,1,1,1,1,0,0
"538","836",2021-08-04,"Rural","5-9y","Male",5,"(2,5]","Unemployed outside home","Currently enrolled in school",6,0,6,1,1,0,0,0,0,0,0,0,0,1,1,1,1,0
"539","854",2021-08-03,"Rural","10-19y","Female",9,"(5,50]","Student","Currently enrolled in school",1,0.75,0,0,0,0,0,0,0,0,0,0,0,0,0,0,0,0
"540","858",2021-07-25,"Urban","40-59y","Male",8,"(5,50]","Semiskilled / skilled labor","Primary school",0,0,0,0,0,0,0,0,0,0,0,0,0,0,0,0,0,0
"541","859",2021-07-26,"Urban","40-59y","Female",3,"(2,5]","Unemployed outside home","Primary school",3.5,1.25,0,0,0,0,0,0,0,0,0,0,0,0,0,0,0,0
"542","861",2021-08-03,"Urban","60+y","Female",8,"(5,50]","Semiskilled / skilled labor","Primary school",2.5,1.125,0,0,0,0,0,0,0,0,0,0,0,0,0,0,0,0
"543","862",2021-08-03,"Urban","40-59y","Female",5,"(2,5]","Semiskilled / skilled labor","Currently enrolled in school",5.5,2,0,1,1,0,0,0,0,0,0,0,0,0,0,0,0,0
"544","863",2021-08-04,"Urban","60+y","Male",3,"(2,5]","Semiskilled / skilled labor","Currently enrolled in school",7,21.1916666666667,0,1,1,1,0,0,1,1,1,1,1,0,0,0,0,0
"545","864",2021-08-05,"Urban","40-59y","Male",2,"[0,2]","Semiskilled / skilled labor","None",4,7.5,0,0,0,0,0,0,1,1,0,0,0,0,0,0,0,0
"546","865",2021-08-06,"Rural","5-9y","Male",4,"(2,5]","Unemployed outside home","Currently enrolled in school",14,20.1916666666667,13,1,1,1,1,1,1,1,1,1,1,1,1,1,1,1
"547","886",2021-08-04,"Rural","5-9y","Male",6,"(5,50]","Unemployed outside home",NA,4.5,1.625,4.5,0,1,0,0,0,0,0,0,0,0,1,1,0,0,0
"548","887",2021-08-04,"Rural","1-4y","Female",15,"(5,50]","Unemployed outside home","None",0.5,0,0,0,0,0,0,0,0,0,0,0,0,0,0,0,0,0
"549","888",2021-08-04,"Rural","20-29y","Male",6,"(5,50]","Semiprofessional / professional","Secondary school",6,24.9416666666667,0.5,1,1,0,0,0,1,1,1,1,1,0,0,0,0,0
"550","893",2021-08-06,"Rural","10-19y","Male",7,"(5,50]","Student","Currently enrolled in school",0.5,0,0.5,0,0,0,0,0,0,0,0,0,0,0,0,0,0,0
"551","894",2021-08-01,"Urban","5-9y","Female",7,"(5,50]","Unemployed outside home","Currently enrolled in school",0.5,3,0.5,0,0,0,0,0,0,1,0,0,0,0,0,0,0,0
"552","895",2021-08-02,"Urban","5-9y","Female",6,"(5,50]","Unemployed outside home","Currently enrolled in school",0,0,0,0,0,0,0,0,0,0,0,0,0,0,0,0,0,0
"553","911",2021-08-06,"Rural","40-59y","Female",3,"(2,5]","Unemployed outside home","Primary school",6,2.44166666666667,3.5,1,1,0,0,0,0,0,0,0,0,1,1,0,0,0
"554","912",2021-08-10,"Rural","10-19y","Male",5,"(2,5]","Student","Currently enrolled in school",9.5,16.6916666666667,1.5,1,1,1,1,0,1,1,1,1,0,0,0,0,0,0
"555","913",2021-08-11,"Rural","10-19y","Female",7,"(5,50]","Student","Currently enrolled in school",4.5,10.3333333333333,1,0,1,0,0,0,1,1,1,0,0,0,0,0,0,0
"556","914",2021-08-12,"Rural","40-59y","Female",5,"(2,5]","Unemployed outside home","Primary school",20,0.583333333333333,12,1,1,1,1,1,0,0,0,0,0,1,1,1,1,1
"557","915",2021-08-13,"Rural","10-19y","Female",5,"(2,5]","Student","Currently enrolled in school",8.5,0.0833333333333333,5,1,1,1,1,0,0,0,0,0,0,1,1,1,0,0
"558","916",2021-08-13,"Rural","10-19y","Female",4,"(2,5]","Student","Currently enrolled in school",8,19.75,7.5,1,1,1,1,0,1,1,1,1,1,1,1,1,1,1
"559","917",2021-08-11,"Rural","10-19y","Female",6,"(5,50]","Student","Currently enrolled in school",14.5,8.95,8,1,1,1,1,1,1,1,0,0,0,1,1,1,1,1
"560","918",2021-08-12,"Rural","10-19y","Male",6,"(5,50]","Student","Currently enrolled in school",4.5,0.375,2.5,0,1,0,0,0,0,0,0,0,0,0,0,0,0,0
"561","919",2021-08-14,"Rural","40-59y","Female",5,"(2,5]","Semiprofessional / professional","Secondary school",17.5,16.7,1,1,1,1,1,1,1,1,1,1,0,0,0,0,0,0
"562","930",2021-08-17,"Rural","10-19y","Female",6,"(5,50]","Student","Currently enrolled in school",3,0,3,0,0,0,0,0,0,0,0,0,0,1,1,0,0,0
"563","931",2021-08-11,"Rural","10-19y","Male",6,"(5,50]","Student","Currently enrolled in school",12,0.566666666666667,9.5,1,1,1,1,1,0,0,0,0,0,1,1,1,1,1
"564","932",2021-08-11,"Rural","10-19y","Female",6,"(5,50]","Student","Currently enrolled in school",14.5,12.7166666666667,8,1,1,1,1,1,1,1,1,1,0,1,1,1,1,1
"565","934",2021-08-12,"Rural","5-9y","Male",4,"(2,5]","Unemployed outside home","Currently enrolled in school",7.5,0,7.5,1,1,1,0,0,0,0,0,0,0,1,1,1,1,1
"566","939",2021-08-16,"Rural","30-39y","Female",9,"(5,50]","Unemployed outside home","Primary school",22.5,14.075,2,1,1,1,1,1,1,1,1,1,0,0,0,0,0,0
"567","943",2021-08-18,"Rural","30-39y","Male",6,"(5,50]","Unemployed outside home","Primary school",4.5,21.1666666666667,3,0,1,0,0,0,1,1,1,1,1,1,1,0,0,0
"568","944",2021-08-18,"Rural","30-39y","Male",6,"(5,50]","Unemployed outside home","Primary school",5.5,4.76666666666667,0,1,1,0,0,0,0,1,0,0,0,0,0,0,0,0
"569","945",2021-08-18,"Rural","5-9y","Female",11,"(5,50]","Unemployed outside home",NA,7,10.375,4.5,1,1,1,0,0,1,1,1,0,0,1,1,0,0,0
"570","948",2021-08-04,"Urban","10-19y","Male",11,"(5,50]","Unemployed outside home","Primary school",3.5,4.31666666666667,2,0,0,0,0,0,0,1,0,0,0,0,0,0,0,0
"571","949",2021-08-04,"Urban","10-19y","Male",9,"(5,50]","Student","Currently enrolled in school",4,10.3333333333333,4,0,0,0,0,0,1,1,1,0,0,1,1,0,0,0
"572","950",2021-08-12,"Urban","10-19y","Male",4,"(2,5]","Student","Currently enrolled in school",9,21.875,8,1,1,1,1,0,1,1,1,1,1,1,1,1,1,1
"573","951",2021-08-16,"Urban","10-19y","Female",3,"(2,5]","Student","Currently enrolled in school",4.5,0,1.5,0,1,0,0,0,0,0,0,0,0,0,0,0,0,0
"574","952",2021-08-16,"Urban","10-19y","Female",8,"(5,50]","Student","Currently enrolled in school",7,4.96666666666667,2.5,1,1,1,0,0,0,1,0,0,0,0,0,0,0,0
"575","954",2021-08-19,"Rural","10-19y","Male",10,"(5,50]","Unemployed outside home","Primary school",5.5,13.25,5.5,1,1,0,0,0,1,1,1,1,0,1,1,1,1,0
"576","955",2021-08-20,"Rural","40-59y","Female",7,"(5,50]","Unemployed outside home","Primary school",6,0.25,1,1,1,0,0,0,0,0,0,0,0,0,0,0,0,0
"577","956",2021-08-06,"Rural","40-59y","Female",13,"(5,50]","Unemployed outside home","None",4.5,7.5,0,0,1,0,0,0,1,1,0,0,0,0,0,0,0,0
"578","957",2021-08-06,"Rural","40-59y","Female",10,"(5,50]","Unemployed outside home","None",6,20.75,1.5,1,1,0,0,0,1,1,1,1,1,0,0,0,0,0
"579","958",2021-08-19,"Rural","10-19y","Male",6,"(5,50]","Student","Currently enrolled in school",4,3.75,2.5,0,0,0,0,0,0,1,0,0,0,0,0,0,0,0
"580","959",2021-08-19,"Rural","40-59y","Female",5,"(2,5]","Unemployed outside home","Primary school",1,0.566666666666667,0,0,0,0,0,0,0,0,0,0,0,0,0,0,0,0
"581","960",2021-08-19,"Rural","10-19y","Female",6,"(5,50]","Student","Currently enrolled in school",7,23.4416666666667,6,1,1,1,0,0,1,1,1,1,1,1,1,1,1,0
"582","961",2021-08-19,"Rural","10-19y","Male",5,"(2,5]","Student","Currently enrolled in school",5.5,7.625,5.5,1,1,0,0,0,1,1,0,0,0,1,1,1,1,0
"583","962",2021-08-19,"Rural","10-19y","Female",5,"(2,5]","Student","Currently enrolled in school",7,14,5.5,1,1,1,0,0,1,1,1,1,0,1,1,1,1,0
"584","963",2021-08-23,"Rural","30-39y","Female",8,"(5,50]","Semiskilled / skilled labor","Primary school",1,0,0,0,0,0,0,0,0,0,0,0,0,0,0,0,0,0
"585","964",2021-08-23,"Rural","40-59y","Male",8,"(5,50]","Semiprofessional / professional","Secondary school",6.5,1.43333333333333,3,1,1,0,0,0,0,0,0,0,0,1,1,0,0,0
"586","982",2021-08-25,"Rural","20-29y","Female",7,"(5,50]","Unemployed outside home","Primary school",4,3.44166666666667,4,0,0,0,0,0,0,1,0,0,0,1,1,0,0,0
"587","983",2021-08-25,"Rural","20-29y","Female",7,"(5,50]","Semiskilled / skilled labor","Primary school",4,5.575,4,0,0,0,0,0,0,1,0,0,0,1,1,0,0,0
"588","988",2021-08-25,"Rural","30-39y","Male",2,"[0,2]","Semiskilled / skilled labor","None",6.5,25.875,0,1,1,0,0,0,1,1,1,1,1,0,0,0,0,0
"589","1009",2021-08-27,"Rural","40-59y","Female",5,"(2,5]","Semiskilled / skilled labor","Primary school",14,1.04166666666667,10,1,1,1,1,1,0,0,0,0,0,1,1,1,1,1
"590","1010",2021-08-27,"Rural","30-39y","Male",9,"(5,50]","Semiskilled / skilled labor","Primary school",4,0.916666666666667,2,0,0,0,0,0,0,0,0,0,0,0,0,0,0,0
"591","1011",2021-08-27,"Rural","30-39y","Female",4,"(2,5]","Semiskilled / skilled labor","None",5.5,9.40833333333333,1,1,1,0,0,0,1,1,0,0,0,0,0,0,0,0
"592","1012",2021-08-24,"Rural","30-39y","Female",4,"(2,5]","Unemployed outside home","Secondary school",5.5,0,0,1,1,0,0,0,0,0,0,0,0,0,0,0,0,0
"593","1013",2021-08-24,"Rural","30-39y","Male",4,"(2,5]","Semiprofessional / professional","Secondary school",4.5,1.075,0,0,1,0,0,0,0,0,0,0,0,0,0,0,0,0
"594","1014",2021-08-27,"Rural","40-59y","Female",4,"(2,5]","Semiskilled / skilled labor","Primary school",4,0.666666666666667,0,0,0,0,0,0,0,0,0,0,0,0,0,0,0,0
"595","1015",2021-08-27,"Rural","30-39y","Male",9,"(5,50]","Unemployed outside home","Secondary school",2,12,2,0,0,0,0,0,1,1,1,0,0,0,0,0,0,0
"596","1016",2021-08-27,"Rural","40-59y","Female",3,"(2,5]","Semiprofessional / professional","None",3,6.08333333333333,2.5,0,0,0,0,0,0,1,0,0,0,0,0,0,0,0
"597","1021",2021-08-28,"Rural","40-59y","Female",3,"(2,5]","Semiprofessional / professional","Secondary school",0.5,0,0,0,0,0,0,0,0,0,0,0,0,0,0,0,0,0
"598","1022",2021-08-28,"Rural","40-59y","Female",5,"(2,5]","Unemployed outside home","None",2,0,1,0,0,0,0,0,0,0,0,0,0,0,0,0,0,0
"599","1023",2021-08-28,"Rural","30-39y","Female",1,"[0,2]","Unemployed outside home","Secondary school",5,0.333333333333333,1,1,1,0,0,0,0,0,0,0,0,0,0,0,0,0
"600","1024",2021-08-28,"Rural","30-39y","Female",3,"(2,5]","Unemployed outside home","Currently enrolled in school",0.5,0,0,0,0,0,0,0,0,0,0,0,0,0,0,0,0,0
"601","1029",2021-08-29,"Urban","40-59y","Female",6,"(5,50]","Semiskilled / skilled labor","Currently enrolled in school",2,0.108333333333333,0,0,0,0,0,0,0,0,0,0,0,0,0,0,0,0
"602","1042",2021-08-30,"Rural","40-59y","Female",6,"(5,50]","Semiskilled / skilled labor","Primary school",3,0,1,0,0,0,0,0,0,0,0,0,0,0,0,0,0,0
"603","1043",2021-08-31,"Rural","60+y","Male",2,"[0,2]","Unemployed outside home","None",2,0,0.5,0,0,0,0,0,0,0,0,0,0,0,0,0,0,0
"604","1044",2021-09-01,"Rural","10-19y","Male",3,"(2,5]","Student","Currently enrolled in school",13,1.75,2.5,1,1,1,1,1,0,0,0,0,0,0,0,0,0,0
"605","1045",2021-09-02,"Rural","10-19y","Male",5,"(2,5]","Student","Currently enrolled in school",1.5,3,1.5,0,0,0,0,0,0,1,0,0,0,0,0,0,0,0
"606","1046",2021-09-02,"Rural","10-19y","Male",5,"(2,5]","Student","Currently enrolled in school",1,0,1,0,0,0,0,0,0,0,0,0,0,0,0,0,0,0
"607","1047",2021-09-02,"Rural","10-19y","Male",5,"(2,5]","Student","Currently enrolled in school",6.5,18,0,1,1,0,0,0,1,1,1,1,0,0,0,0,0,0
"608","1053",2021-09-01,"Rural","40-59y","Female",4,"(2,5]","Unemployed outside home","Primary school",6,0.166666666666667,3,1,1,0,0,0,0,0,0,0,0,1,1,0,0,0
"609","1054",2021-09-03,"Rural","60+y","Female",3,"(2,5]","Unemployed outside home","None",1,0,0,0,0,0,0,0,0,0,0,0,0,0,0,0,0,0
"610","1055",2021-08-30,"Rural","40-59y","Female",7,"(5,50]","Semiskilled / skilled labor","Primary school",4,0,1.5,0,0,0,0,0,0,0,0,0,0,0,0,0,0,0
"611","1056",2021-08-31,"Rural","5-9y","Male",6,"(5,50]","Unemployed outside home",NA,10,11.3666666666667,10,1,1,1,1,0,1,1,1,0,0,1,1,1,1,1
"612","1057",2021-09-01,"Rural","10-19y","Male",5,"(2,5]","Student","Currently enrolled in school",6.5,22.125,5.5,1,1,0,0,0,1,1,1,1,1,1,1,1,1,0
"613","1058",2021-09-01,"Rural","60+y","Female",3,"(2,5]","Unemployed outside home","None",8,9.5,2,1,1,1,1,0,1,1,0,0,0,0,0,0,0,0
"614","1059",2021-09-01,"Rural","10-19y","Female",4,"(2,5]","Student","Currently enrolled in school",7,4.48333333333333,1.5,1,1,1,0,0,0,1,0,0,0,0,0,0,0,0
"615","1071",2021-08-31,"Rural","5-9y","Male",4,"(2,5]","Unemployed outside home","Currently enrolled in school",3.5,6.375,3.5,0,0,0,0,0,1,1,0,0,0,1,1,0,0,0
"616","1072",2021-09-01,"Rural","10-19y","Female",5,"(2,5]","Unemployed outside home","Currently enrolled in school",2.5,6.25,2.5,0,0,0,0,0,0,1,0,0,0,0,0,0,0,0
"617","1073",2021-09-04,"Rural","10-19y","Male",7,"(5,50]","Student","Currently enrolled in school",1.5,1.25,1,0,0,0,0,0,0,0,0,0,0,0,0,0,0,0
"618","1074",2021-08-27,"Rural","30-39y","Female",5,"(2,5]","Unemployed outside home","None",4,11.3833333333333,1,0,0,0,0,0,1,1,1,0,0,0,0,0,0,0
"619","1075",2021-08-27,"Rural","60+y","Female",4,"(2,5]","Unemployed outside home","None",3,0.5,0,0,0,0,0,0,0,0,0,0,0,0,0,0,0,0
"620","1076",2021-08-27,"Rural","30-39y","Female",7,"(5,50]","Unemployed outside home","Primary school",5,7.50833333333333,1.5,1,1,0,0,0,1,1,0,0,0,0,0,0,0,0
"621","1077",2021-08-28,"Rural","30-39y","Male",5,"(2,5]","Semiskilled / skilled labor","Primary school",3.5,7.25,1,0,0,0,0,0,1,1,0,0,0,0,0,0,0,0
"622","1078",2021-08-28,"Rural","40-59y","Female",7,"(5,50]","Unemployed outside home","Primary school",7,0,0,1,1,1,0,0,0,0,0,0,0,0,0,0,0,0
"623","1079",2021-08-28,"Rural","40-59y","Male",7,"(5,50]","Unemployed outside home","Currently enrolled in school",6,18.575,5,1,1,0,0,0,1,1,1,1,1,1,1,1,0,0
"624","1080",2021-08-30,"Rural","40-59y","Male",2,"[0,2]","Unemployed outside home","Primary school",6,12.5,0,1,1,0,0,0,1,1,1,1,0,0,0,0,0,0
"625","1081",2021-08-30,"Rural","40-59y","Female",2,"[0,2]","Unemployed outside home","Primary school",5,0,0,1,1,0,0,0,0,0,0,0,0,0,0,0,0,0
"626","1082",2021-08-30,"Rural","40-59y","Female",5,"(2,5]","Unemployed outside home","Primary school",1,0,0,0,0,0,0,0,0,0,0,0,0,0,0,0,0,0
"627","1083",2021-08-30,"Rural","40-59y","Female",4,"(2,5]","Unemployed outside home","Currently enrolled in school",2.5,13.25,1,0,0,0,0,0,1,1,1,1,0,0,0,0,0,0
"628","1084",2021-08-31,"Rural","10-19y","Male",4,"(2,5]","Student","Currently enrolled in school",5,30,3,1,1,0,0,0,1,1,1,1,1,1,1,0,0,0
"629","1086",2021-09-05,"Urban","60+y","Male",10,"(5,50]","Semiprofessional / professional","Secondary school",4,17,4,0,0,0,0,0,1,1,1,1,0,1,1,0,0,0
"630","1087",2021-09-08,"Rural","10-19y","Male",6,"(5,50]","Student","Currently enrolled in school",9,19.2083333333333,1.5,1,1,1,1,0,1,1,1,1,1,0,0,0,0,0
"631","1088",2021-09-08,"Rural","10-19y","Female",4,"(2,5]","Student","Currently enrolled in school",6,8,3,1,1,0,0,0,1,1,0,0,0,1,1,0,0,0
"632","1098",2021-09-08,"Rural","30-39y","Female",4,"(2,5]","Unemployed outside home","Primary school",7,3.325,1,1,1,1,0,0,0,1,0,0,0,0,0,0,0,0
"633","1099",2021-09-08,"Rural","60+y","Female",9,"(5,50]","Semiskilled / skilled labor","None",3,0,0,0,0,0,0,0,0,0,0,0,0,0,0,0,0,0
"634","1100",2021-09-08,"Rural","60+y","Male",4,"(2,5]","Semiskilled / skilled labor","Primary school",1,0,0,0,0,0,0,0,0,0,0,0,0,0,0,0,0,0
"635","1101",2021-09-08,"Rural","60+y","Male",1,"[0,2]","Unemployed outside home","None",4.5,4.31666666666667,1,0,1,0,0,0,0,1,0,0,0,0,0,0,0,0
"636","1102",2021-09-09,"Rural","10-19y","Female",5,"(2,5]","Student","Currently enrolled in school",10.5,8.08333333333333,6,1,1,1,1,1,1,1,0,0,0,1,1,1,1,0
"637","1103",2021-09-09,"Rural","60+y","Female",7,"(5,50]","Unemployed outside home","Primary school",5.5,10.5,0.5,1,1,0,0,0,1,1,1,0,0,0,0,0,0,0
"638","1104",2021-09-10,"Rural","10-19y","Female",7,"(5,50]","Student","Currently enrolled in school",8,6.19166666666667,6,1,1,1,1,0,0,1,0,0,0,1,1,1,1,0
"639","1105",2021-09-09,"Rural","5-9y","Male",4,"(2,5]","Unemployed outside home","Currently enrolled in school",8.5,6.25,3.5,1,1,1,1,0,0,1,0,0,0,1,1,0,0,0
"640","1106",2021-09-10,"Rural","60+y","Female",2,"[0,2]","Semiskilled / skilled labor","None",4,1.88333333333333,1,0,0,0,0,0,0,0,0,0,0,0,0,0,0,0
"641","1107",2021-09-10,"Rural","60+y","Female",10,"(5,50]","Semiskilled / skilled labor","Primary school",10,30.3166666666667,3.5,1,1,1,1,0,1,1,1,1,1,1,1,0,0,0
"642","1108",2021-09-01,"Urban","40-59y","Female",8,"(5,50]","Unemployed outside home","Currently enrolled in school",0,0,0,0,0,0,0,0,0,0,0,0,0,0,0,0,0,0
"643","1112",2021-09-09,"Urban","30-39y","Female",15,"(5,50]","Semiskilled / skilled labor","Primary school",0,0,0,0,0,0,0,0,0,0,0,0,0,0,0,0,0,0
"644","1113",2021-09-09,"Urban","40-59y","Female",9,"(5,50]","Semiskilled / skilled labor","Primary school",2,5,1,0,0,0,0,0,0,1,0,0,0,0,0,0,0,0
"645","1114",2021-09-10,"Urban","30-39y","Female",5,"(2,5]","Semiskilled / skilled labor","Secondary school",2,0.566666666666667,0,0,0,0,0,0,0,0,0,0,0,0,0,0,0,0
"646","1120",2021-08-25,"Urban","10-19y","Male",9,"(5,50]","Student","Currently enrolled in school",10,26.3833333333333,8,1,1,1,1,0,1,1,1,1,1,1,1,1,1,1
"647","1127",2021-09-01,"Urban","10-19y","Male",5,"(2,5]","Student","Currently enrolled in school",7.5,5.95833333333333,7,1,1,1,0,0,0,1,0,0,0,1,1,1,1,1
"648","1128",2021-09-02,"Urban","10-19y","Male",12,"(5,50]","Student","Currently enrolled in school",8,28.5666666666667,7,1,1,1,1,0,1,1,1,1,1,1,1,1,1,1
"649","1133",2021-09-13,"Urban","10-19y","Female",10,"(5,50]","Student","Currently enrolled in school",6,7.2,4.5,1,1,0,0,0,1,1,0,0,0,1,1,0,0,0
"650","1134",2021-09-13,"Urban","10-19y","Female",2,"[0,2]","Unemployed outside home","None",3,0.633333333333333,2.5,0,0,0,0,0,0,0,0,0,0,0,0,0,0,0
"651","1135",2021-09-02,"Urban","40-59y","Female",9,"(5,50]","Semiskilled / skilled labor","Primary school",0,0,0,0,0,0,0,0,0,0,0,0,0,0,0,0,0,0
"652","1136",2021-09-05,"Urban","40-59y","Male",3,"(2,5]","Unemployed outside home","Secondary school",0.5,1.25,0.5,0,0,0,0,0,0,0,0,0,0,0,0,0,0,0
"653","1139",2021-09-13,"Urban","40-59y","Male",6,"(5,50]","Semiskilled / skilled labor","Primary school",1.5,0.075,0,0,0,0,0,0,0,0,0,0,0,0,0,0,0,0
"654","1152",2021-09-14,"Rural","20-29y","Female",8,"(5,50]","Student","Secondary school",11.5,5.8,5.5,1,1,1,1,1,0,1,0,0,0,1,1,1,1,0
"655","1153",2021-09-15,"Rural","20-29y","Female",2,"[0,2]","Unemployed outside home","Primary school",8.5,7.05833333333333,0,1,1,1,1,0,1,1,0,0,0,0,0,0,0,0
"656","1154",2021-09-14,"Rural","40-59y","Female",3,"(2,5]","Semiskilled / skilled labor","Primary school",12,16.75,2,1,1,1,1,1,1,1,1,1,0,0,0,0,0,0
"657","1155",2021-09-14,"Rural","40-59y","Female",12,"(5,50]","Semiskilled / skilled labor","Currently enrolled in school",10,22.625,0.5,1,1,1,1,0,1,1,1,1,1,0,0,0,0,0
"658","1156",2021-09-15,"Rural","10-19y","Female",4,"(2,5]","Student","Currently enrolled in school",10,2.09166666666667,10,1,1,1,1,0,0,0,0,0,0,1,1,1,1,1
"659","1157",2021-09-13,"Rural","5-9y","Female",3,"(2,5]","Unemployed outside home","Currently enrolled in school",6,5.19166666666667,4.5,1,1,0,0,0,0,1,0,0,0,1,1,0,0,0
"660","1158",2021-09-17,"Rural","5-9y","Male",6,"(5,50]","Unemployed outside home","Currently enrolled in school",3,2.5,3,0,0,0,0,0,0,0,0,0,0,1,1,0,0,0
"661","1164",2021-09-16,"Rural","5-9y","Male",6,"(5,50]","Unemployed outside home",NA,4,10,4,0,0,0,0,0,1,1,1,0,0,1,1,0,0,0
"662","1165",2021-09-16,"Rural","60+y","Male",2,"[0,2]","Unemployed outside home","Primary school",5.5,0.416666666666667,0.5,1,1,0,0,0,0,0,0,0,0,0,0,0,0,0
"663","1166",2021-09-18,"Rural","5-9y","Female",7,"(5,50]","Unemployed outside home",NA,1,6,0,0,0,0,0,0,0,1,0,0,0,0,0,0,0,0
"664","1167",2021-09-21,"Rural","30-39y","Female",3,"(2,5]","Semiskilled / skilled labor","Primary school",6,22.7583333333333,1,1,1,0,0,0,1,1,1,1,1,0,0,0,0,0
"665","1170",2021-09-21,"Rural","5-9y","Male",8,"(5,50]","Unemployed outside home",NA,26,12.2916666666667,11.5,1,1,1,1,1,1,1,1,1,0,1,1,1,1,1
"666","1171",2021-09-21,"Rural","30-39y","Female",4,"(2,5]","Unemployed outside home","Primary school",8.5,4.73333333333333,5.5,1,1,1,1,0,0,1,0,0,0,1,1,1,1,0
"667","1172",2021-09-22,"Rural","5-9y","Female",4,"(2,5]","Unemployed outside home","Currently enrolled in school",3.5,6.63333333333333,2.5,0,0,0,0,0,1,1,0,0,0,0,0,0,0,0
"668","1173",2021-09-23,"Rural","5-9y","Male",4,"(2,5]","Unemployed outside home",NA,6,6.25,6,1,1,0,0,0,0,1,0,0,0,1,1,1,1,0
"669","1174",2021-09-22,"Rural","40-59y","Female",3,"(2,5]","Semiskilled / skilled labor","Primary school",3,0,0,0,0,0,0,0,0,0,0,0,0,0,0,0,0,0
"670","1175",2021-09-24,"Rural","30-39y","Male",6,"(5,50]","Semiprofessional / professional","Currently enrolled in school",1.5,2.58333333333333,0.5,0,0,0,0,0,0,1,0,0,0,0,0,0,0,0
"671","1176",2021-09-22,"Rural","5-9y","Male",4,"(2,5]","Unemployed outside home","Currently enrolled in school",11,17.6583333333333,6.5,1,1,1,1,1,1,1,1,1,0,1,1,1,1,0
"672","1177",2021-09-23,"Rural","40-59y","Female",3,"(2,5]","Unemployed outside home","None",10.5,6.49166666666667,5,1,1,1,1,1,1,1,0,0,0,1,1,1,0,0
"673","1178",2021-09-23,"Rural","30-39y","Female",5,"(2,5]","Unemployed outside home","Primary school",4.5,6.75,0.5,0,1,0,0,0,1,1,0,0,0,0,0,0,0,0
"674","1179",2021-09-27,"Rural","40-59y","Female",6,"(5,50]","Unemployed outside home","Primary school",7,4.96666666666667,1.5,1,1,1,0,0,0,1,0,0,0,0,0,0,0,0
"675","1185",2021-09-13,"Urban","40-59y","Male",7,"(5,50]","Semiskilled / skilled labor","Currently enrolled in school",1.5,0,0,0,0,0,0,0,0,0,0,0,0,0,0,0,0,0
"676","1186",2021-09-14,"Urban","60+y","Female",4,"(2,5]","Semiskilled / skilled labor","Primary school",1.5,1.625,0,0,0,0,0,0,0,0,0,0,0,0,0,0,0,0
"677","1187",2021-09-14,"Urban","30-39y","Female",7,"(5,50]","Unemployed outside home","Currently enrolled in school",0,0,0,0,0,0,0,0,0,0,0,0,0,0,0,0,0,0
"678","1197",2021-09-17,"Urban","30-39y","Male",7,"(5,50]","Semiskilled / skilled labor","Secondary school",5.5,0,3,1,1,0,0,0,0,0,0,0,0,1,1,0,0,0
"679","1198",2021-09-22,"Urban","30-39y","Female",6,"(5,50]","Semiskilled / skilled labor","Primary school",5,9.75,0,1,1,0,0,0,1,1,1,0,0,0,0,0,0,0
"680","1213",2021-09-28,"Rural","20-29y","Male",1,"[0,2]","Semiprofessional / professional","Secondary school",10,13,3,1,1,1,1,0,1,1,1,1,0,1,1,0,0,0
"681","1214",2021-09-27,"Rural","60+y","Female",2,"[0,2]","Semiskilled / skilled labor","None",1,0.166666666666667,0,0,0,0,0,0,0,0,0,0,0,0,0,0,0,0
"682","1215",2021-09-28,"Rural","60+y","Female",3,"(2,5]","Semiskilled / skilled labor","Primary school",1.5,0.65,0.5,0,0,0,0,0,0,0,0,0,0,0,0,0,0,0
"683","1216",2021-09-28,"Rural","5-9y","Female",4,"(2,5]","Unemployed outside home","Currently enrolled in school",6.5,0,6.5,1,1,0,0,0,0,0,0,0,0,1,1,1,1,0
"684","1217",2021-09-29,"Rural","20-29y","Female",3,"(2,5]","Semiprofessional / professional","Secondary school",7,10.7333333333333,0,1,1,1,0,0,1,1,1,0,0,0,0,0,0,0
"685","1218",2021-09-29,"Rural","20-29y","Female",7,"(5,50]","Semiskilled / skilled labor","Secondary school",2.5,0.383333333333333,0.5,0,0,0,0,0,0,0,0,0,0,0,0,0,0,0
"686","1230",2021-09-28,"Rural","40-59y","Female",2,"[0,2]","Unemployed outside home","None",12.5,6.5,2.5,1,1,1,1,1,1,1,0,0,0,0,0,0,0,0
"687","1231",2021-09-28,"Rural","5-9y","Female",4,"(2,5]","Unemployed outside home","Currently enrolled in school",6,0,6,1,1,0,0,0,0,0,0,0,0,1,1,1,1,0
"688","1232",2021-10-01,"Rural","60+y","Female",1,"[0,2]","Unemployed outside home","None",3.5,0.541666666666667,0,0,0,0,0,0,0,0,0,0,0,0,0,0,0,0
"689","1233",2021-10-01,"Rural","5-9y","Male",5,"(2,5]","Unemployed outside home","Currently enrolled in school",9.5,14,9.5,1,1,1,1,0,1,1,1,1,0,1,1,1,1,1
"690","1234",2021-10-01,"Rural","10-19y","Female",4,"(2,5]","Student","Currently enrolled in school",5.5,5,5.5,1,1,0,0,0,0,1,0,0,0,1,1,1,1,0
"691","1241",2021-10-01,"Rural","10-19y","Male",8,"(5,50]","Unemployed outside home","Primary school",1,0.0833333333333333,0,0,0,0,0,0,0,0,0,0,0,0,0,0,0,0
"692","1242",2021-10-06,"Rural","10-19y","Male",5,"(2,5]","Student","Currently enrolled in school",3.5,1.70833333333333,0.5,0,0,0,0,0,0,0,0,0,0,0,0,0,0,0
"693","1243",2021-10-07,"Rural","10-19y","Male",10,"(5,50]","Student","Currently enrolled in school",5.5,3.75,5.5,1,1,0,0,0,0,1,0,0,0,1,1,1,1,0
"694","1244",2021-10-07,"Rural","60+y","Female",1,"[0,2]","Semiskilled / skilled labor","None",2,0.758333333333333,0,0,0,0,0,0,0,0,0,0,0,0,0,0,0,0
"695","1245",2021-10-07,"Rural","10-19y","Female",2,"[0,2]","Student","Currently enrolled in school",12.5,25.625,12,1,1,1,1,1,1,1,1,1,1,1,1,1,1,1
"696","1246",2021-10-07,"Rural","20-29y","Female",3,"(2,5]","Unemployed outside home","Secondary school",10,0.725,3,1,1,1,1,0,0,0,0,0,0,1,1,0,0,0
"697","1247",2021-09-22,"Urban","10-19y","Female",5,"(2,5]","Student","Currently enrolled in school",7.5,4.71666666666667,4.5,1,1,1,0,0,0,1,0,0,0,1,1,0,0,0
"698","1248",2021-09-22,"Urban","10-19y","Female",4,"(2,5]","Student","Currently enrolled in school",6,0,6,1,1,0,0,0,0,0,0,0,0,1,1,1,1,0
"699","1275",2021-10-27,"Urban","40-59y","Female",3,"(2,5]","Semiskilled / skilled labor","Primary school",0.5,0.025,0.5,0,0,0,0,0,0,0,0,0,0,0,0,0,0,0
"700","1276",2021-09-22,"Urban","20-29y","Female",5,"(2,5]","Student","Currently enrolled in school",4,5,4,0,0,0,0,0,0,1,0,0,0,1,1,0,0,0
"701","1280",2021-09-29,"Urban","40-59y","Male",7,"(5,50]","Semiskilled / skilled labor","Secondary school",3,3.25,2,0,0,0,0,0,0,1,0,0,0,0,0,0,0,0
"702","1281",2021-10-09,"Urban","20-29y","Male",1,"[0,2]","Semiprofessional / professional","Some college or higher",6.5,3.35,2.5,1,1,0,0,0,0,1,0,0,0,0,0,0,0,0
"703","1282",2021-10-09,"Urban","20-29y","Male",5,"(2,5]","Semiskilled / skilled labor","Secondary school",3.5,10.5,2.5,0,0,0,0,0,1,1,1,0,0,0,0,0,0,0
"704","1286",2021-09-29,"Rural","5-9y","Male",5,"(2,5]","Unemployed outside home","Currently enrolled in school",12,0.191666666666667,11,1,1,1,1,1,0,0,0,0,0,1,1,1,1,1
"705","1287",2021-10-01,"Rural","5-9y","Male",4,"(2,5]","Unemployed outside home","Currently enrolled in school",9,10.25,3,1,1,1,1,0,1,1,1,0,0,1,1,0,0,0
"706","1296",2021-10-08,"Rural","5-9y","Male",5,"(2,5]","Unemployed outside home","Currently enrolled in school",7.5,0.766666666666667,6.5,1,1,1,0,0,0,0,0,0,0,1,1,1,1,0
"707","1301",2021-10-09,"Urban","1-4y","Male",6,"(5,50]","Unemployed outside home","None",0,0,0,0,0,0,0,0,0,0,0,0,0,0,0,0,0,0
"708","1306",2021-10-12,"Rural","10-19y","Male",11,"(5,50]","Student","Currently enrolled in school",4.5,5.76666666666667,2,0,1,0,0,0,0,1,0,0,0,0,0,0,0,0
"709","1307",2021-10-12,"Rural","40-59y","Female",3,"(2,5]","Unemployed outside home","Primary school",2,0,0,0,0,0,0,0,0,0,0,0,0,0,0,0,0,0
"710","1308",2021-10-13,"Rural","30-39y","Male",9,"(5,50]","Unemployed outside home","Secondary school",4.5,15.9416666666667,0,0,1,0,0,0,1,1,1,1,0,0,0,0,0,0
"711","1309",2021-10-13,"Rural","30-39y","Male",2,"[0,2]","Semiskilled / skilled labor","Primary school",7.5,0.191666666666667,7,1,1,1,0,0,0,0,0,0,0,1,1,1,1,1
"712","1310",2021-10-11,"Rural","60+y","Male",1,"[0,2]","Unemployed outside home","Primary school",2,0,0,0,0,0,0,0,0,0,0,0,0,0,0,0,0,0
"713","1311",2021-10-12,"Rural","60+y","Female",2,"[0,2]","Unemployed outside home","None",9,0,2,1,1,1,1,0,0,0,0,0,0,0,0,0,0,0
"714","1312",2021-10-12,"Rural","5-9y","Male",7,"(5,50]","Unemployed outside home",NA,7.5,10.75,2.5,1,1,1,0,0,1,1,1,0,0,0,0,0,0,0
"715","1317",2021-10-13,"Urban","40-59y","Male",1,"[0,2]","Semiprofessional / professional","Primary school",4,5.75,0,0,0,0,0,0,0,1,0,0,0,0,0,0,0,0
"716","1318",2021-10-14,"Rural","5-9y","Female",7,"(5,50]","Unemployed outside home",NA,8,9.20833333333333,6,1,1,1,1,0,1,1,0,0,0,1,1,1,1,0
"717","1319",2021-10-15,"Rural","20-29y","Male",3,"(2,5]","Unemployed outside home","Secondary school",10,11.95,5,1,1,1,1,0,1,1,1,0,0,1,1,1,0,0
"718","1320",2021-10-15,"Rural","10-19y","Male",6,"(5,50]","Student","Currently enrolled in school",7,3.14166666666667,4.5,1,1,1,0,0,0,1,0,0,0,1,1,0,0,0
"719","1321",2021-10-11,"Rural","20-29y","Female",2,"[0,2]","Semiskilled / skilled labor","Secondary school",10,32.65,6.5,1,1,1,1,0,1,1,1,1,1,1,1,1,1,0
"720","1322",2021-10-12,"Rural","20-29y","Male",1,"[0,2]","Semiskilled / skilled labor","Primary school",10,31.875,4,1,1,1,1,0,1,1,1,1,1,1,1,0,0,0
"721","1328",2021-10-12,"Urban","20-29y","Male",6,"(5,50]","Student","Currently enrolled in school",5,6.125,4,1,1,0,0,0,0,1,0,0,0,1,1,0,0,0
"722","1336",2021-10-15,"Rural","60+y","Male",3,"(2,5]","Semiskilled / skilled labor","Primary school",7,0,0,1,1,1,0,0,0,0,0,0,0,0,0,0,0,0
"723","1337",2021-10-15,"Rural","10-19y","Male",5,"(2,5]","Student","Currently enrolled in school",13,22.9833333333333,8,1,1,1,1,1,1,1,1,1,1,1,1,1,1,1
"724","1338",2021-10-15,"Rural","40-59y","Female",3,"(2,5]","Semiskilled / skilled labor","None",19.5,8.65,5.5,1,1,1,1,1,1,1,0,0,0,1,1,1,1,0
"725","1340",2021-10-16,"Urban","5-9y","Female",6,"(5,50]","Unemployed outside home",NA,1,6,1,0,0,0,0,0,0,1,0,0,0,0,0,0,0,0
"726","1341",2021-10-16,"Urban","5-9y","Male",5,"(2,5]","Unemployed outside home","Currently enrolled in school",0,0,0,0,0,0,0,0,0,0,0,0,0,0,0,0,0,0
"727","1342",2021-10-14,"Urban","40-59y","Male",1,"[0,2]","Semiskilled / skilled labor","Primary school",2.5,1.125,1,0,0,0,0,0,0,0,0,0,0,0,0,0,0,0
"728","1348",2021-10-16,"Urban","30-39y","Male",2,"[0,2]","Semiprofessional / professional","Some college or higher",7.5,13.3666666666667,3.5,1,1,1,0,0,1,1,1,1,0,1,1,0,0,0
"729","1354",2021-10-13,"Rural","30-39y","Female",5,"(2,5]","Unemployed outside home","Secondary school",1.5,0,0,0,0,0,0,0,0,0,0,0,0,0,0,0,0,0
"730","1355",2021-10-13,"Rural","30-39y","Male",2,"[0,2]","Semiprofessional / professional","Secondary school",6.5,19.35,1.5,1,1,0,0,0,1,1,1,1,1,0,0,0,0,0
"731","1356",2021-10-14,"Rural","40-59y","Female",5,"(2,5]","Unemployed outside home","Primary school",0,0,0,0,0,0,0,0,0,0,0,0,0,0,0,0,0,0
"732","1363",2021-10-15,"Rural","40-59y","Female",6,"(5,50]","Unemployed outside home","Primary school",5.5,4.00833333333333,0.5,1,1,0,0,0,0,1,0,0,0,0,0,0,0,0
"733","1364",2021-10-07,"Urban","10-19y","Female",3,"(2,5]","Student","Currently enrolled in school",8.5,31.375,8,1,1,1,1,0,1,1,1,1,1,1,1,1,1,1
"734","1365",2021-10-16,"Urban","10-19y","Female",6,"(5,50]","Student","Currently enrolled in school",7,9.85833333333333,4,1,1,1,0,0,1,1,1,0,0,1,1,0,0,0
"735","1372",2021-10-20,"Rural","60+y","Female",5,"(2,5]","Semiskilled / skilled labor","None",3.5,24,3.5,0,0,0,0,0,1,1,1,1,1,1,1,0,0,0
"736","1373",2021-10-21,"Rural","5-9y","Male",5,"(2,5]","Unemployed outside home","Currently enrolled in school",10,10.5,5.5,1,1,1,1,0,1,1,1,0,0,1,1,1,1,0
"737","1392",2021-10-19,"Rural","60+y","Female",4,"(2,5]","Semiskilled / skilled labor","Primary school",6,2.375,1.5,1,1,0,0,0,0,0,0,0,0,0,0,0,0,0
"738","1393",2021-10-20,"Rural","40-59y","Male",2,"[0,2]","Semiskilled / skilled labor","Secondary school",10.5,18.6666666666667,0,1,1,1,1,1,1,1,1,1,1,0,0,0,0,0
"739","1394",2021-10-20,"Rural","60+y","Female",1,"[0,2]","Unemployed outside home","None",6.5,0,3,1,1,0,0,0,0,0,0,0,0,1,1,0,0,0
"740","1395",2021-10-27,"Rural","30-39y","Male",3,"(2,5]","Semiskilled / skilled labor","Secondary school",4.5,0,0,0,1,0,0,0,0,0,0,0,0,0,0,0,0,0
"741","1396",2021-10-27,"Rural","20-29y","Male",1,"[0,2]","Semiskilled / skilled labor","Secondary school",8,17.1166666666667,2.5,1,1,1,1,0,1,1,1,1,0,0,0,0,0,0
"742","1397",2021-10-27,"Rural","30-39y","Male",7,"(5,50]","Semiskilled / skilled labor","Primary school",3,4.58333333333333,2,0,0,0,0,0,0,1,0,0,0,0,0,0,0,0
"743","1403",2021-10-28,"Rural","20-29y","Male",1,"[0,2]","Semiprofessional / professional","Currently enrolled in school",2,0.0833333333333333,1,0,0,0,0,0,0,0,0,0,0,0,0,0,0,0
"744","1404",2021-10-29,"Rural","30-39y","Male",1,"[0,2]","Semiskilled / skilled labor","Secondary school",12.5,30.7916666666667,9,1,1,1,1,1,1,1,1,1,1,1,1,1,1,1
"745","1405",2021-11-01,"Rural","40-59y","Male",6,"(5,50]","Semiskilled / skilled labor","Primary school",5.5,17.4666666666667,2,1,1,0,0,0,1,1,1,1,0,0,0,0,0,0
"746","1406",2021-11-01,"Rural","20-29y","Male",5,"(2,5]","Semiskilled / skilled labor","Primary school",14.5,72.125,1,1,1,1,1,1,1,1,1,1,1,0,0,0,0,0
"747","1407",2021-11-01,"Rural","20-29y","Male",5,"(2,5]","Semiskilled / skilled labor","Primary school",5,17.5,1,1,1,0,0,0,1,1,1,1,0,0,0,0,0,0
"748","1412",2021-11-02,"Rural","30-39y","Male",5,"(2,5]","Unemployed outside home","Currently enrolled in school",8,8.11666666666667,7.5,1,1,1,1,0,1,1,0,0,0,1,1,1,1,1
"749","1413",2021-11-03,"Rural","5-9y","Female",5,"(2,5]","Unemployed outside home","Currently enrolled in school",21,22.8,9,1,1,1,1,1,1,1,1,1,1,1,1,1,1,1
"750","1414",2021-11-03,"Rural","10-19y","Female",4,"(2,5]","Unemployed outside home","Secondary school",11.5,1.69166666666667,2.5,1,1,1,1,1,0,0,0,0,0,0,0,0,0,0
"751","1415",2021-11-03,"Rural","5-9y","Female",5,"(2,5]","Unemployed outside home","Currently enrolled in school",8,7.5,8,1,1,1,1,0,1,1,0,0,0,1,1,1,1,1
"752","1416",2021-11-03,"Rural","30-39y","Male",5,"(2,5]","Semiskilled / skilled labor","Primary school",22,47.65,15,1,1,1,1,1,1,1,1,1,1,1,1,1,1,1
"753","1428",2021-11-05,"Rural","60+y","Male",3,"(2,5]","Unemployed outside home","Primary school",7.5,3.05833333333333,5,1,1,1,0,0,0,1,0,0,0,1,1,1,0,0
"754","1429",2021-11-05,"Rural","5-9y","Male",5,"(2,5]","Unemployed outside home","Currently enrolled in school",4.5,2.19166666666667,2.5,0,1,0,0,0,0,0,0,0,0,0,0,0,0,0
"755","1430",2021-10-19,"Rural","60+y","Female",1,"[0,2]","Unemployed outside home","None",4.5,0,2,0,1,0,0,0,0,0,0,0,0,0,0,0,0,0
"756","1431",2021-10-19,"Rural","5-9y","Female",4,"(2,5]","Unemployed outside home","Currently enrolled in school",7.5,0,7,1,1,1,0,0,0,0,0,0,0,1,1,1,1,1
"757","1432",2021-10-21,"Rural","60+y","Female",2,"[0,2]","Unemployed outside home","None",4,10,0,0,0,0,0,0,1,1,1,0,0,0,0,0,0,0
"758","1440",2021-10-27,"Rural","10-19y","Female",4,"(2,5]","Student","Currently enrolled in school",3.5,8.69166666666667,0.5,0,0,0,0,0,1,1,0,0,0,0,0,0,0,0
"759","1441",2021-10-28,"Rural","5-9y","Male",4,"(2,5]","Unemployed outside home","Currently enrolled in school",4.5,11,4,0,1,0,0,0,1,1,1,0,0,1,1,0,0,0
"760","1442",2021-10-30,"Rural","60+y","Male",2,"[0,2]","Unemployed outside home","None",1,0,0,0,0,0,0,0,0,0,0,0,0,0,0,0,0,0
"761","1448",2021-11-02,"Rural","30-39y","Male",6,"(5,50]","Semiskilled / skilled labor","Secondary school",12,12.2833333333333,0,1,1,1,1,1,1,1,1,1,0,0,0,0,0,0
"762","1449",2021-11-05,"Rural","10-19y","Female",7,"(5,50]","Unemployed outside home","Primary school",3.5,12.3333333333333,3.5,0,0,0,0,0,1,1,1,1,0,1,1,0,0,0
"763","1453",2021-11-06,"Rural","30-39y","Male",6,"(5,50]","Semiprofessional / professional","Primary school",4.5,13.875,0,0,1,0,0,0,1,1,1,1,0,0,0,0,0,0
"764","1454",2021-11-06,"Rural","20-29y","Male",1,"[0,2]","Unemployed outside home","Primary school",4.5,0.191666666666667,2.5,0,1,0,0,0,0,0,0,0,0,0,0,0,0,0
"765","1455",2021-11-05,"Rural","10-19y","Male",8,"(5,50]","Student","Currently enrolled in school",5,6.25,5,1,1,0,0,0,0,1,0,0,0,1,1,1,0,0
"766","1456",2021-11-06,"Rural","40-59y","Male",3,"(2,5]","Unemployed outside home","Primary school",21,20.4833333333333,10.5,1,1,1,1,1,1,1,1,1,1,1,1,1,1,1
"767","1457",2021-11-06,"Rural","5-9y","Male",4,"(2,5]","Unemployed outside home",NA,5.5,20,4.5,1,1,0,0,0,1,1,1,1,1,1,1,0,0,0
"768","1458",2021-10-27,"Rural","20-29y","Male",6,"(5,50]","Unemployed outside home","Secondary school",19,14.2,6.5,1,1,1,1,1,1,1,1,1,0,1,1,1,1,0
"769","1459",2021-10-28,"Rural","60+y","Male",15,"(5,50]","Semiskilled / skilled labor","Primary school",4.5,2.69166666666667,3,0,1,0,0,0,0,1,0,0,0,1,1,0,0,0
"770","1460",2021-10-29,"Rural","20-29y","Male",1,"[0,2]","Semiprofessional / professional","Secondary school",12,25.55,4,1,1,1,1,1,1,1,1,1,1,1,1,0,0,0
"771","1470",2021-11-02,"Rural","20-29y","Male",5,"(2,5]","Unemployed outside home","Secondary school",9,13.3166666666667,3.5,1,1,1,1,0,1,1,1,1,0,1,1,0,0,0
"772","1471",2021-11-03,"Rural","5-9y","Male",12,"(5,50]","Unemployed outside home",NA,6,3,6,1,1,0,0,0,0,1,0,0,0,1,1,1,1,0
"773","1472",2021-11-03,"Rural","10-19y","Female",12,"(5,50]","Student","Currently enrolled in school",2.5,0,2.5,0,0,0,0,0,0,0,0,0,0,0,0,0,0,0
"774","1473",2021-11-04,"Rural","40-59y","Male",3,"(2,5]","Unemployed outside home","None",5.5,19.125,0,1,1,0,0,0,1,1,1,1,1,0,0,0,0,0
"775","1474",2021-11-04,"Rural","60+y","Male",8,"(5,50]","Unemployed outside home","Primary school",4.5,4.125,0,0,1,0,0,0,0,1,0,0,0,0,0,0,0,0
"776","1475",2021-11-05,"Rural","20-29y","Male",8,"(5,50]","Unemployed outside home","Secondary school",8.5,13.9,5,1,1,1,1,0,1,1,1,1,0,1,1,1,0,0
"777","1476",2021-11-08,"Rural","60+y","Male",3,"(2,5]","Unemployed outside home","Primary school",3.5,0,0,0,0,0,0,0,0,0,0,0,0,0,0,0,0,0
"778","1481",2021-11-08,"Rural","60+y","Male",8,"(5,50]","Semiskilled / skilled labor","Primary school",1,0,0,0,0,0,0,0,0,0,0,0,0,0,0,0,0,0
"779","1482",2021-11-08,"Rural","60+y","Female",1,"[0,2]","Semiskilled / skilled labor","None",5,5,3.5,1,1,0,0,0,0,1,0,0,0,1,1,0,0,0
"780","1483",2021-11-08,"Rural","5-9y","Male",3,"(2,5]","Unemployed outside home",NA,2,0,2,0,0,0,0,0,0,0,0,0,0,0,0,0,0,0
"781","1531",2021-11-09,"Rural","20-29y","Female",6,"(5,50]","Semiskilled / skilled labor","Secondary school",4.5,6.06666666666667,0.5,0,1,0,0,0,0,1,0,0,0,0,0,0,0,0
"782","1532",2021-11-10,"Rural","20-29y","Female",1,"[0,2]","Semiskilled / skilled labor","Secondary school",7.5,3.19166666666667,2.5,1,1,1,0,0,0,1,0,0,0,0,0,0,0,0
"783","1533",2021-11-11,"Rural","10-19y","Female",4,"(2,5]","Student","Currently enrolled in school",12,5.69166666666667,5,1,1,1,1,1,0,1,0,0,0,1,1,1,0,0
"784","1534",2021-11-11,"Rural","1-4y","Female",8,"(5,50]","Unemployed outside home","None",3,0,3,0,0,0,0,0,0,0,0,0,0,1,1,0,0,0
"785","1535",2021-11-11,"Rural","1-4y","Male",4,"(2,5]","Unemployed outside home","None",7,32.375,6.5,1,1,1,0,0,1,1,1,1,1,1,1,1,1,0
"786","1536",2021-11-12,"Rural","30-39y","Male",2,"[0,2]","Semiskilled / skilled labor","Primary school",2,0,2,0,0,0,0,0,0,0,0,0,0,0,0,0,0,0
"787","1537",2021-11-13,"Rural","30-39y","Male",1,"[0,2]","Semiskilled / skilled labor","Secondary school",11.5,3.44166666666667,11.5,1,1,1,1,1,0,1,0,0,0,1,1,1,1,1
"788","1543",2021-11-10,"Rural","30-39y","Male",6,"(5,50]","Unemployed outside home","Primary school",3.5,3,2.5,0,0,0,0,0,0,1,0,0,0,0,0,0,0,0
"789","1544",2021-11-11,"Rural","40-59y","Male",1,"[0,2]","Unemployed outside home","None",5,4.875,1.5,1,1,0,0,0,0,1,0,0,0,0,0,0,0,0
"790","1545",2021-11-11,"Rural","10-19y","Female",5,"(2,5]","Student","Currently enrolled in school",13,36.9,9,1,1,1,1,1,1,1,1,1,1,1,1,1,1,1
"791","1546",2021-11-13,"Rural","10-19y","Female",6,"(5,50]","Student","Currently enrolled in school",11.5,16.05,6.5,1,1,1,1,1,1,1,1,1,0,1,1,1,1,0
"792","1547",2021-11-13,"Rural","10-19y","Female",5,"(2,5]","Student","Currently enrolled in school",5,7.65,1.5,1,1,0,0,0,1,1,0,0,0,0,0,0,0,0
"793","1548",2021-11-15,"Rural","20-29y","Male",7,"(5,50]","Unemployed outside home","Secondary school",6,9.25,2.5,1,1,0,0,0,1,1,0,0,0,0,0,0,0,0
"794","1549",2021-11-17,"Rural","40-59y","Male",8,"(5,50]","Unemployed outside home","Primary school",7,33.25,5.5,1,1,1,0,0,1,1,1,1,1,1,1,1,1,0
"795","1550",2021-11-06,"Rural","10-19y","Male",2,"[0,2]","Student","Currently enrolled in school",6,1.125,3,1,1,0,0,0,0,0,0,0,0,1,1,0,0,0
"796","1551",2021-11-06,"Rural","30-39y","Male",4,"(2,5]","Semiprofessional / professional","Currently enrolled in school",17.5,26.4,6.5,1,1,1,1,1,1,1,1,1,1,1,1,1,1,0
"797","1552",2021-11-08,"Rural","5-9y","Male",7,"(5,50]","Unemployed outside home",NA,7,9.75,6,1,1,1,0,0,1,1,1,0,0,1,1,1,1,0
"798","1553",2021-11-08,"Rural","5-9y","Male",3,"(2,5]","Unemployed outside home","Currently enrolled in school",4,3.25,4,0,0,0,0,0,0,1,0,0,0,1,1,0,0,0
"799","1559",2021-11-10,"Rural","1-4y","Male",4,"(2,5]","Unemployed outside home","None",8,3.75,8,1,1,1,1,0,0,1,0,0,0,1,1,1,1,1
"800","1560",2021-11-13,"Rural","40-59y","Male",7,"(5,50]","Semiprofessional / professional","Primary school",6.5,4.68333333333333,1.5,1,1,0,0,0,0,1,0,0,0,0,0,0,0,0
"801","1561",2021-11-13,"Rural","30-39y","Male",3,"(2,5]","Semiskilled / skilled labor","Primary school",6,36,0,1,1,0,0,0,1,1,1,1,1,0,0,0,0,0
"802","1562",2021-11-16,"Rural","40-59y","Male",7,"(5,50]","Semiprofessional / professional","Primary school",5,14.8833333333333,4,1,1,0,0,0,1,1,1,1,0,1,1,0,0,0
"803","1563",2021-11-17,"Rural","10-19y","Male",5,"(2,5]","Student","Currently enrolled in school",7,39,7,1,1,1,0,0,1,1,1,1,1,1,1,1,1,1
"804","1564",2021-11-17,"Rural","20-29y","Male",4,"(2,5]","Semiprofessional / professional","Primary school",10,33.75,0,1,1,1,1,0,1,1,1,1,1,0,0,0,0,0
"805","1565",2021-11-17,"Rural","10-19y","Male",4,"(2,5]","Unemployed outside home","Primary school",8.5,31,5,1,1,1,1,0,1,1,1,1,1,1,1,1,0,0
"806","1575",2021-11-18,"Rural","1-4y","Male",12,"(5,50]","Unemployed outside home","None",6,0,6,1,1,0,0,0,0,0,0,0,0,1,1,1,1,0
"807","1576",2021-11-19,"Rural","20-29y","Male",7,"(5,50]","Unemployed outside home","Primary school",5,5.5,5,1,1,0,0,0,0,1,0,0,0,1,1,1,0,0
"808","1577",2021-11-19,"Rural","40-59y","Male",1,"[0,2]","Unemployed outside home","Primary school",11,6.04166666666667,8.5,1,1,1,1,1,0,1,0,0,0,1,1,1,1,1
"809","1581",2021-11-17,"Rural","20-29y","Male",3,"(2,5]","Semiskilled / skilled labor","Secondary school",6.5,19.275,5,1,1,0,0,0,1,1,1,1,1,1,1,1,0,0
"810","1582",2021-11-18,"Rural","1-4y","Male",5,"(2,5]","Unemployed outside home","None",1,0,1,0,0,0,0,0,0,0,0,0,0,0,0,0,0,0
"811","1583",2021-11-18,"Rural","1-4y","Female",4,"(2,5]","Unemployed outside home","None",3,3.75,3,0,0,0,0,0,0,1,0,0,0,1,1,0,0,0
"812","1584",2021-11-19,"Rural","20-29y","Female",3,"(2,5]","Unemployed outside home","Secondary school",1.5,0,1,0,0,0,0,0,0,0,0,0,0,0,0,0,0,0
"813","1585",2021-11-19,"Rural","20-29y","Female",5,"(2,5]","Student","Currently enrolled in school",0,0,0,0,0,0,0,0,0,0,0,0,0,0,0,0,0,0
"814","1586",2021-11-10,"Rural","40-59y","Male",4,"(2,5]","Unemployed outside home","None",4,1.13333333333333,0,0,0,0,0,0,0,0,0,0,0,0,0,0,0,0
"815","1587",2021-11-10,"Rural","10-19y","Female",6,"(5,50]","Student","Currently enrolled in school",3,5,3,0,0,0,0,0,0,1,0,0,0,1,1,0,0,0
"816","1588",2021-11-11,"Rural","10-19y","Female",6,"(5,50]","Student","Currently enrolled in school",9,12.125,9,1,1,1,1,0,1,1,1,1,0,1,1,1,1,1
"817","1589",2021-11-13,"Rural","10-19y","Female",6,"(5,50]","Student","Currently enrolled in school",7.5,6.29166666666667,7,1,1,1,0,0,0,1,0,0,0,1,1,1,1,1
"818","1590",2021-11-13,"Rural","30-39y","Male",4,"(2,5]","Semiskilled / skilled labor","Secondary school",4,2.08333333333333,0.5,0,0,0,0,0,0,0,0,0,0,0,0,0,0,0
"819","1621",2021-12-13,"Urban","1-4y","Male",3,"(2,5]","Unemployed outside home","None",0,0,0,0,0,0,0,0,0,0,0,0,0,0,0,0,0,0
"820","1622",2021-10-18,"Urban","10-19y","Male",4,"(2,5]","Student","Currently enrolled in school",5,14.25,3.5,1,1,0,0,0,1,1,1,1,0,1,1,0,0,0
"821","1641",2021-11-23,"Rural","30-39y","Male",8,"(5,50]","Semiskilled / skilled labor","Primary school",5,8.5,5,1,1,0,0,0,1,1,0,0,0,1,1,1,0,0
"822","1652",2021-11-29,"Urban","1-4y","Male",3,"(2,5]","Unemployed outside home","None",5,6,3,1,1,0,0,0,0,1,0,0,0,1,1,0,0,0
"823","1663",2021-11-23,"Rural","40-59y","Male",2,"[0,2]","Unemployed outside home","None",9.5,3.625,2.5,1,1,1,1,0,0,1,0,0,0,0,0,0,0,0
"824","1664",2021-11-26,"Rural","40-59y","Male",1,"[0,2]","Semiskilled / skilled labor","Primary school",3,0.541666666666667,0.5,0,0,0,0,0,0,0,0,0,0,0,0,0,0,0
"825","1681",2021-12-01,"Rural","40-59y","Male",3,"(2,5]","Semiskilled / skilled labor","Primary school",1,0,0,0,0,0,0,0,0,0,0,0,0,0,0,0,0,0
"826","1690",2021-12-03,"Rural","40-59y","Male",6,"(5,50]","Semiskilled / skilled labor","Secondary school",10,4.13333333333333,2.5,1,1,1,1,0,0,1,0,0,0,0,0,0,0,0
"827","1691",2021-11-24,"Rural","40-59y","Male",9,"(5,50]","Semiskilled / skilled labor","Primary school",0.5,0,0,0,0,0,0,0,0,0,0,0,0,0,0,0,0,0
"828","1701",2021-12-07,"Rural","40-59y","Male",7,"(5,50]","Semiprofessional / professional","Secondary school",3,1.60833333333333,0,0,0,0,0,0,0,0,0,0,0,0,0,0,0,0
"829","1702",2021-12-07,"Rural","40-59y","Male",4,"(2,5]","Semiskilled / skilled labor","Some college or higher",3.5,5.19166666666667,0,0,0,0,0,0,0,1,0,0,0,0,0,0,0,0
"830","1703",2021-12-07,"Rural","40-59y","Male",7,"(5,50]","Semiskilled / skilled labor","Primary school",6.5,1.33333333333333,6.5,1,1,0,0,0,0,0,0,0,0,1,1,1,1,0
"831","1705",2021-12-08,"Rural","40-59y","Male",1,"[0,2]","Semiskilled / skilled labor","Primary school",3,1.15,0,0,0,0,0,0,0,0,0,0,0,0,0,0,0,0
"832","1706",2021-12-09,"Rural","20-29y","Female",3,"(2,5]","Semiskilled / skilled labor","Primary school",5.5,7.5,2.5,1,1,0,0,0,1,1,0,0,0,0,0,0,0,0
"833","1707",2021-12-09,"Rural","20-29y","Female",3,"(2,5]","Unemployed outside home","Currently enrolled in school",10.5,2.91666666666667,10,1,1,1,1,1,0,1,0,0,0,1,1,1,1,1
"834","1708",2021-12-09,"Rural","20-29y","Female",3,"(2,5]","Unemployed outside home","Currently enrolled in school",2,0.0833333333333333,2,0,0,0,0,0,0,0,0,0,0,0,0,0,0,0
"835","1709",2021-12-08,"Rural","1-4y","Male",11,"(5,50]","Unemployed outside home","None",8.5,5.05,4.5,1,1,1,1,0,0,1,0,0,0,1,1,0,0,0
"836","1712",2021-12-10,"Rural","40-59y","Male",1,"[0,2]","Semiprofessional / professional","Currently enrolled in school",7,16.2916666666667,0.5,1,1,1,0,0,1,1,1,1,0,0,0,0,0,0
"837","1718",2021-11-28,"Urban","20-29y","Male",8,"(5,50]","Semiprofessional / professional","Secondary school",4,15.1916666666667,2.5,0,0,0,0,0,1,1,1,1,0,0,0,0,0,0
"838","1723",2021-12-09,"Urban","20-29y","Male",2,"[0,2]","Student","Currently enrolled in school",4,2.66666666666667,3,0,0,0,0,0,0,1,0,0,0,1,1,0,0,0
"839","1748",2021-12-13,"Rural","1-4y","Male",11,"(5,50]","Unemployed outside home","None",0,0,0,0,0,0,0,0,0,0,0,0,0,0,0,0,0,0
"840","1749",2021-12-13,"Rural","1-4y","Male",8,"(5,50]","Unemployed outside home","None",4,0,4,0,0,0,0,0,0,0,0,0,0,1,1,0,0,0
"841","1750",2021-12-13,"Rural","1-4y","Male",7,"(5,50]","Unemployed outside home","None",11.5,12.5,9,1,1,1,1,1,1,1,1,1,0,1,1,1,1,1
"842","1751",2021-12-13,"Rural","40-59y","Male",6,"(5,50]","Unemployed outside home","Primary school",0,0,0,0,0,0,0,0,0,0,0,0,0,0,0,0,0,0
"843","1752",2021-12-13,"Rural","40-59y","Male",5,"(2,5]","Unemployed outside home","Currently enrolled in school",6.5,26.75,1.5,1,1,0,0,0,1,1,1,1,1,0,0,0,0,0
"844","1753",2021-12-13,"Rural","1-4y","Male",6,"(5,50]","Unemployed outside home","None",7,42,5,1,1,1,0,0,1,1,1,1,1,1,1,1,0,0
"845","1759",2021-11-23,"Rural","40-59y","Male",2,"[0,2]","Semiprofessional / professional","None",4,2.08333333333333,1.5,0,0,0,0,0,0,0,0,0,0,0,0,0,0,0
"846","1760",2021-11-23,"Rural","40-59y","Male",1,"[0,2]","Semiprofessional / professional","Secondary school",13,10.2833333333333,4.5,1,1,1,1,1,1,1,1,0,0,1,1,0,0,0
"847","1761",2021-11-24,"Rural","40-59y","Male",4,"(2,5]","Unemployed outside home","Primary school",6.5,0.191666666666667,3.5,1,1,0,0,0,0,0,0,0,0,1,1,0,0,0
"848","1762",2021-11-26,"Rural","40-59y","Male",5,"(2,5]","Unemployed outside home","Primary school",7,12.5333333333333,1,1,1,1,0,0,1,1,1,1,0,0,0,0,0,0
"849","1769",2021-12-03,"Rural","20-29y","Female",9,"(5,50]","Unemployed outside home","Primary school",10,5.71666666666667,3.5,1,1,1,1,0,0,1,0,0,0,1,1,0,0,0
"850","1770",2021-12-07,"Rural","40-59y","Male",13,"(5,50]","Unemployed outside home","None",8,9.15,3,1,1,1,1,0,1,1,0,0,0,1,1,0,0,0
"851","1771",2021-12-07,"Rural","40-59y","Male",5,"(2,5]","Unemployed outside home","None",2.5,9,0.5,0,0,0,0,0,1,1,0,0,0,0,0,0,0,0
"852","1772",2021-12-08,"Rural","40-59y","Male",5,"(2,5]","Semiskilled / skilled labor","None",7,21.5666666666667,2.5,1,1,1,0,0,1,1,1,1,1,0,0,0,0,0
"853","1773",2021-12-08,"Rural","1-4y","Male",4,"(2,5]","Unemployed outside home","None",7,0,4.5,1,1,1,0,0,0,0,0,0,0,1,1,0,0,0
"854","1774",2021-12-08,"Rural","1-4y","Male",4,"(2,5]","Unemployed outside home","None",6,1.70833333333333,6,1,1,0,0,0,0,0,0,0,0,1,1,1,1,0
"855","1783",2021-12-09,"Urban","10-19y","Male",6,"(5,50]","Student","Currently enrolled in school",11.5,23.9416666666667,6,1,1,1,1,1,1,1,1,1,1,1,1,1,1,0
"856","1784",2021-12-14,"Rural","40-59y","Male",6,"(5,50]","Unemployed outside home","Primary school",7.5,2.44166666666667,0.5,1,1,1,0,0,0,0,0,0,0,0,0,0,0,0
"857","1785",2022-02-16,"Rural","5-9y","Female",6,"(5,50]","Unemployed outside home","None",7.5,22.1083333333333,5,1,1,1,0,0,1,1,1,1,1,1,1,1,0,0
"858","1789",2022-02-28,"Rural","1-4y","Female",17,"(5,50]","Unemployed outside home","None",5.5,21,4.5,1,1,0,0,0,1,1,1,1,1,1,1,0,0,0
"859","1790",2022-02-28,"Rural","60+y","Male",8,"(5,50]","Unemployed outside home","Secondary school",4.5,22.525,1.5,0,1,0,0,0,1,1,1,1,1,0,0,0,0,0
"860","1791",2022-02-28,"Rural","60+y","Female",5,"(2,5]","Unemployed outside home","None",4,9.19166666666667,0.5,0,0,0,0,0,1,1,0,0,0,0,0,0,0,0
"861","1793",2022-02-28,"Rural","5-9y","Male",6,"(5,50]","Unemployed outside home","Primary school",3.5,3.625,3.5,0,0,0,0,0,0,1,0,0,0,1,1,0,0,0
"862","1794",2022-03-01,"Rural","1-4y","Male",7,"(5,50]","Unemployed outside home","None",3,7.5,3,0,0,0,0,0,1,1,0,0,0,1,1,0,0,0
"863","1795",2022-03-01,"Rural","20-29y","Male",6,"(5,50]","Unemployed outside home","Secondary school",1,6,0,0,0,0,0,0,0,1,0,0,0,0,0,0,0,0
"864","1796",2022-03-01,"Rural","60+y","Male",2,"[0,2]","Unemployed outside home","Primary school",1,0,0,0,0,0,0,0,0,0,0,0,0,0,0,0,0,0
"865","1798",2022-03-01,"Rural","5-9y","Male",5,"(2,5]","Unemployed outside home","Currently enrolled in school",4,1.95833333333333,2,0,0,0,0,0,0,0,0,0,0,0,0,0,0,0
"866","1799",2022-03-01,"Rural","10-19y","Female",4,"(2,5]","Student","Currently enrolled in school",7,10.375,5,1,1,1,0,0,1,1,1,0,0,1,1,1,0,0
"867","1800",2022-03-02,"Rural","20-29y","Male",5,"(2,5]","Student","Currently enrolled in school",5,18.375,0,1,1,0,0,0,1,1,1,1,1,0,0,0,0,0
"868","1801",2022-03-02,"Rural","10-19y","Male",6,"(5,50]","Student","Currently enrolled in school",3.5,3.41666666666667,0.5,0,0,0,0,0,0,1,0,0,0,0,0,0,0,0
"869","1803",2022-03-02,"Rural","5-9y","Male",8,"(5,50]","Unemployed outside home","Currently enrolled in school",2,5.58333333333333,2,0,0,0,0,0,0,1,0,0,0,0,0,0,0,0
"870","1804",2022-03-02,"Rural","5-9y","Male",6,"(5,50]","Unemployed outside home","Primary school",3.5,9.75,3.5,0,0,0,0,0,1,1,1,0,0,1,1,0,0,0
"871","1805",2022-03-02,"Rural","10-19y","Male",6,"(5,50]","Student","Currently enrolled in school",6,NA,NA,1,1,0,0,0,NA,NA,NA,NA,NA,NA,NA,NA,NA,NA
"872","1806",2022-03-02,"Rural","20-29y","Female",9,"(5,50]","Unemployed outside home","Primary school",8.5,32.8166666666667,8,1,1,1,1,0,1,1,1,1,1,1,1,1,1,1
"873","1807",2022-03-02,"Rural","10-19y","Male",5,"(2,5]","Student","Currently enrolled in school",4.5,4.94166666666667,4.5,0,1,0,0,0,0,1,0,0,0,1,1,0,0,0
"874","1808",2022-03-03,"Rural","10-19y","Female",8,"(5,50]","Student","Currently enrolled in school",9,8.275,4.5,1,1,1,1,0,1,1,0,0,0,1,1,0,0,0
"875","1809",2022-03-03,"Rural","10-19y","Female",5,"(2,5]","Student","Currently enrolled in school",5.5,4.58333333333333,4,1,1,0,0,0,0,1,0,0,0,1,1,0,0,0
"876","1811",2022-03-03,"Rural","20-29y","Female",9,"(5,50]","Student","Currently enrolled in school",9.5,12.9833333333333,2.5,1,1,1,1,0,1,1,1,1,0,0,0,0,0,0
"877","1819",2022-03-07,"Rural","10-19y","Male",6,"(5,50]","Student","Currently enrolled in school",7.5,8.375,7,1,1,1,0,0,1,1,0,0,0,1,1,1,1,1
"878","1820",2022-03-07,"Rural","20-29y","Male",4,"(2,5]","Unemployed outside home","Currently enrolled in school",1,0,0,0,0,0,0,0,0,0,0,0,0,0,0,0,0,0
"879","1821",2022-03-07,"Rural","10-19y","Male",10,"(5,50]","Student","Currently enrolled in school",4,4.58333333333333,2.5,0,0,0,0,0,0,1,0,0,0,0,0,0,0,0
"880","1825",2022-01-13,"Urban","1-4y","Female",3,"(2,5]","Unemployed outside home","None",7,3.75,5.5,1,1,1,0,0,0,1,0,0,0,1,1,1,1,0
"881","1832",2022-03-07,"Rural","10-19y","Male",7,"(5,50]","Student","Currently enrolled in school",5,3.75,3.5,1,1,0,0,0,0,1,0,0,0,1,1,0,0,0
"882","1833",2022-03-08,"Rural","10-19y","Male",8,"(5,50]","Student","Currently enrolled in school",11,6.65,6.5,1,1,1,1,1,1,1,0,0,0,1,1,1,1,0
"883","1834",2022-03-08,"Rural","10-19y","Male",8,"(5,50]","Student","Currently enrolled in school",10,17.625,10,1,1,1,1,0,1,1,1,1,0,1,1,1,1,1
"884","1835",2022-01-11,"Urban","10-19y","Male",3,"(2,5]","Unemployed outside home","Secondary school",2.5,4.44166666666667,1.5,0,0,0,0,0,0,1,0,0,0,0,0,0,0,0
"885","1836",2022-01-11,"Urban","40-59y","Male",6,"(5,50]","Semiprofessional / professional","Secondary school",4,4.69166666666667,2.5,0,0,0,0,0,0,1,0,0,0,0,0,0,0,0
"886","1837",2022-01-11,"Urban","20-29y","Female",5,"(2,5]","Semiskilled / skilled labor","Secondary school",2,1.84166666666667,2,0,0,0,0,0,0,0,0,0,0,0,0,0,0,0
"887","1838",2022-01-12,"Urban","20-29y","Female",10,"(5,50]","Student","Currently enrolled in school",4,2.99166666666667,3,0,0,0,0,0,0,1,0,0,0,1,1,0,0,0
"888","1839",2022-01-12,"Urban","20-29y","Female",10,"(5,50]","Unemployed outside home","Secondary school",4,4.05,3.5,0,0,0,0,0,0,1,0,0,0,1,1,0,0,0
"889","1840",2022-01-12,"Urban","40-59y","Female",10,"(5,50]","Semiskilled / skilled labor","Primary school",1,0.75,1,0,0,0,0,0,0,0,0,0,0,0,0,0,0,0
"890","1841",2022-01-13,"Urban","20-29y","Female",4,"(2,5]","Student","Currently enrolled in school",8,3.625,6,1,1,1,1,0,0,1,0,0,0,1,1,1,1,0
"891","1842",2022-01-13,"Urban","30-39y","Female",1,"[0,2]","Semiskilled / skilled labor","Primary school",8,1.81666666666667,5.5,1,1,1,1,0,0,0,0,0,0,1,1,1,1,0
"892","1843",2022-01-14,"Urban","10-19y","Female",6,"(5,50]","Student","Currently enrolled in school",3,2.69166666666667,3,0,0,0,0,0,0,1,0,0,0,1,1,0,0,0
"893","1844",2022-01-16,"Urban","20-29y","Female",2,"[0,2]","Semiskilled / skilled labor","Secondary school",3.5,4.125,2.5,0,0,0,0,0,0,1,0,0,0,0,0,0,0,0
"894","1845",2022-01-16,"Urban","30-39y","Female",2,"[0,2]","Unemployed outside home","Currently enrolled in school",6,2.5,2,1,1,0,0,0,0,0,0,0,0,0,0,0,0,0
"895","1846",2022-01-16,"Urban","40-59y","Female",6,"(5,50]","Unemployed outside home","Primary school",0.5,0,0.5,0,0,0,0,0,0,0,0,0,0,0,0,0,0,0
"896","1847",2022-01-23,"Urban","60+y","Female",1,"[0,2]","Semiprofessional / professional","Primary school",2,3.35833333333333,0.5,0,0,0,0,0,0,1,0,0,0,0,0,0,0,0
"897","1848",2022-01-16,"Urban","20-29y","Male",1,"[0,2]","Semiprofessional / professional","Currently enrolled in school",3.5,0.05,3.5,0,0,0,0,0,0,0,0,0,0,1,1,0,0,0
"898","1849",2022-01-10,"Urban","30-39y","Male",5,"(2,5]","Semiprofessional / professional","Secondary school",6,13.3666666666667,0.5,1,1,0,0,0,1,1,1,1,0,0,0,0,0,0
"899","1850",2022-01-10,"Urban","20-29y","Female",8,"(5,50]","Unemployed outside home","Secondary school",3,0.666666666666667,1.5,0,0,0,0,0,0,0,0,0,0,0,0,0,0,0
"900","1851",2022-01-10,"Urban","30-39y","Male",2,"[0,2]","Semiprofessional / professional","Secondary school",4,15.025,3.5,0,0,0,0,0,1,1,1,1,0,1,1,0,0,0
"901","1852",2022-01-11,"Urban","20-29y","Male",3,"(2,5]","Semiprofessional / professional","Secondary school",5.5,12.3583333333333,5,1,1,0,0,0,1,1,1,1,0,1,1,1,0,0
"902","1855",2022-01-14,"Urban","10-19y","Female",3,"(2,5]","Student","Currently enrolled in school",10,17.9666666666667,5.5,1,1,1,1,0,1,1,1,1,0,1,1,1,1,0
"903","1856",2022-01-14,"Urban","20-29y","Female",4,"(2,5]","Unemployed outside home","Secondary school",7,11.3833333333333,7,1,1,1,0,0,1,1,1,0,0,1,1,1,1,1
"904","1857",2022-01-18,"Urban","5-9y","Female",5,"(2,5]","Unemployed outside home",NA,2.5,1.25,2.5,0,0,0,0,0,0,0,0,0,0,0,0,0,0,0
"905","1858",2022-01-18,"Urban","60+y","Female",3,"(2,5]","Semiskilled / skilled labor","Currently enrolled in school",2.5,0,0,0,0,0,0,0,0,0,0,0,0,0,0,0,0,0
"906","1860",2022-01-12,"Urban","5-9y","Male",6,"(5,50]","Unemployed outside home","Currently enrolled in school",2,12,2,0,0,0,0,0,1,1,1,0,0,0,0,0,0,0
"907","1861",2022-01-12,"Urban","40-59y","Male",4,"(2,5]","Semiprofessional / professional","Primary school",5,15,0.5,1,1,0,0,0,1,1,1,1,0,0,0,0,0,0
"908","1862",2022-01-18,"Urban","60+y","Male",4,"(2,5]","Unemployed outside home","Currently enrolled in school",6,0,4,1,1,0,0,0,0,0,0,0,0,1,1,0,0,0
"909","1863",2022-01-11,"Urban","60+y","Male",8,"(5,50]","Unemployed outside home","Primary school",1,0,1,0,0,0,0,0,0,0,0,0,0,0,0,0,0,0
"910","1864",2022-01-11,"Urban","60+y","Male",8,"(5,50]","Semiskilled / skilled labor","Primary school",0.5,1.25,0,0,0,0,0,0,0,0,0,0,0,0,0,0,0,0
"911","1866",2022-01-12,"Urban","60+y","Male",3,"(2,5]","Unemployed outside home","Primary school",1.5,0,1,0,0,0,0,0,0,0,0,0,0,0,0,0,0,0
"912","1868",2022-01-11,"Rural","5-9y","Male",7,"(5,50]","Unemployed outside home","Currently enrolled in school",1,0.383333333333333,0,0,0,0,0,0,0,0,0,0,0,0,0,0,0,0
"913","1869",2022-01-11,"Rural","60+y","Female",2,"[0,2]","Unemployed outside home","None",7,17.5,6,1,1,1,0,0,1,1,1,1,0,1,1,1,1,0
"914","1870",2022-01-12,"Rural","40-59y","Female",3,"(2,5]","Unemployed outside home","None",6,5.63333333333333,2,1,1,0,0,0,0,1,0,0,0,0,0,0,0,0
"915","1871",2022-01-13,"Rural","40-59y","Female",7,"(5,50]","Unemployed outside home","Currently enrolled in school",1.5,3.75,0,0,0,0,0,0,0,1,0,0,0,0,0,0,0,0
"916","1872",2022-01-13,"Rural","30-39y","Female",4,"(2,5]","Semiskilled / skilled labor","Primary school",9,22.4166666666667,7.5,1,1,1,1,0,1,1,1,1,1,1,1,1,1,1
"917","1875",2022-01-18,"Urban","40-59y","Female",5,"(2,5]","Semiskilled / skilled labor","Primary school",1,0,0,0,0,0,0,0,0,0,0,0,0,0,0,0,0,0
"918","1876",2022-01-18,"Urban","1-4y","Female",4,"(2,5]","Unemployed outside home","None",0,0,0,0,0,0,0,0,0,0,0,0,0,0,0,0,0,0
"919","1877",2022-01-18,"Urban","20-29y","Male",5,"(2,5]","Student","Currently enrolled in school",6.5,1.25,3,1,1,0,0,0,0,0,0,0,0,1,1,0,0,0
"920","1878",2022-01-18,"Urban","10-19y","Male",5,"(2,5]","Student","Currently enrolled in school",4,8.05833333333333,0,0,0,0,0,0,1,1,0,0,0,0,0,0,0,0
"921","1879",2022-01-18,"Urban","10-19y","Female",7,"(5,50]","Student","Currently enrolled in school",7,6.34166666666667,5,1,1,1,0,0,0,1,0,0,0,1,1,1,0,0
"922","1881",2022-01-12,"Urban","1-4y","Female",10,"(5,50]","Unemployed outside home","None",5,0,4,1,1,0,0,0,0,0,0,0,0,1,1,0,0,0
"923","1882",2022-01-13,"Urban","60+y","Male",3,"(2,5]","Semiskilled / skilled labor","Primary school",4.5,3.775,4,0,1,0,0,0,0,1,0,0,0,1,1,0,0,0
"924","1883",2022-01-13,"Urban","60+y","Female",9,"(5,50]","Unemployed outside home","Primary school",4,0,2,0,0,0,0,0,0,0,0,0,0,0,0,0,0,0
"925","1884",2022-01-12,"Urban","1-4y","Female",6,"(5,50]","Unemployed outside home","None",2.5,0.191666666666667,2.5,0,0,0,0,0,0,0,0,0,0,0,0,0,0,0
"926","1887",2022-01-21,"Urban","1-4y","Male",5,"(2,5]","Unemployed outside home","None",3,0,3,0,0,0,0,0,0,0,0,0,0,1,1,0,0,0
"927","1888",2022-01-21,"Urban","1-4y","Female",7,"(5,50]","Unemployed outside home","None",2,0,1,0,0,0,0,0,0,0,0,0,0,0,0,0,0,0
"928","1890",2022-01-23,"Urban","60+y","Female",7,"(5,50]","Semiprofessional / professional","None",1,0,1,0,0,0,0,0,0,0,0,0,0,0,0,0,0,0
"929","1891",2022-01-25,"Urban","5-9y","Male",3,"(2,5]","Unemployed outside home","Currently enrolled in school",2,0,2,0,0,0,0,0,0,0,0,0,0,0,0,0,0,0
"930","1892",2022-01-25,"Urban","5-9y","Female",4,"(2,5]","Unemployed outside home","Currently enrolled in school",1.5,0,1.5,0,0,0,0,0,0,0,0,0,0,0,0,0,0,0
"931","1893",2022-01-25,"Urban","60+y","Female",4,"(2,5]","Unemployed outside home","Primary school",6,6.5,0,1,1,0,0,0,1,1,0,0,0,0,0,0,0,0
"932","1894",2022-01-19,"Urban","60+y","Male",2,"[0,2]","Unemployed outside home","Primary school",1,0,0,0,0,0,0,0,0,0,0,0,0,0,0,0,0,0
"933","1895",2022-01-20,"Urban","60+y","Male",7,"(5,50]","Semiskilled / skilled labor","Primary school",10,24.9666666666667,3.5,1,1,1,1,0,1,1,1,1,1,1,1,0,0,0
"934","1896",2022-01-20,"Urban","40-59y","Male",4,"(2,5]","Unemployed outside home","Currently enrolled in school",1,0,0,0,0,0,0,0,0,0,0,0,0,0,0,0,0,0
"935","1898",2022-01-19,"Urban","60+y","Male",8,"(5,50]","Semiskilled / skilled labor","Primary school",2,0,0,0,0,0,0,0,0,0,0,0,0,0,0,0,0,0
"936","1899",2022-01-21,"Urban","40-59y","Male",6,"(5,50]","Semiprofessional / professional","Secondary school",9.5,2.45,5.5,1,1,1,1,0,0,0,0,0,0,1,1,1,1,0
"937","1900",2022-01-23,"Urban","40-59y","Male",6,"(5,50]","Semiprofessional / professional","Primary school",2,3.25,2,0,0,0,0,0,0,1,0,0,0,0,0,0,0,0
"938","1901",2022-01-22,"Urban","40-59y","Male",6,"(5,50]","Semiskilled / skilled labor","Secondary school",6.5,17.9416666666667,6.5,1,1,0,0,0,1,1,1,1,0,1,1,1,1,0
"939","1902",2022-01-22,"Urban","40-59y","Male",1,"[0,2]","Unemployed outside home","Primary school",1,0,1,0,0,0,0,0,0,0,0,0,0,0,0,0,0,0
"940","1903",2022-01-22,"Urban","40-59y","Male",2,"[0,2]","Semiprofessional / professional","Primary school",5.5,16.2166666666667,5.5,1,1,0,0,0,1,1,1,1,0,1,1,1,1,0
"941","1904",2022-01-23,"Urban","40-59y","Male",6,"(5,50]","Semiprofessional / professional","Secondary school",4,18.1666666666667,3,0,0,0,0,0,1,1,1,1,0,1,1,0,0,0
"942","1905",2022-01-23,"Urban","40-59y","Male",5,"(2,5]","Unemployed outside home","Primary school",3,0.375,2.5,0,0,0,0,0,0,0,0,0,0,0,0,0,0,0
"943","1906",2022-01-24,"Urban","40-59y","Male",4,"(2,5]","Semiprofessional / professional","Primary school",4,3.63333333333333,2.5,0,0,0,0,0,0,1,0,0,0,0,0,0,0,0
"944","1907",2022-01-24,"Urban","40-59y","Male",3,"(2,5]","Unemployed outside home","Secondary school",6.5,6.425,4.5,1,1,0,0,0,1,1,0,0,0,1,1,0,0,0
"945","1908",2022-01-24,"Urban","40-59y","Male",3,"(2,5]","Unemployed outside home","Secondary school",6.5,1.85833333333333,6.5,1,1,0,0,0,0,0,0,0,0,1,1,1,1,0
"946","1909",2022-01-24,"Urban","40-59y","Male",10,"(5,50]","Unemployed outside home","Primary school",4.5,0.266666666666667,4,0,1,0,0,0,0,0,0,0,0,1,1,0,0,0
"947","1911",2022-01-25,"Urban","40-59y","Male",4,"(2,5]","Semiskilled / skilled labor","None",3.5,0,3.5,0,0,0,0,0,0,0,0,0,0,1,1,0,0,0
"948","1912",2022-01-25,"Urban","40-59y","Male",7,"(5,50]","Semiprofessional / professional","Primary school",4.5,4.275,2.5,0,1,0,0,0,0,1,0,0,0,0,0,0,0,0
"949","1913",2022-01-26,"Urban","40-59y","Male",7,"(5,50]","Unemployed outside home","Primary school",4,21,4,0,0,0,0,0,1,1,1,1,1,1,1,0,0,0
"950","1914",2022-01-26,"Urban","30-39y","Female",8,"(5,50]","Semiskilled / skilled labor","None",1,0.75,1,0,0,0,0,0,0,0,0,0,0,0,0,0,0,0
"951","1915",2022-01-27,"Urban","30-39y","Female",2,"[0,2]","Unemployed outside home","None",10,1.20833333333333,5.5,1,1,1,1,0,0,0,0,0,0,1,1,1,1,0
"952","1916",2022-01-27,"Urban","30-39y","Female",5,"(2,5]","Unemployed outside home","Primary school",2,0.358333333333333,1,0,0,0,0,0,0,0,0,0,0,0,0,0,0,0
"953","1917",2022-01-27,"Urban","30-39y","Female",5,"(2,5]","Student","Currently enrolled in school",1,0,1,0,0,0,0,0,0,0,0,0,0,0,0,0,0,0
"954","1918",2022-01-26,"Urban","30-39y","Male",3,"(2,5]","Semiprofessional / professional","Secondary school",2.5,9,1.5,0,0,0,0,0,1,1,0,0,0,0,0,0,0,0
"955","1920",2022-01-18,"Urban","60+y","Male",5,"(2,5]","Unemployed outside home","Secondary school",2,3.25,2,0,0,0,0,0,0,1,0,0,0,0,0,0,0,0
"956","1922",2022-01-20,"Urban","40-59y","Male",2,"[0,2]","Unemployed outside home","Primary school",1,0,1,0,0,0,0,0,0,0,0,0,0,0,0,0,0,0
"957","1924",2022-01-23,"Urban","40-59y","Female",4,"(2,5]","Semiskilled / skilled labor","Primary school",2.5,0.025,1,0,0,0,0,0,0,0,0,0,0,0,0,0,0,0
"958","1930",2022-01-26,"Urban","20-29y","Male",6,"(5,50]","Semiprofessional / professional","Secondary school",2.5,3.10833333333333,1.5,0,0,0,0,0,0,1,0,0,0,0,0,0,0,0
"959","1934",2022-01-28,"Urban","20-29y","Male",5,"(2,5]","Semiskilled / skilled labor","Secondary school",1,0,1,0,0,0,0,0,0,0,0,0,0,0,0,0,0,0
"960","1935",2022-01-24,"Urban","1-4y","Male",8,"(5,50]","Unemployed outside home","None",1,0.383333333333333,1,0,0,0,0,0,0,0,0,0,0,0,0,0,0,0
"961","1936",2022-01-24,"Urban","1-4y","Male",8,"(5,50]","Unemployed outside home","None",0,0,0,0,0,0,0,0,0,0,0,0,0,0,0,0,0,0
"962","1937",2022-01-26,"Urban","5-9y","Male",5,"(2,5]","Unemployed outside home",NA,0,0,0,0,0,0,0,0,0,0,0,0,0,0,0,0,0,0
"963","1938",2022-01-26,"Urban","1-4y","Male",3,"(2,5]","Unemployed outside home","None",2,0,2,0,0,0,0,0,0,0,0,0,0,0,0,0,0,0
"964","1939",2022-01-26,"Urban","60+y","Female",2,"[0,2]","Semiskilled / skilled labor","None",1,0,0,0,0,0,0,0,0,0,0,0,0,0,0,0,0,0
"965","1940",2022-01-26,"Urban","20-29y","Male",11,"(5,50]","Unemployed outside home","Primary school",0,0,0,0,0,0,0,0,0,0,0,0,0,0,0,0,0,0
"966","1941",2022-01-28,"Urban","5-9y","Female",7,"(5,50]","Unemployed outside home","Currently enrolled in school",0,0,0,0,0,0,0,0,0,0,0,0,0,0,0,0,0,0
"967","1944",2022-01-19,"Urban","5-9y","Female",6,"(5,50]","Unemployed outside home","Currently enrolled in school",1,0,1,0,0,0,0,0,0,0,0,0,0,0,0,0,0,0
"968","1945",2022-01-26,"Urban","20-29y","Female",5,"(2,5]","Student","Currently enrolled in school",3.5,4.44166666666667,1,0,0,0,0,0,0,1,0,0,0,0,0,0,0,0
"969","1946",2022-01-26,"Urban","5-9y","Female",5,"(2,5]","Unemployed outside home","Currently enrolled in school",6.5,15.3,6,1,1,0,0,0,1,1,1,1,0,1,1,1,1,0
"970","1947",2022-01-28,"Urban","60+y","Female",6,"(5,50]","Unemployed outside home","Primary school",4.5,0,3.5,0,1,0,0,0,0,0,0,0,0,1,1,0,0,0
"971","1948",2022-01-28,"Urban","5-9y","Female",11,"(5,50]","Unemployed outside home","Currently enrolled in school",7,22,7,1,1,1,0,0,1,1,1,1,1,1,1,1,1,1
"972","1949",2022-01-31,"Urban","30-39y","Male",5,"(2,5]","Student","Currently enrolled in school",9,13.6916666666667,5.5,1,1,1,1,0,1,1,1,1,0,1,1,1,1,0
"973","1956",2022-02-02,"Urban","30-39y","Female",3,"(2,5]","Semiskilled / skilled labor","Primary school",3.5,1.25,2,0,0,0,0,0,0,0,0,0,0,0,0,0,0,0
"974","1957",2022-02-02,"Urban","30-39y","Female",10,"(5,50]","Semiskilled / skilled labor","Secondary school",1,1.625,0,0,0,0,0,0,0,0,0,0,0,0,0,0,0,0
"975","1958",2022-02-02,"Urban","60+y","Male",6,"(5,50]","Unemployed outside home","Primary school",0,0,0,0,0,0,0,0,0,0,0,0,0,0,0,0,0,0
"976","1959",2022-01-28,"Urban","30-39y","Male",6,"(5,50]","Unemployed outside home","Secondary school",2.5,3.075,0,0,0,0,0,0,0,1,0,0,0,0,0,0,0,0
"977","1961",2022-01-31,"Urban","30-39y","Male",7,"(5,50]","Semiskilled / skilled labor","Secondary school",0,0,0,0,0,0,0,0,0,0,0,0,0,0,0,0,0,0
"978","1962",2022-01-27,"Urban","5-9y","Female",4,"(2,5]","Unemployed outside home","Currently enrolled in school",2,0,2,0,0,0,0,0,0,0,0,0,0,0,0,0,0,0
"979","1963",2022-01-27,"Urban","30-39y","Female",5,"(2,5]","Semiskilled / skilled labor","Primary school",1.5,3,0,0,0,0,0,0,0,1,0,0,0,0,0,0,0,0
"980","1964",2022-02-04,"Urban","10-19y","Female",3,"(2,5]","Student","Currently enrolled in school",2.5,3.19166666666667,2.5,0,0,0,0,0,0,1,0,0,0,0,0,0,0,0
"981","1965",2022-02-04,"Urban","5-9y","Male",6,"(5,50]","Unemployed outside home",NA,2,0,2,0,0,0,0,0,0,0,0,0,0,0,0,0,0,0
"982","1966",2022-02-04,"Urban","5-9y","Male",4,"(2,5]","Unemployed outside home","Currently enrolled in school",1,0,1,0,0,0,0,0,0,0,0,0,0,0,0,0,0,0
"983","1971",2022-02-10,"Urban","40-59y","Male",4,"(2,5]","Semiskilled / skilled labor","Currently enrolled in school",2,0,0,0,0,0,0,0,0,0,0,0,0,0,0,0,0,0
"984","1972",2022-02-10,"Urban","40-59y","Male",3,"(2,5]","Semiskilled / skilled labor","Currently enrolled in school",2.5,12,0.5,0,0,0,0,0,1,1,1,0,0,0,0,0,0,0
"985","1974",2022-02-10,"Urban","40-59y","Male",5,"(2,5]","Semiskilled / skilled labor","Currently enrolled in school",0,0,0,0,0,0,0,0,0,0,0,0,0,0,0,0,0,0
"986","1975",2022-02-10,"Urban","40-59y","Male",3,"(2,5]","Semiskilled / skilled labor","Currently enrolled in school",2.5,0,0,0,0,0,0,0,0,0,0,0,0,0,0,0,0,0
"987","1976",2022-02-09,"Urban","40-59y","Male",5,"(2,5]","Semiprofessional / professional","Some college or higher",3,12,0,0,0,0,0,0,1,1,1,0,0,0,0,0,0,0
"988","1977",2022-02-09,"Urban","5-9y","Female",9,"(5,50]","Unemployed outside home","Currently enrolled in school",4,0.191666666666667,4,0,0,0,0,0,0,0,0,0,0,1,1,0,0,0
"989","1978",2022-02-10,"Urban","40-59y","Male",3,"(2,5]","Semiskilled / skilled labor","Secondary school",3.5,0.75,2,0,0,0,0,0,0,0,0,0,0,0,0,0,0,0
"990","1980",2022-02-08,"Urban","40-59y","Male",5,"(2,5]","Semiskilled / skilled labor","Primary school",1,0,1,0,0,0,0,0,0,0,0,0,0,0,0,0,0,0
"991","1981",2022-02-08,"Urban","60+y","Male",3,"(2,5]","Unemployed outside home","Primary school",11.5,1.325,4.5,1,1,1,1,1,0,0,0,0,0,1,1,0,0,0
"992","1982",2022-02-09,"Urban","20-29y","Male",7,"(5,50]","Unemployed outside home","Currently enrolled in school",9,16.8166666666667,7.5,1,1,1,1,0,1,1,1,1,0,1,1,1,1,1
"993","1983",2022-02-10,"Urban","20-29y","Male",5,"(2,5]","Semiskilled / skilled labor","Secondary school",3.5,9.625,3,0,0,0,0,0,1,1,1,0,0,1,1,0,0,0
"994","1984",2022-02-10,"Urban","30-39y","Male",2,"[0,2]","Semiskilled / skilled labor","Primary school",2.5,9,2.5,0,0,0,0,0,1,1,0,0,0,0,0,0,0,0
"995","1985",2022-02-10,"Urban","60+y","Female",7,"(5,50]","Unemployed outside home","Primary school",2,0.05,1.5,0,0,0,0,0,0,0,0,0,0,0,0,0,0,0
"996","1988",2022-02-09,"Urban","40-59y","Male",5,"(2,5]","Semiprofessional / professional","Primary school",2.5,6,0.5,0,0,0,0,0,0,1,0,0,0,0,0,0,0,0
"997","1989",2022-02-07,"Urban","5-9y","Male",7,"(5,50]","Unemployed outside home",NA,2,9,2,0,0,0,0,0,1,1,0,0,0,0,0,0,0,0
"998","1990",2022-02-07,"Urban","5-9y","Male",8,"(5,50]","Unemployed outside home","Currently enrolled in school",2,0,2,0,0,0,0,0,0,0,0,0,0,0,0,0,0,0
"999","1992",2022-02-07,"Urban","5-9y","Female",10,"(5,50]","Unemployed outside home","Currently enrolled in school",0,0,0,0,0,0,0,0,0,0,0,0,0,0,0,0,0,0
"1000","1993",2022-02-07,"Urban","5-9y","Male",5,"(2,5]","Unemployed outside home","Currently enrolled in school",0,0,0,0,0,0,0,0,0,0,0,0,0,0,0,0,0,0
"1001","1994",2022-02-07,"Urban","5-9y","Male",10,"(5,50]","Unemployed outside home","Currently enrolled in school",0,0,0,0,0,0,0,0,0,0,0,0,0,0,0,0,0,0
"1002","1997",2022-02-08,"Urban","60+y","Male",4,"(2,5]","Unemployed outside home","Primary school",0,0,0,0,0,0,0,0,0,0,0,0,0,0,0,0,0,0
"1003","2000",2022-06-13,"Urban","5-9y","Female",2,"[0,2]","Unemployed outside home",NA,0,0,0,0,0,0,0,0,0,0,0,0,0,0,0,0,0,0
"1004","2002",2022-02-11,"Urban","60+y","Female",5,"(2,5]","Semiskilled / skilled labor","None",0.5,0,0.5,0,0,0,0,0,0,0,0,0,0,0,0,0,0,0
"1005","2007",2022-02-07,"Urban","40-59y","Male",2,"[0,2]","Semiskilled / skilled labor","Primary school",2,0.191666666666667,1,0,0,0,0,0,0,0,0,0,0,0,0,0,0,0
"1006","2009",2022-02-08,"Urban","20-29y","Male",2,"[0,2]","Semiskilled / skilled labor","Primary school",5.5,7.71666666666667,2.5,1,1,0,0,0,1,1,0,0,0,0,0,0,0,0
"1007","2010",2022-02-09,"Urban","20-29y","Male",6,"(5,50]","Semiprofessional / professional","Secondary school",2,7.25,2,0,0,0,0,0,1,1,0,0,0,0,0,0,0,0
"1008","2011",2022-02-10,"Urban","5-9y","Female",7,"(5,50]","Unemployed outside home",NA,2.5,2.5,1,0,0,0,0,0,0,0,0,0,0,0,0,0,0,0
"1009","2012",2022-02-10,"Urban","5-9y","Female",2,"[0,2]","Unemployed outside home","Primary school",2.5,3.25833333333333,2,0,0,0,0,0,0,1,0,0,0,0,0,0,0,0
"1010","2013",2022-02-11,"Urban","40-59y","Male",4,"(2,5]","Semiskilled / skilled labor","Currently enrolled in school",5,9.08333333333333,2.5,1,1,0,0,0,1,1,0,0,0,0,0,0,0,0
"1011","2014",2022-01-23,"Urban","60+y","Female",2,"[0,2]","Semiskilled / skilled labor","Primary school",6.5,6.5,4.5,1,1,0,0,0,1,1,0,0,0,1,1,0,0,0
"1012","2016",2022-02-21,"Urban","5-9y","Male",4,"(2,5]","Unemployed outside home",NA,1,6,0,0,0,0,0,0,0,1,0,0,0,0,0,0,0,0
"1013","2017",2022-02-21,"Urban","5-9y","Male",5,"(2,5]","Unemployed outside home",NA,0,0,0,0,0,0,0,0,0,0,0,0,0,0,0,0,0,0
"1014","2018",2022-02-01,"Urban","30-39y","Male",2,"[0,2]","Semiprofessional / professional","Secondary school",4,0.108333333333333,4,0,0,0,0,0,0,0,0,0,0,1,1,0,0,0
"1015","2019",2022-02-21,"Urban","40-59y","Male",6,"(5,50]","Semiprofessional / professional","Primary school",2.5,4.5,1.5,0,0,0,0,0,0,1,0,0,0,0,0,0,0,0
"1016","2020",2022-02-21,"Urban","10-19y","Male",6,"(5,50]","Student","Currently enrolled in school",4,0.275,3.5,0,0,0,0,0,0,0,0,0,0,1,1,0,0,0
"1017","2021",2022-02-21,"Urban","10-19y","Female",5,"(2,5]","Student","Currently enrolled in school",8,30.9416666666667,7,1,1,1,1,0,1,1,1,1,1,1,1,1,1,1
"1018","2022",2022-02-21,"Urban","20-29y","Female",10,"(5,50]","Unemployed outside home","Secondary school",6.5,5.60833333333333,5.5,1,1,0,0,0,0,1,0,0,0,1,1,1,1,0
"1019","2023",2022-02-20,"Urban","20-29y","Male",8,"(5,50]","Student","Currently enrolled in school",2,5,2,0,0,0,0,0,0,1,0,0,0,0,0,0,0,0
"1020","2026",2022-02-22,"Urban","20-29y","Female",2,"[0,2]","Student","Currently enrolled in school",2,0,2,0,0,0,0,0,0,0,0,0,0,0,0,0,0,0
"1021","2027",2022-02-23,"Urban","40-59y","Female",4,"(2,5]","Unemployed outside home","Primary school",2,0,0,0,0,0,0,0,0,0,0,0,0,0,0,0,0,0
"1022","2029",2022-02-24,"Urban","60+y","Female",5,"(2,5]","Semiskilled / skilled labor","Primary school",0,0,0,0,0,0,0,0,0,0,0,0,0,0,0,0,0,0
"1023","2030",2022-02-22,"Urban","40-59y","Female",6,"(5,50]","Semiskilled / skilled labor","Currently enrolled in school",1,2.5,0,0,0,0,0,0,0,0,0,0,0,0,0,0,0,0
"1024","2031",2022-02-22,"Urban","40-59y","Male",3,"(2,5]","Semiprofessional / professional","Currently enrolled in school",1,0,0,0,0,0,0,0,0,0,0,0,0,0,0,0,0,0
"1025","2032",2022-02-23,"Urban","40-59y","Female",7,"(5,50]","Unemployed outside home","Primary school",1.5,0,1.5,0,0,0,0,0,0,0,0,0,0,0,0,0,0,0
"1026","2033",2022-02-20,"Urban","30-39y","Female",6,"(5,50]","Semiprofessional / professional","Primary school",2,6,1.5,0,0,0,0,0,0,1,0,0,0,0,0,0,0,0
"1027","2034",2022-02-22,"Urban","40-59y","Female",4,"(2,5]","Semiskilled / skilled labor","Primary school",2,0,2,0,0,0,0,0,0,0,0,0,0,0,0,0,0,0
"1028","2035",2022-02-27,"Urban","40-59y","Female",3,"(2,5]","Unemployed outside home","Primary school",2,0,1,0,0,0,0,0,0,0,0,0,0,0,0,0,0,0
"1029","2039",2022-01-28,"Urban","30-39y","Female",7,"(5,50]","Unemployed outside home","Secondary school",10,14.2083333333333,7,1,1,1,1,0,1,1,1,1,0,1,1,1,1,1
"1030","2040",2022-01-28,"Urban","30-39y","Male",3,"(2,5]","Unemployed outside home","Primary school",5.5,0.0833333333333333,1.5,1,1,0,0,0,0,0,0,0,0,0,0,0,0,0
"1031","2041",2022-01-31,"Urban","30-39y","Female",6,"(5,50]","Unemployed outside home","Primary school",3.5,3.25,0.5,0,0,0,0,0,0,1,0,0,0,0,0,0,0,0
"1032","2042",2022-02-01,"Urban","30-39y","Male",7,"(5,50]","Semiskilled / skilled labor","Primary school",4,12.8416666666667,2.5,0,0,0,0,0,1,1,1,1,0,0,0,0,0,0
"1033","2043",2022-02-01,"Urban","30-39y","Female",4,"(2,5]","Unemployed outside home","Primary school",7,4.575,3,1,1,1,0,0,0,1,0,0,0,1,1,0,0,0
"1034","2044",2022-02-02,"Urban","30-39y","Female",5,"(2,5]","Semiskilled / skilled labor","Primary school",8,0.491666666666667,7,1,1,1,1,0,0,0,0,0,0,1,1,1,1,1
"1035","2045",2022-02-02,"Urban","30-39y","Female",4,"(2,5]","Unemployed outside home","None",0,0,0,0,0,0,0,0,0,0,0,0,0,0,0,0,0,0
"1036","2046",2022-02-04,"Urban","30-39y","Male",10,"(5,50]","Semiskilled / skilled labor","Primary school",4,21,3,0,0,0,0,0,1,1,1,1,1,1,1,0,0,0
"1037","2047",2022-02-07,"Urban","30-39y","Male",10,"(5,50]","Semiskilled / skilled labor","Secondary school",1.5,0.75,0.5,0,0,0,0,0,0,0,0,0,0,0,0,0,0,0
"1038","2048",2022-02-07,"Urban","30-39y","Female",7,"(5,50]","Unemployed outside home","Secondary school",2,0.575,0.5,0,0,0,0,0,0,0,0,0,0,0,0,0,0,0
"1039","2049",2022-02-08,"Urban","30-39y","Male",4,"(2,5]","Student","Currently enrolled in school",3.5,6.25,0,0,0,0,0,0,0,1,0,0,0,0,0,0,0,0
"1040","2050",2022-02-08,"Urban","30-39y","Male",5,"(2,5]","Unemployed outside home","Primary school",2,0,1,0,0,0,0,0,0,0,0,0,0,0,0,0,0,0
"1041","2051",2022-02-09,"Urban","40-59y","Male",4,"(2,5]","Semiprofessional / professional","Primary school",3,12.5666666666667,2,0,0,0,0,0,1,1,1,1,0,0,0,0,0,0
"1042","2052",2022-02-09,"Urban","30-39y","Male",5,"(2,5]","Semiskilled / skilled labor","Secondary school",3.5,10.4416666666667,3.5,0,0,0,0,0,1,1,1,0,0,1,1,0,0,0
"1043","2053",2022-02-10,"Urban","30-39y","Male",4,"(2,5]","Semiskilled / skilled labor","Secondary school",2,4.35833333333333,2,0,0,0,0,0,0,1,0,0,0,0,0,0,0,0
"1044","2054",2022-02-22,"Urban","20-29y","Male",3,"(2,5]","Semiprofessional / professional","Primary school",6.5,39,1,1,1,0,0,0,1,1,1,1,1,0,0,0,0,0
"1045","2055",2022-02-22,"Urban","20-29y","Female",5,"(2,5]","Unemployed outside home","Primary school",6,33.0833333333333,2.5,1,1,0,0,0,1,1,1,1,1,0,0,0,0,0
"1046","2056",2022-02-22,"Urban","20-29y","Male",2,"[0,2]","Semiskilled / skilled labor","Secondary school",2.5,9.75,1.5,0,0,0,0,0,1,1,1,0,0,0,0,0,0,0
"1047","2057",2022-02-23,"Urban","20-29y","Male",9,"(5,50]","Semiskilled / skilled labor","Secondary school",3,18,3,0,0,0,0,0,1,1,1,1,0,1,1,0,0,0
"1048","2058",2022-02-23,"Urban","20-29y","Female",4,"(2,5]","Unemployed outside home","Secondary school",5,0.166666666666667,3.5,1,1,0,0,0,0,0,0,0,0,1,1,0,0,0
"1049","2059",2022-02-23,"Urban","20-29y","Male",3,"(2,5]","Unemployed outside home","Secondary school",1.5,6,1.5,0,0,0,0,0,0,1,0,0,0,0,0,0,0,0
"1050","2060",2022-02-23,"Urban","20-29y","Male",5,"(2,5]","Semiskilled / skilled labor","Secondary school",3.5,9,3.5,0,0,0,0,0,1,1,0,0,0,1,1,0,0,0
"1051","2061",2022-02-23,"Urban","20-29y","Male",9,"(5,50]","Student","Currently enrolled in school",2.5,6.38333333333333,2.5,0,0,0,0,0,1,1,0,0,0,0,0,0,0,0
"1052","2062",2022-02-24,"Urban","20-29y","Female",7,"(5,50]","Unemployed outside home","Secondary school",5,25.3333333333333,4.5,1,1,0,0,0,1,1,1,1,1,1,1,0,0,0
"1053","2063",2022-02-25,"Urban","60+y","Male",8,"(5,50]","Unemployed outside home","Primary school",3,0,0.5,0,0,0,0,0,0,0,0,0,0,0,0,0,0,0
"1054","2066",2022-02-25,"Urban","60+y","Male",8,"(5,50]","Unemployed outside home","Primary school",2,5,0,0,0,0,0,0,0,1,0,0,0,0,0,0,0,0
"1055","2067",2022-02-25,"Urban","60+y","Male",1,"[0,2]","Semiprofessional / professional","Primary school",4,0.925,1.5,0,0,0,0,0,0,0,0,0,0,0,0,0,0,0
"1056","2068",2022-02-25,"Urban","60+y","Male",6,"(5,50]","Semiprofessional / professional","Primary school",1.5,6.375,0,0,0,0,0,0,1,1,0,0,0,0,0,0,0,0
"1057","2069",2022-03-01,"Urban","60+y","Male",4,"(2,5]","Unemployed outside home","Primary school",2.5,0,1.5,0,0,0,0,0,0,0,0,0,0,0,0,0,0,0
"1058","2073",2022-02-26,"Urban","40-59y","Female",5,"(2,5]","Unemployed outside home","Primary school",2,1.25,0.5,0,0,0,0,0,0,0,0,0,0,0,0,0,0,0
"1059","2074",2022-02-26,"Urban","20-29y","Male",8,"(5,50]","Semiskilled / skilled labor","Secondary school",4,15,2.5,0,0,0,0,0,1,1,1,1,0,0,0,0,0,0
"1060","2075",2022-02-26,"Urban","20-29y","Male",6,"(5,50]","Semiskilled / skilled labor","Secondary school",1.5,2.875,0.5,0,0,0,0,0,0,1,0,0,0,0,0,0,0,0
"1061","2080",2022-03-03,"Urban","60+y","Male",5,"(2,5]","Unemployed outside home","Primary school",5,0.166666666666667,4,1,1,0,0,0,0,0,0,0,0,1,1,0,0,0
"1062","2081",2022-03-04,"Urban","60+y","Male",6,"(5,50]","Unemployed outside home","Primary school",0.5,0,0,0,0,0,0,0,0,0,0,0,0,0,0,0,0,0
"1063","2082",2022-03-06,"Urban","60+y","Male",8,"(5,50]","Unemployed outside home","Primary school",3.5,0,3.5,0,0,0,0,0,0,0,0,0,0,1,1,0,0,0
"1064","2083",2022-02-23,"Urban","10-19y","Female",5,"(2,5]","Student","Currently enrolled in school",4.5,8.24166666666667,3.5,0,1,0,0,0,1,1,0,0,0,1,1,0,0,0
"1065","2084",2022-02-23,"Urban","40-59y","Female",4,"(2,5]","Semiskilled / skilled labor","Primary school",3.5,7.5,3,0,0,0,0,0,1,1,0,0,0,1,1,0,0,0
"1066","2086",2022-02-24,"Urban","40-59y","Female",5,"(2,5]","Semiskilled / skilled labor","Primary school",4,0.291666666666667,2.5,0,0,0,0,0,0,0,0,0,0,0,0,0,0,0
"1067","2089",2022-03-04,"Urban","10-19y","Female",4,"(2,5]","Student","Currently enrolled in school",9,14.5833333333333,9,1,1,1,1,0,1,1,1,1,0,1,1,1,1,1
"1068","2091",2022-01-23,"Urban","20-29y","Male",4,"(2,5]","Student","Currently enrolled in school",1,0,1,0,0,0,0,0,0,0,0,0,0,0,0,0,0,0
"1069","2092",2022-01-23,"Urban","60+y","Female",2,"[0,2]","Semiskilled / skilled labor","Primary school",6.5,6.5,4.5,1,1,0,0,0,1,1,0,0,0,1,1,0,0,0
"1070","2093",2022-02-20,"Urban","40-59y","Male",6,"(5,50]","Semiskilled / skilled labor","Primary school",12,14.3416666666667,3.5,1,1,1,1,1,1,1,1,1,0,1,1,0,0,0
"1071","2094",2022-02-20,"Urban","40-59y","Female",5,"(2,5]","Semiprofessional / professional","Secondary school",2,5,2,0,0,0,0,0,0,1,0,0,0,0,0,0,0,0
"1072","2096",2022-02-22,"Urban","40-59y","Male",9,"(5,50]","Semiskilled / skilled labor","Secondary school",5.5,0.55,3,1,1,0,0,0,0,0,0,0,0,1,1,0,0,0
"1073","2097",2022-01-27,"Urban","20-29y","Male",6,"(5,50]","Semiprofessional / professional","Primary school",4.5,25.25,0,0,1,0,0,0,1,1,1,1,1,0,0,0,0,0
"1074","2098",2022-02-07,"Urban","20-29y","Male",5,"(2,5]","Unemployed outside home","Secondary school",1,0,1,0,0,0,0,0,0,0,0,0,0,0,0,0,0,0
"1075","2099",2022-02-07,"Urban","40-59y","Male",2,"[0,2]","Semiskilled / skilled labor","Primary school",0,0,0,0,0,0,0,0,0,0,0,0,0,0,0,0,0,0
"1076","2100",2022-02-08,"Urban","20-29y","Male",3,"(2,5]","Semiprofessional / professional","Secondary school",6,30.375,0,1,1,0,0,0,1,1,1,1,1,0,0,0,0,0
"1077","2101",2022-02-08,"Urban","20-29y","Male",2,"[0,2]","Semiskilled / skilled labor","Primary school",5.5,7.65833333333333,1.5,1,1,0,0,0,1,1,0,0,0,0,0,0,0,0
"1078","2102",2022-01-26,"Urban","5-9y","Female",4,"(2,5]","Unemployed outside home","Currently enrolled in school",5,3.91666666666667,5,1,1,0,0,0,0,1,0,0,0,1,1,1,0,0
"1079","2103",2022-01-25,"Urban","40-59y","Male",2,"[0,2]","Semiprofessional / professional","Secondary school",4,18.1916666666667,0,0,0,0,0,0,1,1,1,1,0,0,0,0,0,0
"1080","2104",2022-01-25,"Urban","40-59y","Male",10,"(5,50]","Semiprofessional / professional","Some college or higher",12,3.66666666666667,1,1,1,1,1,1,0,1,0,0,0,0,0,0,0,0
"1081","2105",2022-01-31,"Urban","5-9y","Male",5,"(2,5]","Unemployed outside home",NA,4.5,0,4.5,0,1,0,0,0,0,0,0,0,0,1,1,0,0,0
"1082","2106",2022-01-22,"Urban","60+y","Male",7,"(5,50]","Unemployed outside home","Primary school",1.5,0,0.5,0,0,0,0,0,0,0,0,0,0,0,0,0,0,0
"1083","2107",2022-02-01,"Urban","5-9y","Male",5,"(2,5]","Unemployed outside home","Currently enrolled in school",7.5,8.06666666666667,1.5,1,1,1,0,0,1,1,0,0,0,0,0,0,0,0
"1084","2108",2022-02-01,"Urban","5-9y","Male",11,"(5,50]","Unemployed outside home","Currently enrolled in school",2.5,0,2,0,0,0,0,0,0,0,0,0,0,0,0,0,0,0
"1085","2109",2022-02-02,"Urban","5-9y","Male",7,"(5,50]","Unemployed outside home","Currently enrolled in school",9,0.55,7,1,1,1,1,0,0,0,0,0,0,1,1,1,1,1
"1086","2110",2022-02-02,"Urban","5-9y","Male",6,"(5,50]","Unemployed outside home",NA,8,0.758333333333333,8,1,1,1,1,0,0,0,0,0,0,1,1,1,1,1
"1087","2111",2022-02-02,"Urban","5-9y","Male",6,"(5,50]","Unemployed outside home","Currently enrolled in school",5.5,0,5.5,1,1,0,0,0,0,0,0,0,0,1,1,1,1,0
"1088","2112",2022-01-23,"Urban","40-59y","Male",12,"(5,50]","Semiprofessional / professional","Primary school",4,9.45833333333333,1,0,0,0,0,0,1,1,0,0,0,0,0,0,0,0
"1089","2113",2022-01-27,"Urban","5-9y","Female",5,"(2,5]","Unemployed outside home",NA,2.5,1.63333333333333,1,0,0,0,0,0,0,0,0,0,0,0,0,0,0,0
"1090","2114",2022-02-04,"Urban","5-9y","Female",9,"(5,50]","Unemployed outside home","Currently enrolled in school",6,25.4416666666667,5,1,1,0,0,0,1,1,1,1,1,1,1,1,0,0
"1091","2115",2022-01-23,"Urban","40-59y","Male",1,"[0,2]","Unemployed outside home","Primary school",9,4.025,0,1,1,1,1,0,0,1,0,0,0,0,0,0,0,0
"1092","2117",2022-02-07,"Urban","5-9y","Female",6,"(5,50]","Unemployed outside home",NA,5,0.191666666666667,5,1,1,0,0,0,0,0,0,0,0,1,1,1,0,0
"1093","2120",2022-02-08,"Urban","5-9y","Female",10,"(5,50]","Unemployed outside home","Currently enrolled in school",10.5,24.2416666666667,10.5,1,1,1,1,1,1,1,1,1,1,1,1,1,1,1
"1094","2121",2022-02-08,"Urban","5-9y","Female",6,"(5,50]","Unemployed outside home",NA,9,0.275,8,1,1,1,1,0,0,0,0,0,0,1,1,1,1,1
"1095","2122",2022-02-09,"Urban","5-9y","Female",6,"(5,50]","Unemployed outside home",NA,4.5,0,4.5,0,1,0,0,0,0,0,0,0,0,1,1,0,0,0
"1096","2123",2022-02-09,"Urban","5-9y","Female",5,"(2,5]","Unemployed outside home","Primary school",3,2.5,3,0,0,0,0,0,0,0,0,0,0,1,1,0,0,0
"1097","2124",2022-01-28,"Urban","5-9y","Female",5,"(2,5]","Unemployed outside home","Currently enrolled in school",6.5,0,6.5,1,1,0,0,0,0,0,0,0,0,1,1,1,1,0
"1098","2125",2022-02-10,"Urban","5-9y","Female",3,"(2,5]","Unemployed outside home","Currently enrolled in school",7.5,0,7.5,1,1,1,0,0,0,0,0,0,0,1,1,1,1,1
"1099","2126",2022-02-10,"Urban","5-9y","Female",6,"(5,50]","Unemployed outside home","Currently enrolled in school",1,0.0833333333333333,1,0,0,0,0,0,0,0,0,0,0,0,0,0,0,0
"1100","2127",2022-02-10,"Urban","5-9y","Female",5,"(2,5]","Unemployed outside home","Currently enrolled in school",2.5,1.625,2.5,0,0,0,0,0,0,0,0,0,0,0,0,0,0,0
"1101","2128",2022-01-24,"Urban","40-59y","Male",5,"(2,5]","Semiprofessional / professional","Primary school",6.5,19.9,1,1,1,0,0,0,1,1,1,1,1,0,0,0,0,0
"1102","2129",2022-01-26,"Urban","40-59y","Male",1,"[0,2]","Unemployed outside home","Secondary school",12,19.75,5,1,1,1,1,1,1,1,1,1,1,1,1,1,0,0
"1103","2130",2022-02-20,"Urban","5-9y","Female",9,"(5,50]","Unemployed outside home","Currently enrolled in school",4,8,2,0,0,0,0,0,1,1,0,0,0,0,0,0,0,0
"1104","2131",2022-02-22,"Urban","10-19y","Female",7,"(5,50]","Unemployed outside home","Primary school",4.5,8.5,2,0,1,0,0,0,1,1,0,0,0,0,0,0,0,0
"1105","2132",2022-02-22,"Urban","10-19y","Male",3,"(2,5]","Student","Currently enrolled in school",8,15.325,6,1,1,1,1,0,1,1,1,1,0,1,1,1,1,0
"1106","2133",2022-02-22,"Urban","10-19y","Male",3,"(2,5]","Semiskilled / skilled labor","Secondary school",11,8.80833333333333,3,1,1,1,1,1,1,1,0,0,0,1,1,0,0,0
"1107","2134",2022-02-23,"Urban","10-19y","Male",5,"(2,5]","Student","Currently enrolled in school",4,1.225,4,0,0,0,0,0,0,0,0,0,0,1,1,0,0,0
"1108","2135",2022-01-24,"Urban","60+y","Male",8,"(5,50]","Semiskilled / skilled labor","Primary school",3.5,0.375,0,0,0,0,0,0,0,0,0,0,0,0,0,0,0,0
"1109","2136",2022-02-23,"Urban","10-19y","Male",9,"(5,50]","Student","Currently enrolled in school",3.5,3.83333333333333,3,0,0,0,0,0,0,1,0,0,0,1,1,0,0,0
"1110","2137",2022-02-23,"Urban","10-19y","Male",4,"(2,5]","Student","Currently enrolled in school",6,27.3833333333333,3.5,1,1,0,0,0,1,1,1,1,1,1,1,0,0,0
"1111","2138",2022-02-23,"Urban","10-19y","Male",8,"(5,50]","Student","Currently enrolled in school",7.5,9.60833333333333,3,1,1,1,0,0,1,1,1,0,0,1,1,0,0,0
"1112","2139",2022-02-24,"Urban","10-19y","Female",6,"(5,50]","Student","Currently enrolled in school",5,5.04166666666667,3.5,1,1,0,0,0,0,1,0,0,0,1,1,0,0,0
"1113","2140",2022-02-24,"Urban","10-19y","Female",4,"(2,5]","Student","Currently enrolled in school",6.5,3.825,4.5,1,1,0,0,0,0,1,0,0,0,1,1,0,0,0
"1114","2141",2022-02-25,"Urban","30-39y","Male",7,"(5,50]","Unemployed outside home","Primary school",5,11.0083333333333,1,1,1,0,0,0,1,1,1,0,0,0,0,0,0,0
"1115","2142",2022-02-28,"Urban","30-39y","Male",3,"(2,5]","Semiskilled / skilled labor","Secondary school",7,12.0833333333333,7,1,1,1,0,0,1,1,1,1,0,1,1,1,1,1
"1116","2144",2022-03-02,"Urban","30-39y","Female",6,"(5,50]","Semiskilled / skilled labor","Secondary school",7.5,0.85,3.5,1,1,1,0,0,0,0,0,0,0,1,1,0,0,0
"1117","2145",2022-03-03,"Urban","30-39y","Male",6,"(5,50]","Unemployed outside home","Secondary school",4,8,3.5,0,0,0,0,0,1,1,0,0,0,1,1,0,0,0
"1118","2146",2022-01-22,"Urban","40-59y","Male",6,"(5,50]","Semiprofessional / professional","Secondary school",3,0.9,0,0,0,0,0,0,0,0,0,0,0,0,0,0,0,0
"1119","2147",2022-03-04,"Urban","30-39y","Male",4,"(2,5]","Unemployed outside home","Primary school",3.5,12.0833333333333,3,0,0,0,0,0,1,1,1,1,0,1,1,0,0,0
"1120","2148",2022-01-23,"Urban","40-59y","Male",3,"(2,5]","Semiprofessional / professional","Primary school",2,12,0,0,0,0,0,0,1,1,1,0,0,0,0,0,0,0
"1121","2149",2022-01-29,"Urban","5-9y","Male",6,"(5,50]","Unemployed outside home",NA,12,5.68333333333333,11,1,1,1,1,1,0,1,0,0,0,1,1,1,1,1
"1122","2150",2022-01-25,"Urban","40-59y","Male",3,"(2,5]","Semiprofessional / professional","Primary school",9.5,5.75833333333333,0.5,1,1,1,1,0,0,1,0,0,0,0,0,0,0,0
"1123","2151",2022-01-23,"Urban","40-59y","Male",3,"(2,5]","Semiprofessional / professional","Primary school",4,11.1083333333333,1.5,0,0,0,0,0,1,1,1,0,0,0,0,0,0,0
"1124","2153",2022-03-11,"Urban","5-9y","Female",5,"(2,5]","Unemployed outside home","Currently enrolled in school",2.5,0,2.5,0,0,0,0,0,0,0,0,0,0,0,0,0,0,0
"1125","2154",2022-03-11,"Urban","5-9y","Female",6,"(5,50]","Unemployed outside home",NA,2,0,2,0,0,0,0,0,0,0,0,0,0,0,0,0,0,0
"1126","2155",2022-03-11,"Urban","40-59y","Female",5,"(2,5]","Semiskilled / skilled labor","Primary school",7,0.158333333333333,5,1,1,1,0,0,0,0,0,0,0,1,1,1,0,0
"1127","2156",2022-02-22,"Urban","40-59y","Female",4,"(2,5]","Unemployed outside home","Primary school",4.5,10,4,0,1,0,0,0,1,1,1,0,0,1,1,0,0,0
"1128","2157",2022-02-22,"Urban","40-59y","Male",5,"(2,5]","Semiskilled / skilled labor","Primary school",4.5,6.41666666666667,3.5,0,1,0,0,0,1,1,0,0,0,1,1,0,0,0
"1129","2158",2022-03-18,"Urban","10-19y","Male",4,"(2,5]","Unemployed outside home","Secondary school",4.5,27,4.5,0,1,0,0,0,1,1,1,1,1,1,1,0,0,0
"1130","2159",2022-03-18,"Urban","10-19y","Female",5,"(2,5]","Student","Secondary school",6,7.5,3.5,1,1,0,0,0,1,1,0,0,0,1,1,0,0,0
"1131","2160",2022-03-18,"Urban","10-19y","Female",3,"(2,5]","Student","Currently enrolled in school",12.5,43,9.5,1,1,1,1,1,1,1,1,1,1,1,1,1,1,1
"1132","2161",2022-03-20,"Urban","10-19y","Female",4,"(2,5]","Student","Currently enrolled in school",4,6.83333333333333,3,0,0,0,0,0,1,1,0,0,0,1,1,0,0,0
"1133","2162",2022-03-20,"Urban","10-19y","Male",7,"(5,50]","Student","Currently enrolled in school",8.5,32.1666666666667,7.5,1,1,1,1,0,1,1,1,1,1,1,1,1,1,1
"1134","2167",2022-03-21,"Urban","10-19y","Female",4,"(2,5]","Student","Currently enrolled in school",1,0,1,0,0,0,0,0,0,0,0,0,0,0,0,0,0,0
"1135","2168",2022-03-21,"Urban","10-19y","Female",8,"(5,50]","Student","Currently enrolled in school",2.5,3.375,2.5,0,0,0,0,0,0,1,0,0,0,0,0,0,0,0
"1136","2169",2022-03-22,"Urban","10-19y","Male",6,"(5,50]","Student","Currently enrolled in school",3,0,3,0,0,0,0,0,0,0,0,0,0,1,1,0,0,0
"1137","2170",2022-03-23,"Urban","10-19y","Female",7,"(5,50]","Student","Currently enrolled in school",2,0,2,0,0,0,0,0,0,0,0,0,0,0,0,0,0,0
"1138","2171",2022-03-23,"Urban","10-19y","Male",3,"(2,5]","Student","Currently enrolled in school",8,0,8,1,1,1,1,0,0,0,0,0,0,1,1,1,1,1
"1139","2172",2022-03-20,"Urban","10-19y","Female",4,"(2,5]","Student","Currently enrolled in school",1,2.5,1,0,0,0,0,0,0,0,0,0,0,0,0,0,0,0
"1140","2173",2022-03-20,"Urban","10-19y","Female",5,"(2,5]","Semiskilled / skilled labor","Secondary school",6.5,26.75,3,1,1,0,0,0,1,1,1,1,1,1,1,0,0,0
"1141","2174",2022-03-22,"Urban","10-19y","Male",6,"(5,50]","Student","Currently enrolled in school",4,18,2.5,0,0,0,0,0,1,1,1,1,0,0,0,0,0,0
"1142","2175",2022-03-19,"Urban","10-19y","Male",7,"(5,50]","Student","Currently enrolled in school",1.5,7.25,1.5,0,0,0,0,0,1,1,0,0,0,0,0,0,0,0
"1143","2176",2022-03-19,"Urban","10-19y","Male",3,"(2,5]","Student","Currently enrolled in school",3.5,6.375,3.5,0,0,0,0,0,1,1,0,0,0,1,1,0,0,0
"1144","2177",2022-03-19,"Urban","10-19y","Male",8,"(5,50]","Student","Currently enrolled in school",3,12,1.5,0,0,0,0,0,1,1,1,0,0,0,0,0,0,0
"1145","2178",2022-03-18,"Urban","10-19y","Female",4,"(2,5]","Student","Currently enrolled in school",1.5,0,1.5,0,0,0,0,0,0,0,0,0,0,0,0,0,0,0
"1146","2179",2022-03-19,"Urban","10-19y","Female",5,"(2,5]","Student","Currently enrolled in school",4,9.95,1.5,0,0,0,0,0,1,1,1,0,0,0,0,0,0,0
"1147","2180",2022-03-19,"Urban","10-19y","Male",7,"(5,50]","Student","Currently enrolled in school",4.5,1.31666666666667,4,0,1,0,0,0,0,0,0,0,0,1,1,0,0,0
"1148","2181",2022-03-17,"Urban","10-19y","Female",5,"(2,5]","Student","Currently enrolled in school",0,0,0,0,0,0,0,0,0,0,0,0,0,0,0,0,0,0
"1149","2182",2022-03-18,"Urban","10-19y","Female",6,"(5,50]","Student","Currently enrolled in school",7.5,18,6.5,1,1,1,0,0,1,1,1,1,0,1,1,1,1,0
"1150","2183",2022-03-17,"Urban","10-19y","Male",6,"(5,50]","Student","Currently enrolled in school",4,15,4,0,0,0,0,0,1,1,1,1,0,1,1,0,0,0
"1151","2184",2022-03-17,"Urban","10-19y","Male",4,"(2,5]","Student","Currently enrolled in school",3.5,13.25,3,0,0,0,0,0,1,1,1,1,0,1,1,0,0,0
"1152","2185",2022-03-18,"Urban","10-19y","Male",5,"(2,5]","Student","Currently enrolled in school",5,26.5,4,1,1,0,0,0,1,1,1,1,1,1,1,0,0,0
"1153","2186",2022-03-18,"Urban","10-19y","Female",7,"(5,50]","Student","Currently enrolled in school",3,9.75,3,0,0,0,0,0,1,1,1,0,0,1,1,0,0,0
"1154","2187",2022-03-18,"Urban","10-19y","Male",9,"(5,50]","Student","Currently enrolled in school",4,19.25,4,0,0,0,0,0,1,1,1,1,1,1,1,0,0,0
"1155","2188",2022-03-21,"Urban","10-19y","Male",5,"(2,5]","Student","Currently enrolled in school",4.5,20,4.5,0,1,0,0,0,1,1,1,1,1,1,1,0,0,0
"1156","2189",2022-03-21,"Urban","10-19y","Male",8,"(5,50]","Student","Primary school",4.5,9,4.5,0,1,0,0,0,1,1,0,0,0,1,1,0,0,0
"1157","2190",2022-03-21,"Urban","10-19y","Male",5,"(2,5]","Student","Currently enrolled in school",5.5,19.25,5.5,1,1,0,0,0,1,1,1,1,1,1,1,1,1,0
"1158","2191",2022-03-22,"Urban","10-19y","Male",7,"(5,50]","Student","Currently enrolled in school",5,10.875,5,1,1,0,0,0,1,1,1,0,0,1,1,1,0,0
"1159","2192",2022-03-22,"Urban","10-19y","Male",9,"(5,50]","Unemployed outside home","None",4,0,4,0,0,0,0,0,0,0,0,0,0,1,1,0,0,0
"1160","2193",2022-03-22,"Urban","10-19y","Male",4,"(2,5]","Student","Currently enrolled in school",5,13.5,5,1,1,0,0,0,1,1,1,1,0,1,1,1,0,0
"1161","2194",2022-03-23,"Urban","10-19y","Male",7,"(5,50]","Student","Currently enrolled in school",3.5,12.4083333333333,2.5,0,0,0,0,0,1,1,1,1,0,0,0,0,0,0
"1162","2195",2022-03-25,"Urban","10-19y","Female",9,"(5,50]","Student","Currently enrolled in school",2,0,2,0,0,0,0,0,0,0,0,0,0,0,0,0,0,0
"1163","2196",2022-03-27,"Urban","10-19y","Male",8,"(5,50]","Student","Currently enrolled in school",1.5,3.75,1.5,0,0,0,0,0,0,1,0,0,0,0,0,0,0,0
"1164","2198",2022-03-23,"Urban","10-19y","Male",7,"(5,50]","Student","Currently enrolled in school",0,0,0,0,0,0,0,0,0,0,0,0,0,0,0,0,0,0
"1165","2199",2022-03-25,"Urban","10-19y","Female",5,"(2,5]","Student","Currently enrolled in school",4.5,3.73333333333333,4.5,0,1,0,0,0,0,1,0,0,0,1,1,0,0,0
"1166","2200",2022-03-25,"Urban","10-19y","Female",8,"(5,50]","Student","Currently enrolled in school",3.5,0.05,3.5,0,0,0,0,0,0,0,0,0,0,1,1,0,0,0
"1167","2201",2022-03-25,"Urban","10-19y","Female",7,"(5,50]","Student","Currently enrolled in school",0,0,0,0,0,0,0,0,0,0,0,0,0,0,0,0,0,0
"1168","2202",2022-03-25,"Urban","10-19y","Male",5,"(2,5]","Student","Currently enrolled in school",2,7.625,0.5,0,0,0,0,0,1,1,0,0,0,0,0,0,0,0
"1169","2203",2022-03-16,"Urban","10-19y","Male",5,"(2,5]","Student","Currently enrolled in school",6.5,5.80833333333333,1.5,1,1,0,0,0,0,1,0,0,0,0,0,0,0,0
"1170","2204",2022-03-17,"Urban","10-19y","Female",5,"(2,5]","Student","Currently enrolled in school",4,2.66666666666667,2,0,0,0,0,0,0,1,0,0,0,0,0,0,0,0
"1171","2205",2022-03-17,"Urban","10-19y","Male",11,"(5,50]","Student","Currently enrolled in school",13,28.7,10,1,1,1,1,1,1,1,1,1,1,1,1,1,1,1
"1172","2206",2022-03-18,"Urban","10-19y","Female",8,"(5,50]","Student","Currently enrolled in school",5,21.0666666666667,2,1,1,0,0,0,1,1,1,1,1,0,0,0,0,0
"1173","2207",2022-03-18,"Urban","10-19y","Female",8,"(5,50]","Student","Currently enrolled in school",3.5,6.75833333333333,3,0,0,0,0,0,1,1,0,0,0,1,1,0,0,0
"1174","2208",2022-03-21,"Urban","10-19y","Female",3,"(2,5]","Student","Currently enrolled in school",7,24.3166666666667,6.5,1,1,1,0,0,1,1,1,1,1,1,1,1,1,0
"1175","2209",2022-03-21,"Urban","10-19y","Female",9,"(5,50]","Student","Currently enrolled in school",6,9.73333333333333,6,1,1,0,0,0,1,1,1,0,0,1,1,1,1,0
"1176","2210",2022-03-21,"Urban","10-19y","Female",4,"(2,5]","Student","Currently enrolled in school",6.5,15.65,5,1,1,0,0,0,1,1,1,1,0,1,1,1,0,0
"1177","2211",2022-03-21,"Urban","10-19y","Female",7,"(5,50]","Student","Currently enrolled in school",9.5,34.85,4.5,1,1,1,1,0,1,1,1,1,1,1,1,0,0,0
"1178","2212",2022-03-22,"Urban","10-19y","Female",7,"(5,50]","Student","Currently enrolled in school",5,3.94166666666667,4,1,1,0,0,0,0,1,0,0,0,1,1,0,0,0
"1179","2213",2022-03-23,"Urban","10-19y","Female",3,"(2,5]","Student","Currently enrolled in school",8,16.25,4.5,1,1,1,1,0,1,1,1,1,0,1,1,0,0,0
"1180","2214",2022-03-24,"Urban","10-19y","Female",12,"(5,50]","Student","Currently enrolled in school",5.5,5.88333333333333,4.5,1,1,0,0,0,0,1,0,0,0,1,1,0,0,0
"1181","2215",2022-02-07,"Urban","30-39y","Female",7,"(5,50]","Unemployed outside home","Secondary school",13,0.383333333333333,6,1,1,1,1,1,0,0,0,0,0,1,1,1,1,0
"1182","2217",2022-03-22,"Urban","10-19y","Male",8,"(5,50]","Unemployed outside home","Secondary school",8,11.925,6,1,1,1,1,0,1,1,1,0,0,1,1,1,1,0
"1183","2220",2022-03-04,"Urban","40-59y","Male",4,"(2,5]","Semiprofessional / professional","Secondary school",4,16.275,3,0,0,0,0,0,1,1,1,1,0,1,1,0,0,0
"1184","2221",2022-03-23,"Urban","60+y","Male",3,"(2,5]","Unemployed outside home","Secondary school",3,0,1.5,0,0,0,0,0,0,0,0,0,0,0,0,0,0,0
"1185","2222",2022-03-19,"Urban","10-19y","Female",3,"(2,5]","Student","Currently enrolled in school",3.5,3.625,2.5,0,0,0,0,0,0,1,0,0,0,0,0,0,0,0
"1186","2223",2022-03-21,"Urban","10-19y","Female",11,"(5,50]","Student","Currently enrolled in school",5,2.55,4,1,1,0,0,0,0,1,0,0,0,1,1,0,0,0
"1187","2224",2022-03-21,"Urban","10-19y","Female",3,"(2,5]","Student","Currently enrolled in school",6,1.44166666666667,1,1,1,0,0,0,0,0,0,0,0,0,0,0,0,0
"1188","2225",2022-03-22,"Urban","10-19y","Female",6,"(5,50]","Student","Currently enrolled in school",3.5,0,3.5,0,0,0,0,0,0,0,0,0,0,1,1,0,0,0
"1189","2226",2022-03-22,"Urban","10-19y","Male",5,"(2,5]","Student","Currently enrolled in school",2,0.75,2,0,0,0,0,0,0,0,0,0,0,0,0,0,0,0
"1190","2227",2022-03-23,"Urban","10-19y","Male",8,"(5,50]","Student","Currently enrolled in school",7.5,14,6,1,1,1,0,0,1,1,1,1,0,1,1,1,1,0
"1191","2231",2022-03-17,"Urban","10-19y","Female",9,"(5,50]","Student","Currently enrolled in school",3.5,4.875,3,0,0,0,0,0,0,1,0,0,0,1,1,0,0,0
"1192","2232",2022-03-17,"Urban","10-19y","Female",4,"(2,5]","Student","Currently enrolled in school",3,3.25,1,0,0,0,0,0,0,1,0,0,0,0,0,0,0,0
"1193","2233",2022-03-18,"Urban","10-19y","Female",5,"(2,5]","Student","Currently enrolled in school",4,7,4,0,0,0,0,0,1,1,0,0,0,1,1,0,0,0
"1194","2234",2022-03-18,"Urban","10-19y","Male",5,"(2,5]","Student","Currently enrolled in school",8,3.70833333333333,7.5,1,1,1,1,0,0,1,0,0,0,1,1,1,1,1
"1195","2235",2022-03-18,"Urban","10-19y","Female",7,"(5,50]","Student","Currently enrolled in school",4,8,3.5,0,0,0,0,0,1,1,0,0,0,1,1,0,0,0
"1196","2236",2022-03-19,"Urban","10-19y","Female",5,"(2,5]","Student","Currently enrolled in school",8,17.0666666666667,5,1,1,1,1,0,1,1,1,1,0,1,1,1,0,0
"1197","2237",2022-03-05,"Urban","30-39y","Male",3,"(2,5]","Semiskilled / skilled labor","Secondary school",4,5.60833333333333,4,0,0,0,0,0,0,1,0,0,0,1,1,0,0,0
"1198","2238",2022-03-06,"Urban","20-29y","Male",6,"(5,50]","Semiprofessional / professional","Secondary school",5,6.81666666666667,2.5,1,1,0,0,0,1,1,0,0,0,0,0,0,0,0
"1199","2239",2022-02-10,"Urban","5-9y","Female",8,"(5,50]","Unemployed outside home",NA,2,2.5,1,0,0,0,0,0,0,0,0,0,0,0,0,0,0,0
"1200","2240",2022-02-10,"Urban","5-9y","Female",2,"[0,2]","Unemployed outside home","Primary school",4.5,6.46666666666667,3.5,0,1,0,0,0,1,1,0,0,0,1,1,0,0,0
"1201","2241",2022-02-11,"Urban","40-59y","Male",4,"(2,5]","Semiskilled / skilled labor","Currently enrolled in school",5,9.08333333333333,2.5,1,1,0,0,0,1,1,0,0,0,0,0,0,0,0
"1202","2243",2022-02-23,"Urban","40-59y","Male",7,"(5,50]","Semiskilled / skilled labor","Secondary school",1,0,1,0,0,0,0,0,0,0,0,0,0,0,0,0,0,0
"1203","2244",2022-02-23,"Urban","30-39y","Male",4,"(2,5]","Semiskilled / skilled labor","Secondary school",6.5,11.4083333333333,4.5,1,1,0,0,0,1,1,1,0,0,1,1,0,0,0
"1204","2245",2022-02-23,"Urban","60+y","Female",2,"[0,2]","Semiskilled / skilled labor","Primary school",4.5,3.19166666666667,2,0,1,0,0,0,0,1,0,0,0,0,0,0,0,0
"1205","2246",2022-02-24,"Urban","20-29y","Male",4,"(2,5]","Student","Currently enrolled in school",3.5,4.375,3,0,0,0,0,0,0,1,0,0,0,1,1,0,0,0
"1206","2264",2022-05-15,"Urban","60+y","Male",3,"(2,5]","Unemployed outside home","Primary school",1.5,0.375,0.5,0,0,0,0,0,0,0,0,0,0,0,0,0,0,0
"1207","2265",2022-05-15,"Urban","60+y","Male",5,"(2,5]","Semiprofessional / professional","Primary school",3,7.81666666666667,0.5,0,0,0,0,0,1,1,0,0,0,0,0,0,0,0
"1208","2266",2022-05-15,"Urban","60+y","Female",4,"(2,5]","Unemployed outside home","None",4.5,10.5,1.5,0,1,0,0,0,1,1,1,0,0,0,0,0,0,0
"1209","2267",2022-05-11,"Urban","60+y","Female",6,"(5,50]","Semiskilled / skilled labor","Primary school",3,0.383333333333333,1.5,0,0,0,0,0,0,0,0,0,0,0,0,0,0,0
"1210","2268",2022-05-11,"Urban","60+y","Male",5,"(2,5]","Unemployed outside home","Primary school",0.5,0,0.5,0,0,0,0,0,0,0,0,0,0,0,0,0,0,0
"1211","5790",2021-12-14,"Rural","40-59y","Male",8,"(5,50]","Semiskilled / skilled labor","Primary school",4,3.08333333333333,3,0,0,0,0,0,0,1,0,0,0,1,1,0,0,0
"1212","5793",2022-01-10,"Urban","40-59y","Male",4,"(2,5]","Semiprofessional / professional","Primary school",1,0,1,0,0,0,0,0,0,0,0,0,0,0,0,0,0,0
"1213","5802",2021-12-20,"Urban","5-9y","Female",6,"(5,50]","Unemployed outside home","Currently enrolled in school",7,6.025,7,1,1,1,0,0,0,1,0,0,0,1,1,1,1,1
"1214","5808",2021-12-19,"Urban","1-4y","Male",8,"(5,50]","Unemployed outside home","None",1,0,1,0,0,0,0,0,0,0,0,0,0,0,0,0,0,0
"1215","5809",2021-12-20,"Urban","1-4y","Male",4,"(2,5]","Unemployed outside home","None",1,0,1,0,0,0,0,0,0,0,0,0,0,0,0,0,0,0
"1216","5819",2022-01-11,"Rural","10-19y","Male",5,"(2,5]","Student","Currently enrolled in school",3.5,13.25,3,0,0,0,0,0,1,1,1,1,0,1,1,0,0,0
"1217","5820",2022-01-11,"Rural","1-4y","Male",3,"(2,5]","Unemployed outside home","None",1,0,0,0,0,0,0,0,0,0,0,0,0,0,0,0,0,0
"1218","5821",2022-01-13,"Rural","30-39y","Female",4,"(2,5]","Unemployed outside home","Secondary school",3,11,0.5,0,0,0,0,0,1,1,1,0,0,0,0,0,0,0
"1219","5822",2022-01-13,"Rural","20-29y","Female",5,"(2,5]","Unemployed outside home","Secondary school",2,0.333333333333333,0,0,0,0,0,0,0,0,0,0,0,0,0,0,0,0
"1220","5828",2021-12-20,"Urban","20-29y","Female",6,"(5,50]","Unemployed outside home","Secondary school",4.5,6.04166666666667,4.5,0,1,0,0,0,0,1,0,0,0,1,1,0,0,0
"1221","5832",2022-01-10,"Urban","20-29y","Female",2,"[0,2]","Semiskilled / skilled labor","Secondary school",4,0,1.5,0,0,0,0,0,0,0,0,0,0,0,0,0,0,0
"1222","6812",2022-03-03,"Rural","10-19y","Male",7,"(5,50]","Student","Currently enrolled in school",5,6.70833333333333,1.5,1,1,0,0,0,1,1,0,0,0,0,0,0,0,0
"1223","6835",2022-03-09,"Rural","20-29y","Male",5,"(2,5]","Semiprofessional / professional","Currently enrolled in school",9.5,12.8416666666667,1.5,1,1,1,1,0,1,1,1,1,0,0,0,0,0,0
"1224","6836",2022-03-09,"Rural","10-19y","Male",6,"(5,50]","Student","Currently enrolled in school",7.5,23.525,4.5,1,1,1,0,0,1,1,1,1,1,1,1,0,0,0
"1225","6837",2022-03-09,"Rural","10-19y","Male",5,"(2,5]","Student","Currently enrolled in school",4,0.85,2.5,0,0,0,0,0,0,0,0,0,0,0,0,0,0,0
"1226","6838",2022-03-09,"Rural","10-19y","Female",7,"(5,50]","Student","Currently enrolled in school",9.5,18.2916666666667,8,1,1,1,1,0,1,1,1,1,0,1,1,1,1,1
"1227","6839",2022-03-09,"Rural","20-29y","Male",7,"(5,50]","Unemployed outside home","Currently enrolled in school",1,0,0.5,0,0,0,0,0,0,0,0,0,0,0,0,0,0,0
"1228","6840",2022-03-09,"Rural","10-19y","Male",7,"(5,50]","Student","Currently enrolled in school",5.5,6.85833333333333,0.5,1,1,0,0,0,1,1,0,0,0,0,0,0,0,0
"1229","6841",2022-03-10,"Rural","20-29y","Female",6,"(5,50]","Semiskilled / skilled labor","Currently enrolled in school",5.5,4.9,0.5,1,1,0,0,0,0,1,0,0,0,0,0,0,0,0
"1230","6842",2022-03-10,"Rural","20-29y","Male",6,"(5,50]","Unemployed outside home","Secondary school",20.5,12.575,11.5,1,1,1,1,1,1,1,1,1,0,1,1,1,1,1
"1231","6855",2022-03-11,"Rural","20-29y","Female",4,"(2,5]","Unemployed outside home","Primary school",4,0.441666666666667,2,0,0,0,0,0,0,0,0,0,0,0,0,0,0,0
"1232","714",2021-07-16,"Rural","6-11mo","Male",NA,NA,"Unemployed outside home","None",7,0,6.5,1,1,1,0,0,0,0,0,0,0,1,1,1,1,0
"1233","722",2021-07-16,"Rural","<6mo","Male",NA,NA,"Unemployed outside home","None",6.5,0,5.5,1,1,0,0,0,0,0,0,0,0,1,1,1,1,0
"1234","764",2021-07-19,"Rural","<6mo","Female",NA,NA,"Unemployed outside home","None",3,0,3,0,0,0,0,0,0,0,0,0,0,1,1,0,0,0
"1235","787",2021-07-22,"Rural","<6mo","Male",NA,NA,"Unemployed outside home","None",9,0.75,5,1,1,1,1,0,0,0,0,0,0,1,1,1,0,0
"1236","825",2021-08-05,"Rural","<6mo","Female",NA,NA,"Unemployed outside home","None",6.5,0,5.5,1,1,0,0,0,0,0,0,0,0,1,1,1,1,0
"1237","826",2021-07-29,"Rural","<6mo","Male",5,"(2,5]","Unemployed outside home","None",13,1.40833333333333,8,1,1,1,1,1,0,0,0,0,0,1,1,1,1,1
"1238","837",2021-08-05,"Rural","6-11mo","Female",4,"(2,5]","Unemployed outside home","None",9,2,5,1,1,1,1,0,0,0,0,0,0,1,1,1,0,0
"1239","847",2021-07-29,"Rural","<6mo","Male",NA,NA,"Unemployed outside home","None",4,0.191666666666667,4,0,0,0,0,0,0,0,0,0,0,1,1,0,0,0
"1240","851",2021-07-29,"Rural","6-11mo","Male",NA,NA,"Unemployed outside home","None",10,24.7583333333333,10,1,1,1,1,0,1,1,1,1,1,1,1,1,1,1
"1241","857",2021-08-05,"Rural","6-11mo","Male",NA,NA,"Unemployed outside home","None",11,12,8,1,1,1,1,1,1,1,1,0,0,1,1,1,1,1
"1242","877",2021-07-22,"Rural","6-11mo","Female",3,"(2,5]","Unemployed outside home","None",3.5,1.60833333333333,0.5,0,0,0,0,0,0,0,0,0,0,0,0,0,0,0
"1243","881",2021-07-29,"Rural","<6mo","Female",3,"(2,5]","Unemployed outside home","None",3.5,5.06666666666667,2.5,0,0,0,0,0,0,1,0,0,0,0,0,0,0,0
"1244","892",2021-08-05,"Rural","6-11mo","Male",NA,NA,"Unemployed outside home","None",9.5,8.5,8.5,1,1,1,1,0,1,1,0,0,0,1,1,1,1,1
"1245","929",2021-08-16,"Rural","6-11mo","Female",NA,NA,"Unemployed outside home","None",5.5,1.25,5,1,1,0,0,0,0,0,0,0,0,1,1,1,0,0
"1246","938",2021-08-14,"Rural","<6mo","Female",NA,NA,"Unemployed outside home","None",3.5,0.566666666666667,3.5,0,0,0,0,0,0,0,0,0,0,1,1,0,0,0
"1247","987",2021-08-24,"Rural","6-11mo","Male",NA,NA,"Unemployed outside home","None",4,0,3,0,0,0,0,0,0,0,0,0,0,1,1,0,0,0
"1248","1000",2021-08-26,"Rural","6-11mo","Male",9,"(5,50]","Unemployed outside home","None",12,17.375,9,1,1,1,1,1,1,1,1,1,0,1,1,1,1,1
"1249","1026",2021-08-30,"Urban","<6mo","Male",NA,NA,"Unemployed outside home","None",1,0,1,0,0,0,0,0,0,0,0,0,0,0,0,0,0,0
"1250","1037",2021-09-01,"Urban","<6mo","Female",NA,NA,"Unemployed outside home","None",5.5,2.95833333333333,5,1,1,0,0,0,0,1,0,0,0,1,1,1,0,0
"1251","1040",2021-08-23,"Urban","<6mo","Female",NA,NA,"Unemployed outside home","None",NA,NA,NA,NA,NA,NA,NA,NA,NA,NA,NA,NA,NA,NA,NA,NA,NA,NA
"1252","1051",2021-09-03,"Rural","<6mo","Female",NA,NA,"Unemployed outside home","None",7,0.0833333333333333,3,1,1,1,0,0,0,0,0,0,0,1,1,0,0,0
"1253","1069",2021-09-03,"Rural","6-11mo","Male",NA,NA,"Unemployed outside home","None",6.5,0.375,6.5,1,1,0,0,0,0,0,0,0,0,1,1,1,1,0
"1254","1092",2021-09-06,"Rural","<6mo","Female",NA,NA,"Unemployed outside home","None",2,0.025,2,0,0,0,0,0,0,0,0,0,0,0,0,0,0,0
"1255","1097",2021-09-07,"Rural","<6mo","Female",NA,NA,"Unemployed outside home","None",5.5,3.5,4,1,1,0,0,0,0,1,0,0,0,1,1,0,0,0
"1256","1111",2021-09-05,"Urban","6-11mo","Male",NA,NA,"Unemployed outside home","None",2,0,2,0,0,0,0,0,0,0,0,0,0,0,0,0,0,0
"1257","1119",2021-08-22,"Urban","6-11mo","Female",NA,NA,"Unemployed outside home","None",2,0,2,0,0,0,0,0,0,0,0,0,0,0,0,0,0,0
"1258","1169",2021-09-20,"Rural","<6mo","Female",NA,NA,"Unemployed outside home","None",8.5,10.95,2,1,1,1,1,0,1,1,1,0,0,0,0,0,0,0
"1259","1183",2021-09-23,"Urban","6-11mo","Male",NA,NA,"Unemployed outside home","None",NA,NA,NA,NA,NA,NA,NA,NA,NA,NA,NA,NA,NA,NA,NA,NA,NA,NA
"1260","1202",2021-09-27,"Urban","<6mo","Female",NA,NA,"Unemployed outside home","None",2.5,0,2.5,0,0,0,0,0,0,0,0,0,0,0,0,0,0,0
"1261","1207",2021-09-24,"Rural","6-11mo","Female",NA,NA,"Unemployed outside home","None",4,9,1,0,0,0,0,0,1,1,0,0,0,0,0,0,0,0
"1262","1212",2021-09-27,"Rural","<6mo","Female",NA,NA,"Unemployed outside home","None",3.5,0,3.5,0,0,0,0,0,0,0,0,0,0,1,1,0,0,0
"1263","1235",2021-10-05,"Rural","<6mo","Male",6,"(5,50]","Unemployed outside home","None",5.5,0,4.5,1,1,0,0,0,0,0,0,0,0,1,1,0,0,0
"1264","1260",2021-09-27,"Urban","6-11mo","Female",NA,NA,"Unemployed outside home","None",4,0,4,0,0,0,0,0,0,0,0,0,0,1,1,0,0,0
"1265","1268",2021-10-09,"Rural","6-11mo","Female",NA,NA,"Unemployed outside home","None",6.5,1.25,5.5,1,1,0,0,0,0,0,0,0,0,1,1,1,1,0
"1266","1285",2021-10-11,"Urban","6-11mo","Male",NA,NA,"Unemployed outside home","None",1.5,0,1.5,0,0,0,0,0,0,0,0,0,0,0,0,0,0,0
"1267","1295",2021-10-05,"Rural","<6mo","Male",NA,NA,"Unemployed outside home","None",5,1.25,4.5,1,1,0,0,0,0,0,0,0,0,1,1,0,0,0
"1268","1299",2021-10-08,"Rural","<6mo","Female",NA,NA,"Unemployed outside home","None",6,0.75,5,1,1,0,0,0,0,0,0,0,0,1,1,1,0,0
"1269","1305",2021-10-10,"Urban","6-11mo","Female",NA,NA,"Unemployed outside home","None",4,9.25,4,0,0,0,0,0,1,1,0,0,0,1,1,0,0,0
"1270","1331",2021-10-14,"Rural","<6mo","Female",5,"(2,5]","Unemployed outside home","None",5,10.375,4.5,1,1,0,0,0,1,1,1,0,0,1,1,0,0,0
"1271","1347",2021-10-15,"Urban","6-11mo","Male",NA,NA,"Unemployed outside home","None",2,0,2,0,0,0,0,0,0,0,0,0,0,0,0,0,0,0
"1272","1353",2021-10-11,"Rural","6-11mo","Female",NA,NA,"Unemployed outside home","None",5.5,0,5,1,1,0,0,0,0,0,0,0,0,1,1,1,0,0
"1273","1362",2021-10-14,"Rural","<6mo","Female",NA,NA,"Unemployed outside home","None",3,1.25,3,0,0,0,0,0,0,0,0,0,0,1,1,0,0,0
"1274","1367",2021-10-17,"Urban","6-11mo","Male",NA,NA,"Unemployed outside home","None",3.5,0,2.5,0,0,0,0,0,0,0,0,0,0,0,0,0,0,0
"1275","1377",2021-10-21,"Rural","6-11mo","Female",NA,NA,"Unemployed outside home","None",8,0,8,1,1,1,1,0,0,0,0,0,0,1,1,1,1,1
"1276","1387",2021-10-24,"Urban","<6mo","Female",NA,NA,"Unemployed outside home","None",1,0,1,0,0,0,0,0,0,0,0,0,0,0,0,0,0,0
"1277","1402",2021-10-28,"Rural","<6mo","Male",NA,NA,"Unemployed outside home","None",6.5,21.9583333333333,6.5,1,1,0,0,0,1,1,1,1,1,1,1,1,1,0
"1278","1408",2021-11-02,"Rural","<6mo","Male",4,"(2,5]","Unemployed outside home","None",2.5,0.375,1.5,0,0,0,0,0,0,0,0,0,0,0,0,0,0,0
"1279","1419",2021-11-04,"Rural","6-11mo","Male",NA,NA,"Unemployed outside home","None",13.5,19.75,9,1,1,1,1,1,1,1,1,1,1,1,1,1,1,1
"1280","1420",2021-11-04,"Rural","<6mo","Male",8,"(5,50]","Unemployed outside home","None",9,37.375,4.5,1,1,1,1,0,1,1,1,1,1,1,1,0,0,0
"1281","1438",2021-10-26,"Rural","<6mo","Male",NA,NA,"Unemployed outside home","None",6.5,3.625,6,1,1,0,0,0,0,1,0,0,0,1,1,1,1,0
"1282","1447",2021-11-01,"Rural","6-11mo",NA,NA,NA,"Unemployed outside home","None",5,2.5,4.5,1,1,0,0,0,0,0,0,0,0,1,1,0,0,0
"1283","1465",2021-10-29,"Rural","<6mo","Female",NA,NA,"Unemployed outside home","None",7,0,7,1,1,1,0,0,0,0,0,0,0,1,1,1,1,1
"1284","1469",2021-11-01,"Rural","<6mo","Male",NA,NA,"Unemployed outside home","None",5,0.716666666666667,4,1,1,0,0,0,0,0,0,0,0,1,1,0,0,0
"1285","1480",2021-11-08,"Rural","<6mo","Male",NA,NA,"Unemployed outside home","None",3,1.25,3,0,0,0,0,0,0,0,0,0,0,1,1,0,0,0
"1286","1487",2021-10-26,"Urban","6-11mo","Male",NA,NA,"Unemployed outside home","None",2,0.375,1.5,0,0,0,0,0,0,0,0,0,0,0,0,0,0,0
"1287","1502",2021-11-03,"Urban","6-11mo","Female",NA,NA,"Unemployed outside home","None",7,3.75,6.5,1,1,1,0,0,0,1,0,0,0,1,1,1,1,0
"1288","1512",2021-11-02,"Urban","<6mo","Female",NA,NA,"Unemployed outside home","None",8.5,0,7.5,1,1,1,1,0,0,0,0,0,0,1,1,1,1,1
"1289","1518",2021-11-08,"Urban","6-11mo","Female",NA,NA,"Unemployed outside home","None",5,0.0833333333333333,4,1,1,0,0,0,0,0,0,0,0,1,1,0,0,0
"1290","1527",2021-11-07,"Urban","6-11mo","Female",NA,NA,"Unemployed outside home","None",3,0,3,0,0,0,0,0,0,0,0,0,0,1,1,0,0,0
"1291","1529",2021-11-07,"Urban","6-11mo","Male",NA,NA,"Unemployed outside home","None",4,0,4,0,0,0,0,0,0,0,0,0,0,1,1,0,0,0
"1292","1541",2021-11-14,"Urban","<6mo","Male",NA,NA,"Unemployed outside home","None",1.5,0,1.5,0,0,0,0,0,0,0,0,0,0,0,0,0,0,0
"1293","1558",2021-11-09,"Rural","<6mo","Male",NA,NA,"Unemployed outside home","None",2,0,2,0,0,0,0,0,0,0,0,0,0,0,0,0,0,0
"1294","1574",2021-11-18,"Rural","6-11mo","Female",NA,NA,"Unemployed outside home","None",5,5.56666666666667,5,1,1,0,0,0,0,1,0,0,0,1,1,1,0,0
"1295","1580",2021-11-16,"Rural","6-11mo","Female",NA,NA,"Unemployed outside home","None",2.5,0,2.5,0,0,0,0,0,0,0,0,0,0,0,0,0,0,0
"1296","1591",2021-11-15,"Rural","<6mo","Male",10,"(5,50]","Unemployed outside home","None",4,5.25,1.5,0,0,0,0,0,0,1,0,0,0,0,0,0,0,0
"1297","1615",2021-11-18,"Urban","6-11mo","Male",NA,NA,"Unemployed outside home","None",1.5,0,1.5,0,0,0,0,0,0,0,0,0,0,0,0,0,0,0
"1298","1617",2021-11-18,"Urban","6-11mo","Female",NA,NA,"Unemployed outside home","None",1.5,0,1.5,0,0,0,0,0,0,0,0,0,0,0,0,0,0,0
"1299","1623",2021-10-17,"Urban","6-11mo","Male",NA,NA,"Unemployed outside home","None",3.5,0,3.5,0,0,0,0,0,0,0,0,0,0,1,1,0,0,0
"1300","1626",2021-11-08,"Urban","6-11mo","Male",NA,NA,"Unemployed outside home","None",4,0.566666666666667,4,0,0,0,0,0,0,0,0,0,0,1,1,0,0,0
"1301","1638",2021-11-28,"Urban","6-11mo","Female",NA,NA,"Unemployed outside home","None",2,0,2,0,0,0,0,0,0,0,0,0,0,0,0,0,0,0
"1302","1647",2021-11-30,"Rural","6-11mo","Male",3,"(2,5]","Unemployed outside home","None",3.5,0,3.5,0,0,0,0,0,0,0,0,0,0,1,1,0,0,0
"1303","1650",2021-11-29,"Urban","<6mo","Male",6,"(5,50]","Unemployed outside home","None",NA,NA,NA,NA,NA,NA,NA,NA,NA,NA,NA,NA,NA,NA,NA,NA,NA,NA
"1304","1659",2021-12-02,"Rural","6-11mo","Male",4,"(2,5]","Unemployed outside home","None",3,0.0833333333333333,2,0,0,0,0,0,0,0,0,0,0,0,0,0,0,0
"1305","1669",2021-11-29,"Rural","6-11mo","Male",NA,NA,"Unemployed outside home","None",13,15.125,12,1,1,1,1,1,1,1,1,1,0,1,1,1,1,1
"1306","1676",2021-11-30,"Rural","6-11mo","Male",NA,NA,"Unemployed outside home","None",7.5,0,6,1,1,1,0,0,0,0,0,0,0,1,1,1,1,0
"1307","1695",2021-11-29,"Rural","<6mo","Male",NA,NA,"Unemployed outside home","None",9,5.25,8.5,1,1,1,1,0,0,1,0,0,0,1,1,1,1,1
"1308","1700",2021-12-02,"Rural","6-11mo","Female",NA,NA,"Unemployed outside home","None",9,17.875,6.5,1,1,1,1,0,1,1,1,1,0,1,1,1,1,0
"1309","1727",2021-12-10,"Urban","6-11mo","Female",NA,NA,"Unemployed outside home","None",5,0,5,1,1,0,0,0,0,0,0,0,0,1,1,1,0,0
"1310","1733",2021-11-24,"Urban","<6mo","Female",NA,NA,"Unemployed outside home","None",2,0,1.5,0,0,0,0,0,0,0,0,0,0,0,0,0,0,0
"1311","1736",2021-11-25,"Urban","6-11mo","Female",NA,NA,"Unemployed outside home","None",3,0,3,0,0,0,0,0,0,0,0,0,0,1,1,0,0,0
"1312","1739",2021-12-01,"Urban","6-11mo","Female",NA,NA,"Unemployed outside home","None",1,0,1,0,0,0,0,0,0,0,0,0,0,0,0,0,0,0
"1313","1746",2021-12-05,"Urban","6-11mo","Female",NA,NA,"Unemployed outside home","None",1.5,0,1.5,0,0,0,0,0,0,0,0,0,0,0,0,0,0,0
"1314","1822",2022-03-04,"Rural","<6mo","Male",9,"(5,50]","Unemployed outside home","None",11,17.875,3,1,1,1,1,1,1,1,1,1,0,1,1,0,0,0
"1315","1955",2022-02-01,"Urban","6-11mo","Female",NA,NA,"Unemployed outside home","None",4,NA,3.5,0,0,0,0,0,NA,NA,NA,NA,NA,1,1,0,0,0
"1316","2257",2021-12-14,"Urban","6-11mo","Female",NA,NA,"Unemployed outside home","None",3.5,0,3,0,0,0,0,0,0,0,0,0,0,1,1,0,0,0
"1317","2261",2021-11-17,"Urban","<6mo","Female",NA,NA,"Unemployed outside home","None",NA,NA,NA,NA,NA,NA,NA,NA,NA,NA,NA,NA,NA,NA,NA,NA,NA,NA
"1318","6844",2022-03-10,"Rural","<6mo","Male",NA,NA,"Unemployed outside home","None",5.5,14,5.5,1,1,0,0,0,1,1,1,1,0,1,1,1,1,0
"1319","6848",2022-03-10,"Rural","<6mo","Female",NA,NA,"Unemployed outside home","None",4,5.88333333333333,3.5,0,0,0,0,0,0,1,0,0,0,1,1,0,0,0
"1320","6850",2022-03-11,"Rural","<6mo","Male",5,"(2,5]","Unemployed outside home","None",6,0,0,1,1,0,0,0,0,0,0,0,0,0,0,0,0,0
"1321","580",2021-06-20,"Urban","1-4y","Female",NA,NA,"Unemployed outside home","None",5,1.25,5,1,1,0,0,0,0,0,0,0,0,1,1,1,0,0
"1322","598",2021-06-21,"Urban","1-4y","Male",NA,NA,"Unemployed outside home","None",NA,NA,NA,NA,NA,NA,NA,NA,NA,NA,NA,NA,NA,NA,NA,NA,NA,NA
"1323","616",2021-06-20,"Urban","1-4y","Female",NA,NA,"Unemployed outside home","None",5,0,5,1,1,0,0,0,0,0,0,0,0,1,1,1,0,0
"1324","663",2021-07-04,"Urban","1-4y","Male",NA,NA,"Unemployed outside home","None",8,0,7,1,1,1,1,0,0,0,0,0,0,1,1,1,1,1
"1325","704",2021-07-14,"Urban","1-4y","Male",NA,NA,"Unemployed outside home","None",14.5,25,14,1,1,1,1,1,1,1,1,1,1,1,1,1,1,1
"1326","726",2021-07-14,"Urban","1-4y","Male",NA,NA,"Unemployed outside home","None",2.5,0,2,0,0,0,0,0,0,0,0,0,0,0,0,0,0,0
"1327","733",2021-07-18,"Urban","1-4y","Female",NA,NA,"Unemployed outside home","None",2.5,0,2,0,0,0,0,0,0,0,0,0,0,0,0,0,0,0
"1328","739",2021-07-18,"Urban","1-4y","Female",NA,NA,"Unemployed outside home","None",NA,NA,NA,NA,NA,NA,NA,NA,NA,NA,NA,NA,NA,NA,NA,NA,NA,NA
"1329","748",2021-07-11,"Urban","1-4y","Male",NA,NA,"Unemployed outside home","None",3.5,0,3.5,0,0,0,0,0,0,0,0,0,0,1,1,0,0,0
"1330","775",2021-07-22,"Urban","1-4y","Male",NA,NA,"Unemployed outside home","None",8,0,7.5,1,1,1,1,0,0,0,0,0,0,1,1,1,1,1
"1331","781",2021-07-22,"Rural","1-4y","Male",NA,NA,"Unemployed outside home","None",7.5,0,7.5,1,1,1,0,0,0,0,0,0,0,1,1,1,1,1
"1332","811",2021-07-25,"Urban","1-4y","Female",NA,NA,"Unemployed outside home","None",3.5,0.75,3,0,0,0,0,0,0,0,0,0,0,1,1,0,0,0
"1333","902",2021-08-08,"Urban","1-4y","Female",NA,NA,"Unemployed outside home","None",4,6,4,0,0,0,0,0,0,1,0,0,0,1,1,0,0,0
"1334","905",2021-08-06,"Urban","1-4y","Female",NA,NA,"Unemployed outside home","None",2.5,0,1.5,0,0,0,0,0,0,0,0,0,0,0,0,0,0,0
"1335","940",2021-08-16,"Rural","1-4y","Male",3,"(2,5]","Unemployed outside home","None",7.5,0.441666666666667,3.5,1,1,1,0,0,0,0,0,0,0,1,1,0,0,0
"1336","971",2021-08-22,"Urban","1-4y","Male",NA,NA,"Unemployed outside home","None",5.5,0,5.5,1,1,0,0,0,0,0,0,0,0,1,1,1,1,0
"1337","994",2021-08-26,"Rural","1-4y","Female",NA,NA,"Unemployed outside home","None",7,1.625,7,1,1,1,0,0,0,0,0,0,0,1,1,1,1,1
"1338","998",2021-08-26,"Rural","1-4y","Female",NA,NA,"Unemployed outside home","None",10.5,0.75,8,1,1,1,1,1,0,0,0,0,0,1,1,1,1,1
"1339","1033",2021-08-29,"Urban","1-4y","Female",NA,NA,"Unemployed outside home","None",4.5,0,4,0,1,0,0,0,0,0,0,0,0,1,1,0,0,0
"1340","1131",2021-09-12,"Urban","1-4y","Female",NA,NA,"Unemployed outside home","None",7.5,2.5,6.5,1,1,1,0,0,0,0,0,0,0,1,1,1,1,0
"1341","1142",2021-09-14,"Urban","1-4y","Male",NA,NA,"Unemployed outside home","None",3,0,2.5,0,0,0,0,0,0,0,0,0,0,0,0,0,0,0
"1342","1148",2021-09-12,"Urban","1-4y","Male",NA,NA,"Unemployed outside home","None",NA,NA,NA,NA,NA,NA,NA,NA,NA,NA,NA,NA,NA,NA,NA,NA,NA,NA
"1343","1159",2021-09-17,"Rural","1-4y","Female",5,"(2,5]","Unemployed outside home","None",5.5,5.375,5,1,1,0,0,0,0,1,0,0,0,1,1,1,0,0
"1344","1196",2021-09-16,"Urban","1-4y","Male",NA,NA,"Unemployed outside home","None",3.5,0,3.5,0,0,0,0,0,0,0,0,0,0,1,1,0,0,0
"1345","1223",2021-09-24,"Rural","1-4y","Male",NA,NA,"Unemployed outside home","None",2,0,2,0,0,0,0,0,0,0,0,0,0,0,0,0,0,0
"1346","1229",2021-09-27,"Rural","1-4y","Female",NA,NA,"Unemployed outside home","None",5,0,5,1,1,0,0,0,0,0,0,0,0,1,1,1,0,0
"1347","1252",2021-09-23,"Urban","1-4y","Female",NA,NA,"Unemployed outside home","None",9,2.50833333333333,5,1,1,1,1,0,0,1,0,0,0,1,1,1,0,0
"1348","1261",2021-10-09,"Rural","1-4y","Female",3,"(2,5]","Unemployed outside home","None",9,13.25,9,1,1,1,1,0,1,1,1,1,0,1,1,1,1,1
"1349","1274",2021-09-19,"Urban","1-4y","Male",NA,NA,"Unemployed outside home","None",9.5,11.4,9.5,1,1,1,1,0,1,1,1,0,0,1,1,1,1,1
"1350","1279",2021-09-23,"Urban","1-4y","Male",NA,NA,"Unemployed outside home","None",3,1.25,3,0,0,0,0,0,0,0,0,0,0,1,1,0,0,0
"1351","1327",2021-10-12,"Rural","1-4y","Female",NA,NA,"Unemployed outside home","None",4,0,4,0,0,0,0,0,0,0,0,0,0,1,1,0,0,0
"1352","1391",2021-10-23,"Urban","1-4y","Female",NA,NA,"Unemployed outside home","None",3,0,3,0,0,0,0,0,0,0,0,0,0,1,1,0,0,0
"1353","1491",2021-11-07,"Urban","1-4y","Female",NA,NA,"Unemployed outside home","None",1.5,0,1.5,0,0,0,0,0,0,0,0,0,0,0,0,0,0,0
"1354","1494",2021-11-07,"Urban","1-4y","Male",NA,NA,"Unemployed outside home","None",1.5,0,1,0,0,0,0,0,0,0,0,0,0,0,0,0,0,0
"1355","1499",2021-11-03,"Urban","1-4y","Male",NA,NA,"Unemployed outside home","None",10,5.5,8.5,1,1,1,1,0,0,1,0,0,0,1,1,1,1,1
"1356","1567",2021-11-17,"Urban","1-4y","Female",NA,NA,"Unemployed outside home","None",NA,NA,NA,NA,NA,NA,NA,NA,NA,NA,NA,NA,NA,NA,NA,NA,NA,NA
"1357","1610",2021-11-23,"Urban","1-4y","Female",NA,NA,"Unemployed outside home","None",2.5,0,2.5,0,0,0,0,0,0,0,0,0,0,0,0,0,0,0
"1358","1635",2021-11-25,"Urban","1-4y","Female",NA,NA,"Unemployed outside home","None",5.5,0,5,1,1,0,0,0,0,0,0,0,0,1,1,1,0,0
"1359","1642",2021-11-29,"Rural","1-4y","Male",5,"(2,5]","Unemployed outside home","None",3.5,1.25,3.5,0,0,0,0,0,0,0,0,0,0,1,1,0,0,0
"1360","1688",2021-12-02,"Rural","1-4y","Male",NA,NA,"Unemployed outside home","None",6,0,5,1,1,0,0,0,0,0,0,0,0,1,1,1,0,0
"1361","1768",2021-12-02,"Rural","1-4y","Female",NA,NA,"Unemployed outside home","None",6.5,0.458333333333333,6.5,1,1,0,0,0,0,0,0,0,0,1,1,1,1,0
"1362","1782",2021-12-08,"Urban","1-4y","Female",NA,NA,"Unemployed outside home","None",4.5,2.775,3.5,0,1,0,0,0,0,1,0,0,0,1,1,0,0,0
"1363","2230",2021-11-21,"Urban","1-4y","Male",NA,NA,"Unemployed outside home","None",5,1.25,5,1,1,0,0,0,0,0,0,0,0,1,1,1,0,0
