"","rec_id","study_site","participant_age","participant_sex","hh_occupants","occupation","age","Both days","Day 1","Day 2","NA","avg_unique_contacts","sex","site","hhsize","p_age"
"1","1-1","Urban","60+y","Female",4,"Unemployed adult",75,8,4,7,0,7.5,"Female","Urban","4-6","60+y"
"2","10-1","Urban","60+y","Male",4,"Unskilled laborer",72,14,3,1,0,5.5,"Male","Urban","4-6","60+y"
"3","100-1","Rural","40-59y","Male",4,"Skilled laborer",41,8,2,1,0,3.5,"Male","Rural","4-6","40-49y"
"4","1000-1","Urban","1-4y","Male",6,NA,2,12,0,0,0,3,"Male","Urban","4-6","<4y"
"5","1001-1","Urban","1-4y","Male",4,NA,2,6,0,0,0,1.5,"Male","Urban","4-6","<4y"
"6","1002-1","Urban","<6mo","Male",3,"Child",0,10,0,0,0,2.5,"Male","Urban","0-3","<4y"
"7","1003-1","Urban","<6mo","Female",3,"Child",0,4,0,0,0,1,"Female","Urban","0-3","<4y"
"8","1004-1","Rural","<6mo","Male",5,"Child",0,8,0,0,0,2,"Male","Rural","4-6","<4y"
"9","1005-1","Rural","1-4y","Male",6,NA,4,24,5,5,0,11,"Male","Rural","4-6","<4y"
"10","1006-1","Rural","6-11mo","Male",6,"Child",1,10,0,0,0,2.5,"Male","Rural","4-6","<4y"
"11","1007-1","Rural","1-4y","Male",6,NA,2,16,2,0,2,6,"Male","Rural","4-6","<4y"
"12","1008-1","Rural","1-4y","Female",3,NA,3,18,0,0,0,4.5,"Female","Rural","0-3","<4y"
"13","1009-1","Rural","1-4y","Male",NA,NA,2,12,1,1,0,4,"Male","Rural",NA,"<4y"
"14","101-1","Rural","20-29y","Female",6,NA,29,10,3,0,0,4,"Female","Rural","4-6","20-29y"
"15","1010-1","Rural","1-4y","Male",NA,NA,2,8,2,2,0,4,"Male","Rural",NA,"<4y"
"16","1011-1","Rural","<6mo","Male",NA,"Child",0,0,2,4,0,3,"Male","Rural",NA,"<4y"
"17","1012-1","Rural","1-4y","Male",7,NA,4,20,1,0,0,5.5,"Male","Rural","7+","<4y"
"18","1013-1","Rural","1-4y","Female",8,NA,3,14,0,0,0,3.5,"Female","Rural","7+","<4y"
"19","1014-1","Rural","1-4y","Female",5,NA,4,12,8,0,0,7,"Female","Rural","4-6","<4y"
"20","1015-1","Urban","6-11mo","Female",4,"Child",0,8,0,0,0,2,"Female","Urban","4-6","<4y"
"21","1016-1","Urban","1-4y","Female",6,NA,1,6,0,0,0,1.5,"Female","Urban","4-6","<4y"
"22","1017-1","Urban","6-11mo","Male",5,"Child",0,8,0,0,0,2,"Male","Urban","4-6","<4y"
"23","1018-1","Urban","1-4y","Female",8,NA,4,10,0,0,0,2.5,"Female","Urban","7+","<4y"
"24","1019-1","Urban","6-11mo","Male",8,"Child",1,4,4,0,0,3,"Male","Urban","7+","<4y"
"25","102-1","Rural","20-29y","Female",6,"Farmer/ Clerk/ Shopkeeper",25,10,4,3,0,6,"Female","Rural","4-6","20-29y"
"26","1020-1","Urban","60+y","Female",5,"Unemployed adult",62,16,0,0,0,4,"Female","Urban","4-6","60+y"
"27","1022-1","Urban","1-4y","Male",5,NA,3,16,0,0,0,4,"Male","Urban","4-6","<4y"
"28","1023-1","Urban","30-39y","Male",5,"Professional",33,18,0,0,0,4.5,"Male","Urban","4-6","30-39y"
"29","1024-1","Urban","1-4y","Male",7,NA,4,16,0,0,0,4,"Male","Urban","7+","<4y"
"30","1025-1","Urban","1-4y","Male",7,NA,2,16,0,0,0,4,"Male","Urban","7+","<4y"
"31","1026-1","Urban","1-4y","Male",5,NA,3,10,0,0,0,2.5,"Male","Urban","4-6","<4y"
"32","1027-1","Urban","30-39y","Male",7,"Skilled laborer",32,20,0,0,0,5,"Male","Urban","7+","30-39y"
"33","1028-1","Urban","1-4y","Female",7,NA,3,16,0,0,0,4,"Female","Urban","7+","<4y"
"34","1029-1","Urban","30-39y","Female",4,"Semiskilled laborer",33,26,0,0,2,7.5,"Female","Urban","4-6","30-39y"
"35","103-2","Urban","<6mo","Female",4,"Child",0,14,0,2,0,4.5,"Female","Urban","4-6","<4y"
"36","1030-1","Urban","1-4y","Female",4,NA,2,18,0,0,0,4.5,"Female","Urban","4-6","<4y"
"37","1031-1","Urban","1-4y","Female",5,NA,3,16,0,0,0,4,"Female","Urban","4-6","<4y"
"38","1032-1","Urban","1-4y","Male",5,NA,4,16,0,0,0,4,"Male","Urban","4-6","<4y"
"39","1033-1","Urban","5-9y","Male",4,"Student",8,26,0,0,0,6.5,"Male","Urban","4-6","5-9y"
"40","1034-1","Urban","20-29y","Male",3,"Unskilled laborer",25,18,0,0,0,4.5,"Male","Urban","0-3","20-29y"
"41","1035-1","Urban","1-4y","Female",3,NA,2,10,0,1,0,3,"Female","Urban","0-3","<4y"
"42","1036-1","Urban","1-4y","Female",6,NA,3,12,1,1,0,4,"Female","Urban","4-6","<4y"
"43","1037-1","Urban","1-4y","Male",4,NA,1,2,1,2,0,2,"Male","Urban","4-6","<4y"
"44","1038-1","Urban","1-4y","Female",12,NA,4,22,1,3,0,7.5,"Female","Urban","7+","<4y"
"45","1039-1","Urban","6-11mo","Female",5,"Child",1,6,0,1,0,2,"Female","Urban","4-6","<4y"
"46","1040-1","Urban","1-4y","Female",6,NA,2,12,2,1,0,4.5,"Female","Urban","4-6","<4y"
"47","1041-1","Urban","1-4y","Female",4,NA,3,10,0,1,0,3,"Female","Urban","4-6","<4y"
"48","1042-1","Urban","1-4y","Female",6,NA,4,10,1,2,0,4,"Female","Urban","4-6","<4y"
"49","1043-1","Urban","1-4y","Female",9,NA,3,16,1,2,0,5.5,"Female","Urban","7+","<4y"
"50","1044-1","Urban","1-4y","Male",9,NA,4,18,1,1,0,5.5,"Male","Urban","7+","<4y"
"51","1045-1","Urban","1-4y","Male",16,NA,4,40,1,1,0,11,"Male","Urban","7+","<4y"
"52","1046-1","Urban","1-4y","Male",4,NA,3,10,0,2,0,3.5,"Male","Urban","4-6","<4y"
"53","1047-1","Urban","1-4y","Female",7,NA,4,6,0,1,0,2,"Female","Urban","7+","<4y"
"54","1048-1","Urban","1-4y","Male",7,NA,3,6,0,1,0,2,"Male","Urban","7+","<4y"
"55","1049-1","Urban","<6mo","Male",6,"Child",0,10,0,1,0,3,"Male","Urban","4-6","<4y"
"56","1050-1","Urban","20-29y","Male",3,"Unskilled laborer",23,8,0,0,0,2,"Male","Urban","0-3","20-29y"
"57","1051-1","Urban","20-29y","Male",4,"Unskilled laborer",26,12,0,0,0,3,"Male","Urban","4-6","20-29y"
"58","1052-1","Urban","<6mo","Male",4,"Child",0,14,0,0,0,3.5,"Male","Urban","4-6","<4y"
"59","1053-1","Urban","20-29y","Male",4,"Unskilled laborer",29,0,5,3,0,4,"Male","Urban","4-6","20-29y"
"60","1054-1","Rural","6-11mo","Female",NA,"Child",1,22,0,0,0,5.5,"Female","Rural",NA,"<4y"
"61","1055-1","Rural","6-11mo","Female",6,"Child",0,10,0,0,0,2.5,"Female","Rural","4-6","<4y"
"62","1056-1","Rural","<6mo","Male",NA,"Child",0,16,1,0,0,4.5,"Male","Rural",NA,"<4y"
"63","1057-1","Urban","20-29y","Male",4,"Unskilled laborer",21,16,0,0,0,4,"Male","Urban","4-6","20-29y"
"64","1058-1","Rural","6-11mo","Female",4,"Child",0,6,0,0,0,1.5,"Female","Rural","4-6","<4y"
"65","1059-1","Rural","<6mo","Male",5,"Child",0,12,0,0,0,3,"Male","Rural","4-6","<4y"
"66","106-1","Rural","40-59y","Female",4,"Farmer/ Clerk/ Shopkeeper",45,12,4,2,0,6,"Female","Rural","4-6","40-49y"
"67","1060-1","Urban","60+y","Male",5,"Unemployed adult",66,8,1,3,0,4,"Male","Urban","4-6","60+y"
"68","1061-1","Urban","40-59y","Male",5,"Semiprofessional",41,12,0,1,0,3.5,"Male","Urban","4-6","40-49y"
"69","1062-1","Urban","30-39y","Male",6,"Semiskilled laborer",31,10,1,1,0,3.5,"Male","Urban","4-6","30-39y"
"70","1063-1","Urban","60+y","Male",2,"Unemployed adult",73,2,1,2,0,2,"Male","Urban","0-3","60+y"
"71","1064-1","Urban","15-19y","Female",5,"Student",16,18,0,1,0,5,"Female","Urban","4-6","10-19y"
"72","1065-1","Urban","15-19y","Female",3,"Unemployed adult",18,12,1,1,0,4,"Female","Urban","0-3","10-19y"
"73","1066-1","Urban","40-59y","Male",8,"Semiskilled laborer",41,16,1,2,0,5.5,"Male","Urban","7+","40-49y"
"74","1067-1","Urban","40-59y","Male",4,"Semiprofessional",48,6,2,3,0,4,"Male","Urban","4-6","40-49y"
"75","1068-1","Urban","40-59y","Male",5,"Unemployed adult",49,12,1,2,0,4.5,"Male","Urban","4-6","40-49y"
"76","1069-1","Urban","40-59y","Male",6,"Semiskilled laborer",46,18,1,4,0,7,"Male","Urban","4-6","40-49y"
"77","107-1","Rural","40-59y","Female",7,NA,53,14,1,3,0,5.5,"Female","Rural","7+","50-59y"
"78","1070-1","Urban","40-59y","Male",6,"Unemployed adult",60,10,2,3,0,5,"Male","Urban","4-6","50-59y"
"79","1071-1","Urban","30-39y","Male",5,"Semiprofessional",36,16,2,1,0,5.5,"Male","Urban","4-6","30-39y"
"80","1072-1","Urban","30-39y","Male",5,"Semiprofessional",38,10,2,3,0,5,"Male","Urban","4-6","30-39y"
"81","1073-1","Rural","<6mo","Female",NA,"Child",0,0,1,0,0,0.5,"Female","Rural",NA,"<4y"
"82","1074-1","Rural","<6mo","Male",NA,"Child",0,2,1,0,0,1,"Male","Rural",NA,"<4y"
"83","1075-1","Rural","<6mo","Female",NA,"Child",0,4,0,1,0,1.5,"Female","Rural",NA,"<4y"
"84","1076-1","Urban","6-11mo","Female",4,"Child",1,14,0,0,0,3.5,"Female","Urban","4-6","<4y"
"85","1077-1","Urban","6-11mo","Male",5,"Child",1,4,0,0,0,1,"Male","Urban","4-6","<4y"
"86","1078-1","Urban","6-11mo","Female",5,"Child",1,4,0,0,0,1,"Female","Urban","4-6","<4y"
"87","1079-1","Urban","6-11mo","Female",6,"Child",1,12,0,0,0,3,"Female","Urban","4-6","<4y"
"88","108-1","Rural","40-59y","Male",5,"Farmer/ Clerk/ Shopkeeper",54,10,2,2,0,4.5,"Male","Rural","4-6","50-59y"
"89","108-2","Urban","<6mo","Male",3,"Child",0,16,2,1,0,5.5,"Male","Urban","0-3","<4y"
"90","1080-1","Urban","6-11mo","Female",3,"Child",1,18,0,0,0,4.5,"Female","Urban","0-3","<4y"
"91","1081-1","Rural","6-11mo","Male",NA,"Child",1,2,0,0,0,0.5,"Male","Rural",NA,"<4y"
"92","1083-1","Rural","6-11mo","Female",NA,"Child",1,4,0,0,0,1,"Female","Rural",NA,"<4y"
"93","1085-1","Rural","6-11mo","Male",7,"Child",0,8,0,0,0,2,"Male","Rural","7+","<4y"
"94","1086-1","Urban","6-11mo","Male",4,"Child",1,10,0,0,2,3.5,"Male","Urban","4-6","<4y"
"95","1087-1","Urban","6-11mo","Male",4,"Child",1,8,0,0,0,2,"Male","Urban","4-6","<4y"
"96","1088-1","Urban","15-19y","Male",4,"Semiskilled laborer",20,8,0,0,0,2,"Male","Urban","4-6","10-19y"
"97","1089-1","Urban","6-11mo","Female",6,"Child",0,10,0,0,0,2.5,"Female","Urban","4-6","<4y"
"98","109-1","Rural","20-29y","Female",4,"Skilled laborer",23,14,3,1,0,5.5,"Female","Rural","4-6","20-29y"
"99","1090-1","Rural","6-11mo","Female",NA,"Child",0,2,0,0,0,0.5,"Female","Rural",NA,"<4y"
"100","1091-1","Rural","6-11mo","Male",4,"Child",1,10,0,0,0,2.5,"Male","Rural","4-6","<4y"
"101","1092-1","Rural","6-11mo","Female",5,"Child",1,0,1,0,0,0.5,"Female","Rural","4-6","<4y"
"102","1093-1","Rural","6-11mo","Male",NA,"Child",0,2,1,0,0,1,"Male","Rural",NA,"<4y"
"103","1094-1","Rural","6-11mo","Male",NA,"Child",1,0,1,0,0,0.5,"Male","Rural",NA,"<4y"
"104","1095-1","Rural","6-11mo","Male",NA,"Child",1,2,0,0,0,0.5,"Male","Rural",NA,"<4y"
"105","1096-1","Rural","6-11mo","Female",NA,"Child",1,2,0,1,0,1,"Female","Rural",NA,"<4y"
"106","1098-1","Rural","6-11mo","Female",NA,"Child",0,2,0,3,0,2,"Female","Rural",NA,"<4y"
"107","1099-1","Rural","6-11mo","Male",6,"Child",1,2,2,2,0,2.5,"Male","Rural","4-6","<4y"
"108","11-1","Urban","60+y","Male",5,"Skilled laborer",72,12,10,3,0,9.5,"Male","Urban","4-6","60+y"
"109","110-1","Rural","20-29y","Male",6,"Unemployed adult",23,16,0,1,0,4.5,"Male","Rural","4-6","20-29y"
"110","1100-1","Rural","6-11mo","Male",8,"Child",0,2,0,1,0,1,"Male","Rural","7+","<4y"
"111","1101-1","Rural","6-11mo","Male",8,"Child",1,2,0,0,0,0.5,"Male","Rural","7+","<4y"
"112","1102-1","Rural","6-11mo","Female",5,"Child",0,2,1,3,0,2.5,"Female","Rural","4-6","<4y"
"113","1103-1","Rural","6-11mo","Female",5,"Child",1,16,0,0,0,4,"Female","Rural","4-6","<4y"
"114","1104-1","Rural","6-11mo","Female",NA,"Child",1,4,0,0,0,1,"Female","Rural",NA,"<4y"
"115","1105-1","Rural","6-11mo","Female",NA,"Child",1,4,0,0,0,1,"Female","Rural",NA,"<4y"
"116","1106-1","Rural","6-11mo","Female",NA,"Child",1,0,2,2,0,2,"Female","Rural",NA,"<4y"
"117","1107-1","Rural","6-11mo","Male",7,"Child",1,4,0,0,0,1,"Male","Rural","7+","<4y"
"118","1108-1","Rural","6-11mo","Female",NA,"Child",1,0,0,1,0,0.5,"Female","Rural",NA,"<4y"
"119","1109-1","Rural","6-11mo","Female",5,"Child",0,10,0,0,0,2.5,"Female","Rural","4-6","<4y"
"120","111-1","Rural","40-59y","Female",7,NA,51,12,1,2,0,4.5,"Female","Rural","7+","50-59y"
"121","111-2","Urban","1-4y","Female",3,"Child",2,8,5,5,0,7,"Female","Urban","0-3","<4y"
"122","1110-1","Rural","6-11mo","Female",4,"Child",0,4,0,0,0,1,"Female","Rural","4-6","<4y"
"123","1111-1","Urban","20-29y","Female",4,NA,22,8,0,0,0,2,"Female","Urban","4-6","20-29y"
"124","1112-1","Urban","20-29y","Female",5,"Unemployed adult",26,12,0,0,0,3,"Female","Urban","4-6","20-29y"
"125","112-1","Rural","40-59y","Female",2,"Farmer/ Clerk/ Shopkeeper",50,12,0,1,0,3.5,"Female","Rural","0-3","50-59y"
"126","113-1","Rural","40-59y","Male",4,"Farmer/ Clerk/ Shopkeeper",53,8,2,1,0,3.5,"Male","Rural","4-6","50-59y"
"127","114-1","Rural","40-59y","Male",2,"Skilled laborer",58,8,2,1,0,3.5,"Male","Rural","0-3","50-59y"
"128","115-1","Urban","30-39y","Male",4,"Unskilled laborer",36,6,1,1,0,2.5,"Male","Urban","4-6","30-39y"
"129","116-1","Urban","30-39y","Female",4,NA,35,12,1,0,0,3.5,"Female","Urban","4-6","30-39y"
"130","117-1","Urban","30-39y","Female",5,NA,37,10,1,0,0,3,"Female","Urban","4-6","30-39y"
"131","117-2","Urban","<6mo","Male",7,"Child",0,16,0,1,0,4.5,"Male","Urban","7+","<4y"
"132","118-1","Urban","30-39y","Male",7,"Unemployed adult",36,14,0,1,0,4,"Male","Urban","7+","30-39y"
"133","119-1","Urban","30-39y","Male",4,"Unemployed adult",36,6,2,2,0,3.5,"Male","Urban","4-6","30-39y"
"134","119-2","Urban","1-4y","Female",5,"Child",1,12,0,0,0,3,"Female","Urban","4-6","<4y"
"135","12-1","Urban","60+y","Female",2,"Unskilled laborer",60,8,3,0,0,3.5,"Female","Urban","0-3","60+y"
"136","121-1","Urban","40-59y","Female",4,NA,43,6,1,1,0,2.5,"Female","Urban","4-6","40-49y"
"137","122-1","Urban","30-39y","Female",5,NA,32,14,2,3,0,6,"Female","Urban","4-6","30-39y"
"138","123-1","Urban","30-39y","Female",9,"Unemployed adult",35,16,0,0,0,4,"Female","Urban","7+","30-39y"
"139","124-1","Rural","40-59y","Male",4,"Semiskilled laborer",41,6,3,1,0,3.5,"Male","Rural","4-6","40-49y"
"140","124-2","Urban","6-11mo","Male",6,"Child",1,18,1,0,0,5,"Male","Urban","4-6","<4y"
"141","125-1","Rural","30-39y","Male",3,"Unskilled laborer",33,4,0,0,0,1,"Male","Rural","0-3","30-39y"
"142","125-2","Urban","6-11mo","Male",5,"Child",1,10,3,0,0,4,"Male","Urban","4-6","<4y"
"143","126-1","Rural","30-39y","Female",6,"Unskilled laborer",37,8,1,1,0,3,"Female","Rural","4-6","30-39y"
"144","127-1","Rural","30-39y","Male",2,"Semiskilled laborer",34,10,5,0,0,5,"Male","Rural","0-3","30-39y"
"145","128-1","Rural","30-39y","Female",10,NA,36,18,3,4,0,8,"Female","Rural","7+","30-39y"
"146","129-1","Rural","30-39y","Female",5,NA,31,8,1,3,0,4,"Female","Rural","4-6","30-39y"
"147","129-2","Urban","1-4y","Male",5,"Child",4,14,2,0,0,4.5,"Male","Urban","4-6","<4y"
"148","13-1","Urban","60+y","Female",5,NA,63,12,0,1,0,3.5,"Female","Urban","4-6","60+y"
"149","130-1","Rural","60+y","Female",2,"Unskilled laborer",72,2,4,2,0,3.5,"Female","Rural","0-3","60+y"
"150","131-1","Rural","40-59y","Male",4,"Farmer/ Clerk/ Shopkeeper",49,12,3,3,0,6,"Male","Rural","4-6","40-49y"
"151","132-1","Rural","40-59y","Male",6,"Farmer/ Clerk/ Shopkeeper",56,10,1,0,0,3,"Male","Rural","4-6","50-59y"
"152","133-1","Rural","40-59y","Female",4,"Farmer/ Clerk/ Shopkeeper",58,12,0,1,0,3.5,"Female","Rural","4-6","50-59y"
"153","133-2","Urban","<6mo","Female",5,"Child",0,12,0,2,0,4,"Female","Urban","4-6","<4y"
"154","134-1","Rural","20-29y","Male",5,"Skilled laborer",22,14,2,1,0,5,"Male","Rural","4-6","20-29y"
"155","135-1","Rural","20-29y","Male",3,"Farmer/ Clerk/ Shopkeeper",27,8,1,2,0,3.5,"Male","Rural","0-3","20-29y"
"156","136-1","Rural","20-29y","Male",4,"Skilled laborer",25,8,3,2,0,4.5,"Male","Rural","4-6","20-29y"
"157","137-1","Rural","20-29y","Male",6,"Unemployed adult",21,20,1,1,0,6,"Male","Rural","4-6","20-29y"
"158","138-1","Rural","20-29y","Female",6,NA,28,16,0,0,0,4,"Female","Rural","4-6","20-29y"
"159","138-2","Rural","<6mo","Female",NA,"Child",0,18,2,0,0,5.5,"Female","Rural",NA,"<4y"
"160","139-1","Urban","40-59y","Female",6,"Unskilled laborer",48,18,1,1,0,5.5,"Female","Urban","4-6","40-49y"
"161","14-1","Urban","60+y","Male",3,"Farmer/ Clerk/ Shopkeeper",66,22,4,5,4,12,"Male","Urban","0-3","60+y"
"162","140-1","Urban","40-59y","Male",7,"Skilled laborer",57,22,1,3,0,7.5,"Male","Urban","7+","50-59y"
"163","141-1","Urban","40-59y","Female",1,"Unemployed",49,4,1,1,0,2,"Female","Urban","0-3","40-49y"
"164","142-1","Urban","40-59y","Female",5,NA,49,8,1,1,0,3,"Female","Urban","4-6","40-49y"
"165","143-1","Urban","40-59y","Female",3,"Semiskilled laborer",44,8,6,4,0,7,"Female","Urban","0-3","40-49y"
"166","144-1","Urban","40-59y","Male",5,"Semiprofessional",50,20,2,2,0,7,"Male","Urban","4-6","50-59y"
"167","145-1","Urban","40-59y","Female",5,NA,41,16,0,2,0,5,"Female","Urban","4-6","40-49y"
"168","146-1","Urban","40-59y","Male",4,"Unskilled laborer",45,14,1,1,0,4.5,"Male","Urban","4-6","40-49y"
"169","147-1","Urban","40-59y","Female",6,NA,58,14,0,2,0,4.5,"Female","Urban","4-6","50-59y"
"170","147-2","Rural","<6mo","Female",7,"Child",0,14,1,0,0,4,"Female","Rural","7+","<4y"
"171","148-1","Urban","40-59y","Female",3,NA,46,10,9,1,0,7.5,"Female","Urban","0-3","40-49y"
"172","149-1","Urban","40-59y","Female",6,"Unemployed adult",59,26,2,1,0,8,"Female","Urban","4-6","50-59y"
"173","15-1","Urban","60+y","Female",5,"Unemployed adult",70,12,1,1,0,4,"Female","Urban","4-6","60+y"
"174","150-1","Urban","40-59y","Female",6,NA,48,12,5,1,0,6,"Female","Urban","4-6","40-49y"
"175","151-1","Urban","40-59y","Female",2,NA,53,4,2,1,0,2.5,"Female","Urban","0-3","50-59y"
"176","152-1","Urban","40-59y","Female",1,"Unskilled laborer",42,10,1,0,0,3,"Female","Urban","0-3","40-49y"
"177","153-1","Urban","40-59y","Female",2,NA,55,16,3,0,0,5.5,"Female","Urban","0-3","50-59y"
"178","154-1","Urban","40-59y","Female",5,"Unskilled laborer",50,12,2,13,0,10.5,"Female","Urban","4-6","50-59y"
"179","154-2","Urban","<6mo","Male",5,"Child",0,12,1,0,0,3.5,"Male","Urban","4-6","<4y"
"180","155-1","Urban","40-59y","Female",3,NA,40,10,0,2,0,3.5,"Female","Urban","0-3","40-49y"
"181","156-1","Urban","40-59y","Female",3,"Unemployed adult",55,4,1,1,0,2,"Female","Urban","0-3","50-59y"
"182","157-1","Urban","40-59y","Female",5,NA,50,10,1,4,0,5,"Female","Urban","4-6","50-59y"
"183","157-2","Rural","<6mo","Female",4,"Child",0,6,1,1,0,2.5,"Female","Rural","4-6","<4y"
"184","158-1","Urban","40-59y","Female",4,NA,47,12,1,1,0,4,"Female","Urban","4-6","40-49y"
"185","159-1","Urban","40-59y","Female",1,"Unemployed adult",57,6,1,0,0,2,"Female","Urban","0-3","50-59y"
"186","16-1","Urban","60+y","Male",2,"Unskilled laborer",60,14,0,1,0,4,"Male","Urban","0-3","60+y"
"187","160-1","Urban","40-59y","Male",5,"Semiprofessional",46,12,1,1,0,4,"Male","Urban","4-6","40-49y"
"188","161-1","Urban","40-59y","Female",2,NA,56,6,2,1,0,3,"Female","Urban","0-3","50-59y"
"189","161-2","Rural","<6mo","Male",8,"Child",0,14,0,0,0,3.5,"Male","Rural","7+","<4y"
"190","162-1","Rural","20-29y","Female",8,"Farmer/ Clerk/ Shopkeeper",28,20,0,3,2,7.5,"Female","Rural","7+","20-29y"
"191","163-1","Rural","20-29y","Female",7,NA,26,12,1,3,0,5,"Female","Rural","7+","20-29y"
"192","164-1","Rural","20-29y","Female",5,"Unemployed adult",24,16,0,1,0,4.5,"Female","Rural","4-6","20-29y"
"193","165-1","Rural","20-29y","Female",5,NA,28,10,3,4,0,6,"Female","Rural","4-6","20-29y"
"194","168-2","Urban","6-11mo","Female",4,"Child",1,12,0,1,0,3.5,"Female","Urban","4-6","<4y"
"195","17-1","Rural","60+y","Female",6,"Unskilled laborer",71,10,3,0,0,4,"Female","Rural","4-6","60+y"
"196","17-2","Rural","<6mo","Female",5,"Child",0,10,0,3,0,4,"Female","Rural","4-6","<4y"
"197","171-1","Rural","40-59y","Female",3,"Farmer/ Clerk/ Shopkeeper",52,9,0,2,1,3.5,"Female","Rural","0-3","50-59y"
"198","172-1","Rural","40-59y","Male",7,"Semiprofessional",52,18,0,0,0,4.5,"Male","Rural","7+","50-59y"
"199","172-2","Rural","<6mo","Male",6,"Child",0,10,0,2,0,3.5,"Male","Rural","4-6","<4y"
"200","173-1","Rural","40-59y","Female",3,NA,41,16,2,0,0,5,"Female","Rural","0-3","40-49y"
"201","174-1","Rural","40-59y","Male",5,"Farmer/ Clerk/ Shopkeeper",42,14,1,1,0,4.5,"Male","Rural","4-6","40-49y"
"202","175-1","Rural","40-59y","Male",4,"Unemployed adult",50,8,3,1,0,4,"Male","Rural","4-6","50-59y"
"203","176-1","Rural","40-59y","Male",5,"Semiskilled laborer",52,16,0,2,0,5,"Male","Rural","4-6","50-59y"
"204","177-1","Rural","40-59y","Female",6,NA,57,12,0,1,0,3.5,"Female","Rural","4-6","50-59y"
"205","178-1","Rural","20-29y","Female",4,NA,21,12,0,1,0,3.5,"Female","Rural","4-6","20-29y"
"206","179-1","Urban","40-59y","Male",3,"Skilled laborer",40,16,1,0,0,4.5,"Male","Urban","0-3","40-49y"
"207","18-1","Rural","60+y","Female",5,"Unskilled laborer",69,8,4,6,0,7,"Female","Rural","4-6","60+y"
"208","180-1","Urban","40-59y","Male",2,"Unskilled laborer",49,12,3,1,0,5,"Male","Urban","0-3","40-49y"
"209","181-1","Urban","40-59y","Female",5,"Unemployed adult",53,10,0,1,0,3,"Female","Urban","4-6","50-59y"
"210","181-2","Urban","6-11mo","Male",NA,"Child",1,14,0,1,0,4,"Male","Urban",NA,"<4y"
"211","182-1","Rural","30-39y","Female",4,NA,34,16,0,0,0,4,"Female","Rural","4-6","30-39y"
"212","183-1","Rural","30-39y","Male",4,"Farmer/ Clerk/ Shopkeeper",36,6,10,8,0,10.5,"Male","Rural","4-6","30-39y"
"213","184-1","Rural","30-39y","Male",5,"Semiskilled laborer",38,20,3,0,0,6.5,"Male","Rural","4-6","30-39y"
"214","185-1","Rural","30-39y","Male",7,"Professional",32,12,5,2,0,6.5,"Male","Rural","7+","30-39y"
"215","186-1","Rural","30-39y","Female",4,"Unskilled laborer",37,12,0,0,0,3,"Female","Rural","4-6","30-39y"
"216","186-2","Urban","<6mo","Male",4,"Child",0,8,1,0,0,2.5,"Male","Urban","4-6","<4y"
"217","187-1","Rural","40-59y","Male",5,"Farmer/ Clerk/ Shopkeeper",40,14,8,9,0,12,"Male","Rural","4-6","40-49y"
"218","188-1","Rural","30-39y","Male",5,"Skilled laborer",35,8,5,4,0,6.5,"Male","Rural","4-6","30-39y"
"219","189-2","Rural","<6mo","Female",NA,"Child",0,10,2,1,0,4,"Female","Rural",NA,"<4y"
"220","19-1","Rural","60+y","Female",5,"Unemployed adult",85,8,8,2,0,7,"Female","Rural","4-6","60+y"
"221","19-2","Rural","6-11mo","Male",6,"Child",1,12,1,2,0,4.5,"Male","Rural","4-6","<4y"
"222","190-1","Urban","40-59y","Male",5,"Semiprofessional",41,8,0,2,0,3,"Male","Urban","4-6","40-49y"
"223","191-1","Urban","30-39y","Female",4,NA,35,8,1,3,0,4,"Female","Urban","4-6","30-39y"
"224","192-1","Urban","30-39y","Female",3,NA,35,12,0,2,0,4,"Female","Urban","0-3","30-39y"
"225","194-1","Urban","30-39y","Male",4,"Semiskilled laborer",35,6,1,5,0,4.5,"Male","Urban","4-6","30-39y"
"226","196-1","Urban","30-39y","Female",4,"Unemployed adult",31,6,2,6,0,5.5,"Female","Urban","4-6","30-39y"
"227","197-1","Rural","20-29y","Male",4,"Semiprofessional",26,12,0,0,0,3,"Male","Rural","4-6","20-29y"
"228","198-1","Rural","20-29y","Male",4,"Unemployed adult",20,8,1,1,0,3,"Male","Rural","4-6","20-29y"
"229","199-1","Rural","60+y","Female",5,NA,75,12,0,0,0,3,"Female","Rural","4-6","60+y"
"230","199-2","Urban","6-11mo","Male",5,"Child",1,10,0,1,0,3,"Male","Urban","4-6","<4y"
"231","2-1","Urban","60+y","Female",7,"Unemployed adult",75,16,4,0,0,6,"Female","Urban","7+","60+y"
"232","20-1","Rural","40-59y","Female",1,"Unemployed adult",57,0,5,4,0,4.5,"Female","Rural","0-3","50-59y"
"233","200-1","Rural","40-59y","Female",6,"Farmer/ Clerk/ Shopkeeper",52,12,0,3,0,4.5,"Female","Rural","4-6","50-59y"
"234","201-1","Rural","40-59y","Male",4,"Farmer/ Clerk/ Shopkeeper",50,12,0,1,0,3.5,"Male","Rural","4-6","50-59y"
"235","202-1","Rural","40-59y","Male",3,"Unemployed adult",53,8,2,0,0,3,"Male","Rural","0-3","50-59y"
"236","203-1","Rural","40-59y","Female",5,"Farmer/ Clerk/ Shopkeeper",53,16,2,1,0,5.5,"Female","Rural","4-6","50-59y"
"237","204-1","Rural","40-59y","Female",4,NA,51,12,0,0,0,3,"Female","Rural","4-6","50-59y"
"238","205-1","Rural","20-29y","Female",6,NA,29,10,1,2,0,4,"Female","Rural","4-6","20-29y"
"239","206-1","Rural","30-39y","Female",4,"Farmer/ Clerk/ Shopkeeper",36,6,3,2,0,4,"Female","Rural","4-6","30-39y"
"240","206-2","Urban","1-4y","Female",4,"Child",2,20,0,0,0,5,"Female","Urban","4-6","<4y"
"241","207-1","Rural","30-39y","Female",5,"Semiskilled laborer",36,12,0,0,0,3,"Female","Rural","4-6","30-39y"
"242","207-2","Urban","<6mo","Female",5,"Child",0,10,0,1,0,3,"Female","Urban","4-6","<4y"
"243","208-1","Rural","20-29y","Male",5,"Student",20,16,0,1,0,4.5,"Male","Rural","4-6","20-29y"
"244","209-1","Rural","20-29y","Male",3,"Farmer/ Clerk/ Shopkeeper",30,14,0,1,0,4,"Male","Rural","0-3","20-29y"
"245","21-1","Rural","60+y","Female",3,"Unemployed adult",73,14,0,1,0,4,"Female","Rural","0-3","60+y"
"246","210-1","Rural","20-29y","Male",5,"Skilled laborer",20,20,0,1,0,5.5,"Male","Rural","4-6","20-29y"
"247","210-2","Rural","6-11mo","Male",5,"Child",1,10,0,1,0,3,"Male","Rural","4-6","<4y"
"248","211-1","Urban","30-39y","Female",4,NA,34,6,3,2,0,4,"Female","Urban","4-6","30-39y"
"249","212-1","Urban","30-39y","Male",3,"Skilled laborer",34,6,2,4,0,4.5,"Male","Urban","0-3","30-39y"
"250","213-1","Urban","30-39y","Male",3,"Skilled laborer",39,4,2,4,0,4,"Male","Urban","0-3","30-39y"
"251","214-1","Urban","40-59y","Male",4,"Skilled laborer",52,20,2,1,0,6.5,"Male","Urban","4-6","50-59y"
"252","214-2","Urban","1-4y","Male",4,"Child",2,12,3,0,0,4.5,"Male","Urban","4-6","<4y"
"253","215-1","Urban","40-59y","Female",2,"Unskilled laborer",52,10,3,1,0,4.5,"Female","Urban","0-3","50-59y"
"254","216-1","Urban","40-59y","Female",3,"Skilled laborer",48,22,3,1,0,7.5,"Female","Urban","0-3","40-49y"
"255","217-1","Rural","60+y","Female",1,"Unskilled laborer",60,16,2,2,0,6,"Female","Rural","0-3","60+y"
"256","217-2","Urban","<6mo","Female",5,"Child",0,10,1,0,0,3,"Female","Urban","4-6","<4y"
"257","218-1","Rural","60+y","Female",2,"Farmer/ Clerk/ Shopkeeper",72,14,3,1,0,5.5,"Female","Rural","0-3","60+y"
"258","218-2","Rural","1-4y","Female",NA,"Child",4,10,4,0,0,4.5,"Female","Rural",NA,"<4y"
"259","219-1","Rural","60+y","Female",4,NA,77,10,0,2,0,3.5,"Female","Rural","4-6","60+y"
"260","22-1","Rural","60+y","Male",7,"Farmer/ Clerk/ Shopkeeper",66,14,1,0,0,4,"Male","Rural","7+","60+y"
"261","220-1","Rural","60+y","Female",1,"Unemployed adult",67,8,6,6,0,8,"Female","Rural","0-3","60+y"
"262","221-1","Rural","60+y","Female",1,NA,64,6,0,2,0,2.5,"Female","Rural","0-3","60+y"
"263","222-1","Rural","40-59y","Female",4,"Farmer/ Clerk/ Shopkeeper",49,10,2,2,0,4.5,"Female","Rural","4-6","40-49y"
"264","222-2","Rural","1-4y","Male",4,"Child",2,6,5,1,0,4.5,"Male","Rural","4-6","<4y"
"265","223-1","Rural","40-59y","Male",6,"Farmer/ Clerk/ Shopkeeper",41,10,3,1,0,4.5,"Male","Rural","4-6","40-49y"
"266","224-1","Rural","40-59y","Female",7,NA,59,16,0,1,0,4.5,"Female","Rural","7+","50-59y"
"267","225-1","Rural","40-59y","Female",4,"Semiskilled laborer",42,6,6,3,0,6,"Female","Rural","4-6","40-49y"
"268","226-1","Rural","60+y","Male",2,"Unemployed",80,4,0,0,0,1,"Male","Rural","0-3","60+y"
"269","227-1","Rural","60+y","Male",2,"Unemployed adult",70,8,3,0,0,3.5,"Male","Rural","0-3","60+y"
"270","228-1","Rural","60+y","Male",4,"Unskilled laborer",68,14,0,0,0,3.5,"Male","Rural","4-6","60+y"
"271","229-1","Rural","60+y","Male",6,"Unskilled laborer",61,10,4,0,0,4.5,"Male","Rural","4-6","60+y"
"272","229-2","Rural","1-4y","Male",NA,"Child",1,8,0,0,0,2,"Male","Rural",NA,"<4y"
"273","23-1","Rural","60+y","Female",5,"Unemployed adult",77,8,8,1,0,6.5,"Female","Rural","4-6","60+y"
"274","230-1","Rural","60+y","Male",2,"Unemployed adult",65,2,9,3,0,6.5,"Male","Rural","0-3","60+y"
"275","231-1","Rural","40-59y","Male",3,"Unemployed adult",59,4,5,5,0,6,"Male","Rural","0-3","50-59y"
"276","232-1","Urban","30-39y","Male",2,"Unemployed adult",32,8,0,2,0,3,"Male","Urban","0-3","30-39y"
"277","233-1","Urban","30-39y","Female",2,"Unemployed adult",30,4,1,2,0,2.5,"Female","Urban","0-3","30-39y"
"278","234-1","Urban","30-39y","Female",4,NA,39,10,3,3,0,5.5,"Female","Urban","4-6","30-39y"
"279","234-2","Urban","6-11mo","Female",4,"Child",0,10,5,0,0,5,"Female","Urban","4-6","<4y"
"280","235-1","Urban","30-39y","Female",4,NA,33,6,2,3,0,4,"Female","Urban","4-6","30-39y"
"281","237-1","Rural","40-59y","Female",4,NA,41,8,0,0,0,2,"Female","Rural","4-6","40-49y"
"282","237-2","Urban","<6mo","Male",3,"Child",0,10,3,0,0,4,"Male","Urban","0-3","<4y"
"283","238-1","Rural","40-59y","Female",2,NA,50,4,1,0,0,1.5,"Female","Rural","0-3","50-59y"
"284","239-1","Rural","60+y","Female",1,NA,87,10,2,1,0,4,"Female","Rural","0-3","60+y"
"285","239-2","Rural","1-4y","Female",NA,"Child",2,6,0,5,0,4,"Female","Rural",NA,"<4y"
"286","24-1","Urban","60+y","Female",5,"Unemployed adult",75,12,0,1,0,3.5,"Female","Urban","4-6","60+y"
"287","24-2","Rural","<6mo","Female",5,"Child",0,10,1,2,0,4,"Female","Rural","4-6","<4y"
"288","240-1","Rural","60+y","Female",4,NA,68,12,0,2,0,4,"Female","Rural","4-6","60+y"
"289","241-1","Rural","60+y","Female",5,NA,65,10,1,2,0,4,"Female","Rural","4-6","60+y"
"290","242-1","Rural","60+y","Male",2,"Unemployed adult",81,4,0,0,0,1,"Male","Rural","0-3","60+y"
"291","242-2","Rural","<6mo","Male",4,"Child",0,10,0,7,4,8,"Male","Rural","4-6","<4y"
"292","243-1","Rural","60+y","Male",2,"Farmer/ Clerk/ Shopkeeper",64,2,1,0,0,1,"Male","Rural","0-3","60+y"
"293","244-1","Rural","60+y","Male",4,"Unskilled laborer",68,8,4,3,0,5.5,"Male","Rural","4-6","60+y"
"294","245-1","Rural","40-59y","Female",4,"Farmer/ Clerk/ Shopkeeper",46,6,6,4,0,6.5,"Female","Rural","4-6","40-49y"
"295","246-1","Rural","40-59y","Female",4,NA,51,6,8,5,0,8,"Female","Rural","4-6","50-59y"
"296","246-2","Urban","<6mo","Female",4,"Child",0,12,2,1,0,4.5,"Female","Urban","4-6","<4y"
"297","247-1","Rural","20-29y","Female",6,NA,29,12,0,2,0,4,"Female","Rural","4-6","20-29y"
"298","248-1","Rural","60+y","Male",2,"Unemployed adult",81,2,3,2,0,3,"Male","Rural","0-3","60+y"
"299","249-1","Rural","60+y","Male",4,"Unemployed adult",62,6,5,4,0,6,"Male","Rural","4-6","60+y"
"300","249-2","Urban","6-11mo","Female",6,"Child",1,18,0,0,0,4.5,"Female","Urban","4-6","<4y"
"301","25-1","Urban","60+y","Female",9,NA,60,16,0,1,0,4.5,"Female","Urban","7+","60+y"
"302","250-1","Rural","40-59y","Male",3,"Semiskilled laborer",43,12,2,0,0,4,"Male","Rural","0-3","40-49y"
"303","251-1","Rural","40-59y","Female",4,NA,47,8,4,0,0,4,"Female","Rural","4-6","40-49y"
"304","252-1","Rural","40-59y","Female",3,"Unskilled laborer",48,12,0,0,0,3,"Female","Rural","0-3","40-49y"
"305","253-1","Rural","60+y","Female",7,NA,65,12,0,0,0,3,"Female","Rural","7+","60+y"
"306","254-1","Rural","40-59y","Male",12,"Farmer/ Clerk/ Shopkeeper",54,20,2,2,0,7,"Male","Rural","7+","50-59y"
"307","254-2","Rural","<6mo","Male",5,"Child",0,8,2,0,0,3,"Male","Rural","4-6","<4y"
"308","255-1","Rural","20-29y","Male",12,"Student",22,22,1,0,0,6,"Male","Rural","7+","20-29y"
"309","256-1","Rural","60+y","Male",5,"Unemployed adult",75,10,0,4,3,6,"Male","Rural","4-6","60+y"
"310","257-1","Rural","30-39y","Male",5,"Unskilled laborer",32,10,0,0,0,2.5,"Male","Rural","4-6","30-39y"
"311","258-1","Rural","5-9y","Male",5,"Student",8,30,0,0,0,7.5,"Male","Rural","4-6","5-9y"
"312","259-1","Rural","40-59y","Male",4,"Farmer/ Clerk/ Shopkeeper",46,14,0,0,0,3.5,"Male","Rural","4-6","40-49y"
"313","259-2","Urban","<6mo","Male",5,"Child",0,8,3,0,0,3.5,"Male","Urban","4-6","<4y"
"314","26-1","Urban","60+y","Male",5,"Unemployed",60,12,1,1,0,4,"Male","Urban","4-6","60+y"
"315","260-1","Rural","20-29y","Female",4,NA,23,14,0,3,0,5,"Female","Rural","4-6","20-29y"
"316","261-1","Rural","5-9y","Male",4,"Student",6,13,1,5,1,6.5,"Male","Rural","4-6","5-9y"
"317","262-1","Rural","60+y","Male",3,"Unemployed adult",78,12,1,2,0,4.5,"Male","Rural","0-3","60+y"
"318","263-1","Rural","60+y","Male",3,"Unskilled laborer",61,6,2,0,0,2.5,"Male","Rural","0-3","60+y"
"319","263-2","Urban","<6mo","Male",6,"Child",0,12,3,1,0,5,"Male","Urban","4-6","<4y"
"320","264-1","Rural","40-59y","Female",3,NA,48,4,0,0,0,1,"Female","Rural","0-3","40-49y"
"321","265-1","Rural","30-39y","Male",6,"Unskilled laborer",35,10,8,5,0,9,"Male","Rural","4-6","30-39y"
"322","266-1","Rural","10-14y","Female",7,"Student",15,12,4,0,0,5,"Female","Rural","7+","10-19y"
"323","267-1","Rural","15-19y","Female",7,"Student",19,12,0,1,0,3.5,"Female","Rural","7+","10-19y"
"324","268-1","Rural","15-19y","Male",7,"Student",16,16,2,2,0,6,"Male","Rural","7+","10-19y"
"325","269-1","Rural","30-39y","Male",4,"Semiskilled laborer",30,6,0,4,0,3.5,"Male","Rural","4-6","30-39y"
"326","27-1","Urban","60+y","Female",5,NA,69,8,0,9,0,6.5,"Female","Urban","4-6","60+y"
"327","270-1","Rural","20-29y","Female",4,NA,26,6,0,0,0,1.5,"Female","Rural","4-6","20-29y"
"328","271-1","Rural","30-39y","Female",4,NA,33,6,0,1,0,2,"Female","Rural","4-6","30-39y"
"329","272-1","Rural","5-9y","Female",4,"Student",8,20,0,3,0,6.5,"Female","Rural","4-6","5-9y"
"330","273-1","Rural","40-59y","Female",3,"Unskilled laborer",56,8,0,0,0,2,"Female","Rural","0-3","50-59y"
"331","273-2","Rural","1-4y","Female",NA,"Child",4,12,4,2,0,6,"Female","Rural",NA,"<4y"
"332","274-1","Rural","15-19y","Female",9,"Student",19,26,0,0,0,6.5,"Female","Rural","7+","10-19y"
"333","275-1","Rural","20-29y","Female",3,"Unemployed adult",22,4,3,1,0,3,"Female","Rural","0-3","20-29y"
"334","276-1","Rural","40-59y","Male",10,"Farmer/ Clerk/ Shopkeeper",49,18,1,2,0,6,"Male","Rural","7+","40-49y"
"335","277-1","Rural","30-39y","Male",6,"Unskilled laborer",38,10,2,1,0,4,"Male","Rural","4-6","30-39y"
"336","278-1","Rural","10-14y","Male",6,"Student",11,28,0,0,0,7,"Male","Rural","4-6","10-19y"
"337","279-1","Rural","5-9y","Male",6,"Student",8,28,0,0,0,7,"Male","Rural","4-6","5-9y"
"338","28-1","Urban","60+y","Female",2,"Unskilled laborer",75,8,0,2,0,3,"Female","Urban","0-3","60+y"
"339","280-1","Urban","30-39y","Female",4,NA,38,14,0,3,0,5,"Female","Urban","4-6","30-39y"
"340","281-1","Urban","30-39y","Female",1,"Unemployed adult",39,4,4,3,0,4.5,"Female","Urban","0-3","30-39y"
"341","282-1","Urban","15-19y","Male",4,"Unemployed adult",16,12,5,2,0,6.5,"Male","Urban","4-6","10-19y"
"342","283-1","Urban","5-9y","Female",4,"Student",6,18,0,2,0,5.5,"Female","Urban","4-6","5-9y"
"343","284-1","Urban","10-14y","Female",5,"Student",14,20,1,2,0,6.5,"Female","Urban","4-6","10-19y"
"344","285-1","Urban","40-59y","Male",1,"Skilled laborer",58,6,1,0,0,2,"Male","Urban","0-3","50-59y"
"345","286-1","Urban","60+y","Female",6,"Unemployed adult",62,10,0,0,0,2.5,"Female","Urban","4-6","60+y"
"346","287-1","Urban","40-59y","Female",7,"Unemployed adult",50,16,5,1,0,7,"Female","Urban","7+","50-59y"
"347","288-1","Urban","60+y","Female",1,"Unemployed adult",63,8,2,5,0,5.5,"Female","Urban","0-3","60+y"
"348","29-1","Urban","60+y","Female",1,"Unemployed adult",68,8,5,1,0,5,"Female","Urban","0-3","60+y"
"349","290-1","Urban","30-39y","Male",6,"Unemployed adult",35,12,4,2,0,6,"Male","Urban","4-6","30-39y"
"350","291-1","Urban","5-9y","Male",4,"Student",10,12,4,0,0,5,"Male","Urban","4-6","5-9y"
"351","292-1","Urban","40-59y","Female",3,NA,40,12,6,4,0,8,"Female","Urban","0-3","40-49y"
"352","293-1","Urban","5-9y","Female",5,"Student",10,10,8,3,0,8,"Female","Urban","4-6","5-9y"
"353","294-1","Rural","15-19y","Female",3,"Student",18,28,0,0,2,8,"Female","Rural","0-3","10-19y"
"354","294-2","Urban","6-11mo","Male",5,"Child",1,12,0,1,0,3.5,"Male","Urban","4-6","<4y"
"355","295-1","Rural","10-14y","Male",5,"Student",12,30,0,2,2,9.5,"Male","Rural","4-6","10-19y"
"356","296-1","Rural","40-59y","Female",2,"Unskilled laborer",48,10,0,1,0,3,"Female","Rural","0-3","40-49y"
"357","297-1","Rural","60+y","Male",7,"Farmer/ Clerk/ Shopkeeper",67,14,0,0,0,3.5,"Male","Rural","7+","60+y"
"358","298-1","Rural","30-39y","Male",7,"Farmer/ Clerk/ Shopkeeper",37,12,1,3,2,6,"Male","Rural","7+","30-39y"
"359","299-1","Rural","40-59y","Female",2,"Unskilled laborer",52,8,0,1,0,2.5,"Female","Rural","0-3","50-59y"
"360","299-2","Rural","1-4y","Female",NA,"Child",1,10,6,2,0,6.5,"Female","Rural",NA,"<4y"
"361","3-1","Urban","60+y","Male",4,"Skilled laborer",60,12,1,0,0,3.5,"Male","Urban","4-6","60+y"
"362","30-1","Urban","60+y","Male",2,"Unemployed adult",79,12,2,5,0,6.5,"Male","Urban","0-3","60+y"
"363","300-1","Rural","5-9y","Male",4,"Student",7,20,1,3,0,7,"Male","Rural","4-6","5-9y"
"364","301-1","Rural","30-39y","Female",4,"Unskilled laborer",35,16,2,2,0,6,"Female","Rural","4-6","30-39y"
"365","302-1","Rural","40-59y","Male",2,"Skilled laborer",45,10,0,0,0,2.5,"Male","Rural","0-3","40-49y"
"366","303-1","Rural","5-9y","Male",6,"Student",9,14,3,3,0,6.5,"Male","Rural","4-6","5-9y"
"367","303-2","Rural","1-4y","Female",NA,"Child",2,18,0,0,0,4.5,"Female","Rural",NA,"<4y"
"368","304-1","Rural","40-59y","Male",10,"Farmer/ Clerk/ Shopkeeper",50,26,0,3,0,8,"Male","Rural","7+","50-59y"
"369","305-1","Rural","30-39y","Female",3,NA,31,4,1,1,0,2,"Female","Rural","0-3","30-39y"
"370","306-1","Rural","40-59y","Female",7,"Unskilled laborer",40,12,0,4,0,5,"Female","Rural","7+","40-49y"
"371","306-2","Rural","1-4y","Male",3,"Child",2,14,0,0,0,3.5,"Male","Rural","0-3","<4y"
"372","307-1","Rural","15-19y","Female",7,"Student",16,22,2,1,0,7,"Female","Rural","7+","10-19y"
"373","308-1","Rural","30-39y","Male",3,"Farmer/ Clerk/ Shopkeeper",37,4,8,6,1,8.5,"Male","Rural","0-3","30-39y"
"374","309-1","Urban","40-59y","Female",4,NA,48,10,0,5,0,5,"Female","Urban","4-6","40-49y"
"375","309-2","Rural","1-4y","Female",3,"Child",4,14,0,4,0,5.5,"Female","Rural","0-3","<4y"
"376","31-1","Rural","40-59y","Male",4,"Farmer/ Clerk/ Shopkeeper",59,10,1,0,0,3,"Male","Rural","4-6","50-59y"
"377","31-2","Rural","<6mo","Male",6,"Child",0,12,0,1,0,3.5,"Male","Rural","4-6","<4y"
"378","310-1","Urban","60+y","Female",2,"Unemployed adult",65,2,4,3,0,4,"Female","Urban","0-3","60+y"
"379","311-1","Rural","20-29y","Male",4,"Unemployed adult",23,6,1,0,0,2,"Male","Rural","4-6","20-29y"
"380","312-1","Rural","60+y","Male",2,"Unemployed",77,4,0,4,2,4,"Male","Rural","0-3","60+y"
"381","312-2","Rural","1-4y","Female",4,"Child",3,12,0,3,0,4.5,"Female","Rural","4-6","<4y"
"382","313-1","Rural","40-59y","Female",4,"Unskilled laborer",50,14,0,1,0,4,"Female","Rural","4-6","50-59y"
"383","314-1","Rural","40-59y","Female",6,"Unskilled laborer",44,12,1,4,0,5.5,"Female","Rural","4-6","40-49y"
"384","315-1","Rural","20-29y","Male",4,"Skilled laborer",23,16,4,7,0,9.5,"Male","Rural","4-6","20-29y"
"385","316-1","Rural","20-29y","Female",9,"Student",21,16,0,0,0,4,"Female","Rural","7+","20-29y"
"386","316-2","Rural","1-4y","Female",6,"Child",3,18,0,0,0,4.5,"Female","Rural","4-6","<4y"
"387","317-1","Rural","20-29y","Male",2,"Farmer/ Clerk/ Shopkeeper",28,16,0,0,2,5,"Male","Rural","0-3","20-29y"
"388","318-1","Rural","20-29y","Male",4,"Skilled laborer",23,16,0,0,0,4,"Male","Rural","4-6","20-29y"
"389","319-1","Rural","5-9y","Male",5,"Student",9,22,0,0,2,6.5,"Male","Rural","4-6","5-9y"
"390","319-2","Urban","<6mo","Female",5,"Child",0,10,5,0,0,5,"Female","Urban","4-6","<4y"
"391","32-1","Rural","60+y","Male",4,"Unemployed adult",82,6,2,5,0,5,"Male","Rural","4-6","60+y"
"392","320-1","Rural","10-14y","Male",7,"Student",11,32,0,0,0,8,"Male","Rural","7+","10-19y"
"393","321-1","Rural","5-9y","Female",6,"Student",9,20,0,0,2,6,"Female","Rural","4-6","5-9y"
"394","321-2","Urban","<6mo","Female",6,"Child",0,12,1,0,0,3.5,"Female","Urban","4-6","<4y"
"395","322-1","Rural","20-29y","Female",5,"Student",22,30,0,0,0,7.5,"Female","Rural","4-6","20-29y"
"396","322-2","Rural","<6mo","Male",NA,"Child",0,14,3,5,0,7.5,"Male","Rural",NA,"<4y"
"397","323-1","Urban","10-14y","Male",5,"Student",11,20,2,3,0,7.5,"Male","Urban","4-6","10-19y"
"398","324-1","Urban","10-14y","Male",5,"Student",11,8,0,1,0,2.5,"Male","Urban","4-6","10-19y"
"399","325-1","Urban","30-39y","Male",6,"Semiskilled laborer",36,12,3,4,0,6.5,"Male","Urban","4-6","30-39y"
"400","326-1","Urban","20-29y","Female",7,NA,24,14,2,3,0,6,"Female","Urban","7+","20-29y"
"401","327-1","Rural","10-14y","Female",5,"Student",12,12,4,4,0,7,"Female","Rural","4-6","10-19y"
"402","328-1","Rural","40-59y","Female",2,NA,51,16,0,0,0,4,"Female","Rural","0-3","50-59y"
"403","328-2","Rural","1-4y","Male",NA,"Child",1,12,9,0,0,7.5,"Male","Rural",NA,"<4y"
"404","329-1","Rural","30-39y","Male",5,"Semiskilled laborer",35,8,0,1,0,2.5,"Male","Rural","4-6","30-39y"
"405","33-1","Rural","60+y","Male",3,"Unemployed adult",73,4,2,0,0,2,"Male","Rural","0-3","60+y"
"406","330-1","Rural","20-29y","Female",5,NA,20,8,0,0,0,2,"Female","Rural","4-6","20-29y"
"407","331-1","Rural","20-29y","Male",7,"Student",21,12,0,0,0,3,"Male","Rural","7+","20-29y"
"408","331-2","Urban","1-4y","Male",4,"Child",2,12,0,0,0,3,"Male","Urban","4-6","<4y"
"409","332-1","Rural","40-59y","Male",3,"Skilled laborer",54,14,1,0,0,4,"Male","Rural","0-3","50-59y"
"410","333-1","Rural","10-14y","Male",2,"Unskilled laborer",10,12,7,5,0,9,"Male","Rural","0-3","10-19y"
"411","334-1","Rural","5-9y","Female",9,"Student",5,36,0,1,0,9.5,"Female","Rural","7+","5-9y"
"412","334-2","Urban","<6mo","Male",NA,"Child",0,14,0,1,0,4,"Male","Urban",NA,"<4y"
"413","335-1","Rural","40-59y","Female",3,"Unskilled laborer",55,4,3,1,0,3,"Female","Rural","0-3","50-59y"
"414","336-1","Rural","15-19y","Male",3,"Unemployed adult",17,4,4,8,0,7,"Male","Rural","0-3","10-19y"
"415","337-1","Rural","20-29y","Female",6,NA,26,14,1,2,0,5,"Female","Rural","4-6","20-29y"
"416","338-1","Rural","30-39y","Female",6,"Unskilled laborer",33,20,0,0,0,5,"Female","Rural","4-6","30-39y"
"417","338-2","Urban","1-4y","Female",5,"Child",2,10,0,1,0,3,"Female","Urban","4-6","<4y"
"418","339-1","Rural","30-39y","Male",5,"Unemployed adult",34,8,0,0,0,2,"Male","Rural","4-6","30-39y"
"419","34-1","Urban","60+y","Female",2,"Unemployed adult",81,14,0,1,0,4,"Female","Urban","0-3","60+y"
"420","340-1","Rural","15-19y","Male",5,"Unemployed adult",19,12,4,5,0,7.5,"Male","Rural","4-6","10-19y"
"421","341-1","Urban","30-39y","Male",4,"Skilled laborer",32,6,1,3,0,3.5,"Male","Urban","4-6","30-39y"
"422","342-1","Urban","10-14y","Female",6,"Student",12,18,0,1,0,5,"Female","Urban","4-6","10-19y"
"423","343-1","Urban","5-9y","Male",5,"Student",8,12,3,4,0,6.5,"Male","Urban","4-6","5-9y"
"424","345-1","Urban","60+y","Male",4,"Unskilled laborer",68,14,0,2,0,4.5,"Male","Urban","4-6","60+y"
"425","346-1","Urban","20-29y","Female",4,NA,25,8,3,1,0,4,"Female","Urban","4-6","20-29y"
"426","347-1","Urban","5-9y","Female",4,"Student",7,16,0,1,0,4.5,"Female","Urban","4-6","5-9y"
"427","348-1","Urban","15-19y","Female",4,"Student",17,12,0,1,0,3.5,"Female","Urban","4-6","10-19y"
"428","349-1","Urban","40-59y","Female",5,NA,44,8,0,1,0,2.5,"Female","Urban","4-6","40-49y"
"429","35-1","Rural","40-59y","Female",5,"Unskilled laborer",57,12,1,1,0,4,"Female","Rural","4-6","50-59y"
"430","350-1","Urban","20-29y","Female",10,NA,26,46,0,1,0,12,"Female","Urban","7+","20-29y"
"431","351-1","Urban","5-9y","Male",5,"Student",10,34,0,2,0,9.5,"Male","Urban","4-6","5-9y"
"432","352-1","Urban","5-9y","Female",6,"Student",6,23,2,9,1,12,"Female","Urban","4-6","5-9y"
"433","352-2","Urban","<6mo","Male",4,"Child",0,10,2,2,1,5,"Male","Urban","4-6","<4y"
"434","353-1","Urban","40-59y","Female",6,NA,50,14,2,2,0,5.5,"Female","Urban","4-6","50-59y"
"435","354-1","Urban","30-39y","Female",4,"Farmer/ Clerk/ Shopkeeper",37,22,0,1,0,6,"Female","Urban","4-6","30-39y"
"436","355-1","Urban","10-14y","Female",5,"Student",10,18,0,3,2,7,"Female","Urban","4-6","10-19y"
"437","356-1","Urban","5-9y","Female",5,"Student",8,12,2,0,0,4,"Female","Urban","4-6","5-9y"
"438","356-2","Urban","<6mo","Male",5,"Child",0,12,1,1,0,4,"Male","Urban","4-6","<4y"
"439","357-1","Urban","5-9y","Male",6,"Student",7,36,0,3,0,10.5,"Male","Urban","4-6","5-9y"
"440","358-1","Urban","10-14y","Male",4,"Student",12,34,0,2,0,9.5,"Male","Urban","4-6","10-19y"
"441","359-1","Rural","40-59y","Female",2,NA,56,12,0,0,2,4,"Female","Rural","0-3","50-59y"
"442","36-1","Rural","60+y","Female",3,NA,60,4,0,0,0,1,"Female","Rural","0-3","60+y"
"443","360-1","Rural","40-59y","Female",4,NA,46,8,0,0,0,2,"Female","Rural","4-6","40-49y"
"444","360-2","Rural","<6mo","Male",NA,"Child",0,10,0,0,0,2.5,"Male","Rural",NA,"<4y"
"445","361-1","Urban","60+y","Male",6,"Unemployed",70,14,1,1,0,4.5,"Male","Urban","4-6","60+y"
"446","362-1","Urban","5-9y","Female",6,"Student",6,14,0,6,0,6.5,"Female","Urban","4-6","5-9y"
"447","363-1","Urban","10-14y","Female",5,"Student",12,14,2,4,0,6.5,"Female","Urban","4-6","10-19y"
"448","363-2","Urban","<6mo","Female",6,"Child",0,12,0,1,0,3.5,"Female","Urban","4-6","<4y"
"449","364-1","Urban","5-9y","Female",5,"Student",9,8,2,9,0,7.5,"Female","Urban","4-6","5-9y"
"450","365-1","Urban","10-14y","Male",7,"Student",10,18,4,1,0,7,"Male","Urban","7+","10-19y"
"451","366-1","Rural","15-19y","Female",4,"Student",18,22,0,0,0,5.5,"Female","Rural","4-6","10-19y"
"452","367-1","Rural","30-39y","Male",5,"Farmer/ Clerk/ Shopkeeper",38,10,8,9,0,11,"Male","Rural","4-6","30-39y"
"453","368-1","Rural","30-39y","Male",9,"Unskilled laborer",32,16,4,1,0,6.5,"Male","Rural","7+","30-39y"
"454","368-2","Rural","1-4y","Female",NA,"Child",3,20,0,0,0,5,"Female","Rural",NA,"<4y"
"455","369-1","Rural","10-14y","Female",10,"Student",11,24,0,0,0,6,"Female","Rural","7+","10-19y"
"456","37-1","Rural","60+y","Male",6,"Unemployed adult",62,10,2,0,0,3.5,"Male","Rural","4-6","60+y"
"457","37-2","Rural","<6mo","Female",NA,"Child",0,8,0,0,0,2,"Female","Rural",NA,"<4y"
"458","370-1","Rural","10-14y","Male",5,"Student",13,16,3,1,0,6,"Male","Rural","4-6","10-19y"
"459","371-1","Rural","10-14y","Female",5,"Student",14,20,0,0,0,5,"Female","Rural","4-6","10-19y"
"460","372-1","Rural","10-14y","Female",5,"Student",12,12,0,0,0,3,"Female","Rural","4-6","10-19y"
"461","372-2","Urban","<6mo","Male",5,"Child",0,8,0,1,0,2.5,"Male","Urban","4-6","<4y"
"462","373-1","Rural","15-19y","Male",5,"Student",17,8,6,6,0,8,"Male","Rural","4-6","10-19y"
"463","374-1","Rural","15-19y","Male",5,"Student",19,11,4,5,2,8.5,"Male","Rural","4-6","10-19y"
"464","375-1","Urban","10-14y","Female",5,"Student",14,16,1,5,0,7,"Female","Urban","4-6","10-19y"
"465","376-1","Urban","10-14y","Female",4,"Student",10,24,4,1,0,8.5,"Female","Urban","4-6","10-19y"
"466","376-2","Urban","1-4y","Female",5,"Child",1,8,5,5,0,7,"Female","Urban","4-6","<4y"
"467","377-1","Urban","60+y","Male",6,"Unskilled laborer",63,10,2,0,0,3.5,"Male","Urban","4-6","60+y"
"468","378-1","Urban","30-39y","Female",4,NA,33,6,0,0,0,1.5,"Female","Urban","4-6","30-39y"
"469","379-1","Urban","60+y","Female",6,NA,65,12,0,1,0,3.5,"Female","Urban","4-6","60+y"
"470","38-1","Rural","60+y","Female",4,NA,63,10,3,0,0,4,"Female","Rural","4-6","60+y"
"471","380-1","Urban","5-9y","Female",5,"Student",6,28,0,1,0,7.5,"Female","Urban","4-6","5-9y"
"472","381-1","Urban","15-19y","Male",6,"Unskilled laborer",16,22,0,1,0,6,"Male","Urban","4-6","10-19y"
"473","382-1","Urban","5-9y","Female",6,"Student",9,20,0,7,0,8.5,"Female","Urban","4-6","5-9y"
"474","383-1","Urban","60+y","Male",3,"Unskilled laborer",66,10,0,5,0,5,"Male","Urban","0-3","60+y"
"475","384-1","Urban","10-14y","Female",4,"Student",13,10,0,5,0,5,"Female","Urban","4-6","10-19y"
"476","384-2","Rural","6-11mo","Female",NA,"Child",1,10,0,3,0,4,"Female","Rural",NA,"<4y"
"477","385-1","Urban","5-9y","Male",5,"Student",10,10,0,2,0,3.5,"Male","Urban","4-6","5-9y"
"478","386-1","Rural","40-59y","Female",4,NA,42,8,3,1,0,4,"Female","Rural","4-6","40-49y"
"479","387-1","Rural","10-14y","Male",10,"Student",10,24,1,0,0,6.5,"Male","Rural","7+","10-19y"
"480","388-1","Rural","5-9y","Male",6,"Student",8,16,0,3,0,5.5,"Male","Rural","4-6","5-9y"
"481","388-2","Rural","<6mo","Female",NA,"Child",0,6,0,0,0,1.5,"Female","Rural",NA,"<4y"
"482","389-1","Rural","5-9y","Male",5,"Student",7,8,0,0,0,2,"Male","Rural","4-6","5-9y"
"483","39-1","Rural","60+y","Male",2,"Farmer/ Clerk/ Shopkeeper",74,6,1,0,0,2,"Male","Rural","0-3","60+y"
"484","390-1","Rural","5-9y","Female",4,"Student",7,6,0,0,0,1.5,"Female","Rural","4-6","5-9y"
"485","391-1","Urban","60+y","Female",1,"Unemployed adult",65,4,1,1,0,2,"Female","Urban","0-3","60+y"
"486","392-1","Urban","40-59y","Male",4,"Semiskilled laborer",45,16,1,1,0,5,"Male","Urban","4-6","40-49y"
"487","393-1","Urban","30-39y","Male",7,"Semiskilled laborer",33,22,2,3,0,8,"Male","Urban","7+","30-39y"
"488","394-1","Urban","20-29y","Male",4,"Student",22,12,5,1,0,6,"Male","Urban","4-6","20-29y"
"489","395-1","Urban","30-39y","Female",7,"Skilled laborer",33,22,1,1,0,6.5,"Female","Urban","7+","30-39y"
"490","396-1","Urban","10-14y","Male",4,"Student",13,18,3,4,0,8,"Male","Urban","4-6","10-19y"
"491","397-1","Urban","60+y","Male",6,"Semiskilled laborer",60,14,1,1,0,4.5,"Male","Urban","4-6","60+y"
"492","398-1","Urban","5-9y","Male",7,"Student",8,22,4,3,0,9,"Male","Urban","7+","5-9y"
"493","399-1","Urban","5-9y","Male",6,"Student",6,18,1,1,0,5.5,"Male","Urban","4-6","5-9y"
"494","4-1","Urban","60+y","Female",4,"Unemployed adult",75,6,1,0,0,2,"Female","Urban","4-6","60+y"
"495","40-1","Rural","60+y","Female",2,NA,71,2,0,0,0,0.5,"Female","Rural","0-3","60+y"
"496","400-1","Urban","20-29y","Female",4,"Skilled laborer",23,14,2,1,0,5,"Female","Urban","4-6","20-29y"
"497","400-2","Urban","6-11mo","Male",4,"Child",1,10,5,2,0,6,"Male","Urban","4-6","<4y"
"498","401-1","Urban","20-29y","Male",6,"Skilled laborer",28,18,1,1,0,5.5,"Male","Urban","4-6","20-29y"
"499","402-1","Urban","15-19y","Male",5,"Skilled laborer",19,12,2,8,0,8,"Male","Urban","4-6","10-19y"
"500","403-1","Urban","60+y","Female",1,"Unemployed adult",75,4,1,1,0,2,"Female","Urban","0-3","60+y"
"501","403-2","Rural","1-4y","Male",NA,"Child",2,8,6,2,0,6,"Male","Rural",NA,"<4y"
"502","404-1","Urban","60+y","Male",1,"Unemployed adult",82,10,1,1,0,3.5,"Male","Urban","0-3","60+y"
"503","405-1","Urban","60+y","Male",5,"Unemployed",61,12,1,1,0,4,"Male","Urban","4-6","60+y"
"504","406-1","Urban","60+y","Female",3,"Unemployed adult",62,16,2,3,0,6.5,"Female","Urban","0-3","60+y"
"505","407-1","Urban","20-29y","Male",4,"Unemployed adult",25,16,1,3,0,6,"Male","Urban","4-6","20-29y"
"506","408-1","Urban","60+y","Male",4,"Unemployed adult",63,10,1,4,0,5,"Male","Urban","4-6","60+y"
"507","408-2","Rural","6-11mo","Female",NA,"Child",0,10,2,1,0,4,"Female","Rural",NA,"<4y"
"508","409-1","Urban","40-59y","Male",4,"Skilled laborer",44,10,0,1,0,3,"Male","Urban","4-6","40-49y"
"509","41-1","Rural","60+y","Female",1,NA,79,0,2,1,0,1.5,"Female","Rural","0-3","60+y"
"510","41-2","Rural","1-4y","Female",NA,"Child",3,8,16,19,0,19.5,"Female","Rural",NA,"<4y"
"511","410-1","Urban","15-19y","Male",4,"Student",15,8,0,5,0,4.5,"Male","Urban","4-6","10-19y"
"512","411-1","Urban","30-39y","Female",5,NA,32,14,3,5,0,7.5,"Female","Urban","4-6","30-39y"
"513","412-1","Urban","15-19y","Male",6,"Student",19,14,2,4,0,6.5,"Male","Urban","4-6","10-19y"
"514","413-1","Urban","15-19y","Male",6,"Student",18,14,2,2,0,5.5,"Male","Urban","4-6","10-19y"
"515","414-1","Urban","10-14y","Male",3,"Student",12,8,2,5,0,5.5,"Male","Urban","0-3","10-19y"
"516","414-2","Urban","<6mo","Female",3,"Child",0,12,0,0,0,3,"Female","Urban","0-3","<4y"
"517","415-1","Urban","10-14y","Male",5,"Student",14,12,3,4,0,6.5,"Male","Urban","4-6","10-19y"
"518","416-1","Urban","40-59y","Female",3,NA,55,10,1,1,0,3.5,"Female","Urban","0-3","50-59y"
"519","417-1","Urban","15-19y","Female",5,"Student",19,14,2,3,0,6,"Female","Urban","4-6","10-19y"
"520","418-1","Urban","40-59y","Male",5,"Farmer/ Clerk/ Shopkeeper",56,18,0,1,0,5,"Male","Urban","4-6","50-59y"
"521","419-1","Urban","20-29y","Female",3,"Semiskilled laborer",28,10,0,0,0,2.5,"Female","Urban","0-3","20-29y"
"522","42-1","Rural","60+y","Female",2,"Unemployed adult",81,6,2,2,0,3.5,"Female","Rural","0-3","60+y"
"523","420-1","Urban","15-19y","Female",4,"Student",17,14,1,0,0,4,"Female","Urban","4-6","10-19y"
"524","420-2","Rural","6-11mo","Male",4,"Child",1,8,0,0,0,2,"Male","Rural","4-6","<4y"
"525","421-1","Urban","30-39y","Male",4,"Skilled laborer",31,10,4,4,0,6.5,"Male","Urban","4-6","30-39y"
"526","421-2","Rural","<6mo","Male",7,"Child",0,12,1,0,0,3.5,"Male","Rural","7+","<4y"
"527","422-1","Urban","5-9y","Male",4,"Student",10,6,4,9,0,8,"Male","Urban","4-6","5-9y"
"528","422-2","Urban","1-4y","Male",3,"Child",1,12,0,1,0,3.5,"Male","Urban","0-3","<4y"
"529","423-1","Urban","40-59y","Male",5,"Professional",60,18,1,2,0,6,"Male","Urban","4-6","50-59y"
"530","423-2","Rural","6-11mo","Female",NA,"Child",1,12,0,0,0,3,"Female","Rural",NA,"<4y"
"531","424-1","Urban","10-14y","Male",5,"Student",14,22,0,4,0,7.5,"Male","Urban","4-6","10-19y"
"532","425-1","Urban","30-39y","Male",6,"Farmer/ Clerk/ Shopkeeper",35,14,2,3,0,6,"Male","Urban","4-6","30-39y"
"533","426-1","Urban","60+y","Female",6,"Unemployed adult",82,18,1,0,0,5,"Female","Urban","4-6","60+y"
"534","427-1","Urban","15-19y","Female",6,"Unemployed adult",19,14,0,0,0,3.5,"Female","Urban","4-6","10-19y"
"535","428-1","Urban","20-29y","Male",6,"Unemployed adult",22,14,0,3,0,5,"Male","Urban","4-6","20-29y"
"536","428-2","Urban","1-4y","Male",4,"Child",1,16,0,2,0,5,"Male","Urban","4-6","<4y"
"537","429-1","Urban","20-29y","Female",3,NA,26,10,3,0,0,4,"Female","Urban","0-3","20-29y"
"538","43-1","Rural","60+y","Male",2,"Unemployed adult",70,10,0,0,0,2.5,"Male","Rural","0-3","60+y"
"539","430-1","Urban","20-29y","Female",2,NA,25,16,1,0,0,4.5,"Female","Urban","0-3","20-29y"
"540","431-1","Urban","15-19y","Female",4,"Student",16,20,2,1,0,6.5,"Female","Urban","4-6","10-19y"
"541","431-2","Urban","1-4y","Male",5,"Child",1,16,0,0,0,4,"Male","Urban","4-6","<4y"
"542","432-1","Urban","40-59y","Male",4,"Skilled laborer",47,6,3,4,0,5,"Male","Urban","4-6","40-49y"
"543","433-1","Urban","40-59y","Female",2,NA,52,12,7,5,0,9,"Female","Urban","0-3","50-59y"
"544","434-1","Urban","60+y","Male",6,"Unemployed adult",63,10,0,2,0,3.5,"Male","Urban","4-6","60+y"
"545","435-1","Urban","60+y","Female",1,"Unemployed adult",78,8,4,2,0,5,"Female","Urban","0-3","60+y"
"546","436-2","Urban","6-11mo","Female",4,"Child",1,12,1,0,0,3.5,"Female","Urban","4-6","<4y"
"547","438-2","Urban","6-11mo","Male",4,"Child",1,16,0,0,0,4,"Male","Urban","4-6","<4y"
"548","44-1","Rural","60+y","Female",5,"Unskilled laborer",66,8,6,6,0,8,"Female","Rural","4-6","60+y"
"549","441-2","Urban","6-11mo","Male",3,"Child",1,16,0,1,0,4.5,"Male","Urban","0-3","<4y"
"550","443-1","Rural","15-19y","Male",5,"Student",18,12,0,0,0,3,"Male","Rural","4-6","10-19y"
"551","444-1","Rural","10-14y","Male",5,"Student",12,20,0,0,0,5,"Male","Rural","4-6","10-19y"
"552","444-2","Urban","1-4y","Female",4,"Child",1,16,0,1,0,4.5,"Female","Urban","4-6","<4y"
"553","445-1","Rural","5-9y","Female",5,"Student",9,14,0,0,0,3.5,"Female","Rural","4-6","5-9y"
"554","446-1","Rural","10-14y","Female",6,"Student",15,18,0,0,0,4.5,"Female","Rural","4-6","10-19y"
"555","448-1","Rural","10-14y","Female",4,"Student",12,14,0,0,0,3.5,"Female","Rural","4-6","10-19y"
"556","448-2","Urban","1-4y","Male",4,"Child",1,12,0,0,0,3,"Male","Urban","4-6","<4y"
"557","449-1","Rural","15-19y","Female",4,"Student",17,14,0,0,0,3.5,"Female","Rural","4-6","10-19y"
"558","45-1","Rural","60+y","Female",6,"Unskilled laborer",70,14,0,0,0,3.5,"Female","Rural","4-6","60+y"
"559","45-2","Rural","6-11mo","Female",NA,"Child",1,12,6,9,0,10.5,"Female","Rural",NA,"<4y"
"560","450-1","Rural","10-14y","Male",5,"Student",13,16,2,3,0,6.5,"Male","Rural","4-6","10-19y"
"561","451-1","Rural","40-59y","Male",9,"Skilled laborer",44,20,0,0,0,5,"Male","Rural","7+","40-49y"
"562","452-1","Rural","5-9y","Female",3,"Student",9,4,3,3,0,4,"Female","Rural","0-3","5-9y"
"563","452-2","Urban","<6mo","Female",7,"Child",0,12,0,0,0,3,"Female","Urban","7+","<4y"
"564","453-1","Rural","10-14y","Male",5,"Student",14,8,2,0,0,3,"Male","Rural","4-6","10-19y"
"565","454-1","Rural","30-39y","Female",4,"Unskilled laborer",39,14,0,0,0,3.5,"Female","Rural","4-6","30-39y"
"566","455-1","Rural","15-19y","Male",4,"Student",16,18,0,0,0,4.5,"Male","Rural","4-6","10-19y"
"567","456-1","Rural","5-9y","Female",6,"Student",8,10,2,0,0,3.5,"Female","Rural","4-6","5-9y"
"568","457-1","Rural","5-9y","Female",6,"Student",7,24,9,1,0,11,"Female","Rural","4-6","5-9y"
"569","457-2","Urban","<6mo","Female",6,"Child",0,16,0,1,0,4.5,"Female","Urban","4-6","<4y"
"570","458-1","Rural","5-9y","Female",5,"Student",6,20,0,0,0,5,"Female","Rural","4-6","5-9y"
"571","459-1","Rural","5-9y","Female",4,"Student",7,14,2,9,0,9,"Female","Rural","4-6","5-9y"
"572","46-1","Rural","60+y","Female",5,"Unemployed adult",83,14,0,1,0,4,"Female","Rural","4-6","60+y"
"573","460-1","Rural","10-14y","Female",5,"Student",13,28,2,2,0,9,"Female","Rural","4-6","10-19y"
"574","461-1","Rural","20-29y","Male",4,"Professional",28,6,10,6,0,9.5,"Male","Rural","4-6","20-29y"
"575","462-1","Rural","5-9y","Male",4,"Student",6,8,0,0,0,2,"Male","Rural","4-6","5-9y"
"576","463-1","Rural","5-9y","Male",4,"Student",6,20,1,2,0,6.5,"Male","Rural","4-6","5-9y"
"577","464-1","Rural","30-39y","Male",5,"Semiprofessional",38,8,0,0,0,2,"Male","Rural","4-6","30-39y"
"578","464-2","Rural","<6mo","Female",NA,"Child",0,12,0,1,0,3.5,"Female","Rural",NA,"<4y"
"579","465-1","Rural","15-19y","Male",4,"Student",19,22,0,0,0,5.5,"Male","Rural","4-6","10-19y"
"580","466-1","Rural","40-59y","Female",3,"Unskilled laborer",47,16,1,1,0,5,"Female","Rural","0-3","40-49y"
"581","467-1","Rural","10-14y","Female",6,"Student",13,20,15,7,0,16,"Female","Rural","4-6","10-19y"
"582","468-1","Rural","10-14y","Female",6,"Student",14,10,15,11,0,15.5,"Female","Rural","4-6","10-19y"
"583","468-2","Urban","1-4y","Female",7,"Student",5,12,8,2,0,8,"Female","Urban","7+","<4y"
"584","469-1","Rural","5-9y","Female",6,"Student",10,16,12,5,0,12.5,"Female","Rural","4-6","5-9y"
"585","47-1","Rural","60+y","Female",5,"Unemployed adult",88,8,0,0,0,2,"Female","Rural","4-6","60+y"
"586","470-1","Rural","15-19y","Female",6,"Student",16,20,2,0,0,6,"Female","Rural","4-6","10-19y"
"587","471-1","Rural","5-9y","Male",11,"Student",6,28,0,0,0,7,"Male","Rural","7+","5-9y"
"588","472-1","Rural","5-9y","Male",11,"Student",8,28,1,0,0,7.5,"Male","Rural","7+","5-9y"
"589","473-1","Rural","10-14y","Male",8,"Student",11,12,0,1,0,3.5,"Male","Rural","7+","10-19y"
"590","474-1","Rural","5-9y","Male",4,"Student",8,6,7,0,0,5,"Male","Rural","4-6","5-9y"
"591","475-1","Rural","30-39y","Male",5,"Unskilled laborer",39,8,0,3,0,3.5,"Male","Rural","4-6","30-39y"
"592","475-2","Rural","<6mo","Female",NA,"Child",0,8,0,2,0,3,"Female","Rural",NA,"<4y"
"593","476-1","Rural","15-19y","Male",5,"Student",16,12,1,1,0,4,"Male","Rural","4-6","10-19y"
"594","477-1","Rural","10-14y","Female",4,"Student",11,18,6,0,0,7.5,"Female","Rural","4-6","10-19y"
"595","478-1","Rural","5-9y","Male",3,"Student",8,10,11,2,0,9,"Male","Rural","0-3","5-9y"
"596","479-1","Rural","10-14y","Male",5,"Student",14,40,0,0,0,10,"Male","Rural","4-6","10-19y"
"597","48-1","Rural","60+y","Female",1,"Unskilled laborer",75,4,1,0,0,1.5,"Female","Rural","0-3","60+y"
"598","480-1","Rural","10-14y","Male",5,"Student",13,40,0,0,0,10,"Male","Rural","4-6","10-19y"
"599","481-1","Rural","10-14y","Male",5,"Student",13,12,0,1,0,3.5,"Male","Rural","4-6","10-19y"
"600","481-2","Rural","<6mo","Male",NA,"Child",0,14,0,0,0,3.5,"Male","Rural",NA,"<4y"
"601","482-1","Rural","5-9y","Male",4,"Student",9,14,3,3,0,6.5,"Male","Rural","4-6","5-9y"
"602","483-1","Rural","15-19y","Male",4,"Student",18,12,0,0,0,3,"Male","Rural","4-6","10-19y"
"603","484-1","Rural","15-19y","Female",4,"Student",17,16,0,0,0,4,"Female","Rural","4-6","10-19y"
"604","485-1","Rural","15-19y","Male",4,"Unemployed adult",19,14,0,0,0,3.5,"Male","Rural","4-6","10-19y"
"605","485-2","Rural","<6mo","Female",NA,"Child",0,16,1,0,0,4.5,"Female","Rural",NA,"<4y"
"606","486-1","Rural","40-59y","Female",3,"Unemployed adult",42,12,0,0,0,3,"Female","Rural","0-3","40-49y"
"607","487-1","Rural","30-39y","Male",3,"Unskilled laborer",39,20,0,0,0,5,"Male","Rural","0-3","30-39y"
"608","488-1","Rural","40-59y","Female",4,"Unemployed adult",52,6,1,3,0,3.5,"Female","Rural","4-6","50-59y"
"609","489-1","Rural","20-29y","Female",6,NA,27,14,0,0,0,3.5,"Female","Rural","4-6","20-29y"
"610","489-2","Urban","6-11mo","Female",5,"Child",1,8,6,1,0,5.5,"Female","Urban","4-6","<4y"
"611","49-1","Rural","60+y","Female",1,"Unemployed adult",77,6,0,0,0,1.5,"Female","Rural","0-3","60+y"
"612","490-1","Rural","30-39y","Male",6,"Unemployed adult",35,10,0,0,0,2.5,"Male","Rural","4-6","30-39y"
"613","491-1","Rural","5-9y","Male",8,"Student",7,12,1,0,0,3.5,"Male","Rural","7+","5-9y"
"614","492-1","Rural","10-14y","Female",6,"Student",11,14,3,1,0,5.5,"Female","Rural","4-6","10-19y"
"615","493-1","Rural","20-29y","Male",5,"Unemployed adult",24,8,1,0,0,2.5,"Male","Rural","4-6","20-29y"
"616","494-1","Rural","30-39y","Female",4,NA,32,10,1,1,0,3.5,"Female","Rural","4-6","30-39y"
"617","494-2","Urban","<6mo","Female",4,"Child",0,6,0,1,0,2,"Female","Urban","4-6","<4y"
"618","495-1","Rural","30-39y","Male",2,"Farmer/ Clerk/ Shopkeeper",32,14,0,0,0,3.5,"Male","Rural","0-3","30-39y"
"619","496-1","Rural","30-39y","Male",5,"Skilled laborer",30,8,2,1,0,3.5,"Male","Rural","4-6","30-39y"
"620","497-1","Urban","5-9y","Female",5,"Student",8,20,2,2,0,7,"Female","Urban","4-6","5-9y"
"621","498-1","Urban","10-14y","Female",4,"Student",11,20,0,0,0,5,"Female","Urban","4-6","10-19y"
"622","498-2","Urban","6-11mo","Female",4,"Child",1,14,0,2,0,4.5,"Female","Urban","4-6","<4y"
"623","499-1","Urban","20-29y","Male",3,"Farmer/ Clerk/ Shopkeeper",28,14,2,4,0,6.5,"Male","Urban","0-3","20-29y"
"624","5-1","Urban","60+y","Male",4,"Unemployed adult",65,6,2,0,0,2.5,"Male","Urban","4-6","60+y"
"625","50-1","Rural","60+y","Female",5,"Unemployed adult",79,12,2,2,0,5,"Female","Rural","4-6","60+y"
"626","500-1","Urban","10-14y","Male",5,"Student",11,8,5,6,0,7.5,"Male","Urban","4-6","10-19y"
"627","501-1","Urban","10-14y","Male",5,"Student",12,16,1,0,0,4.5,"Male","Urban","4-6","10-19y"
"628","502-1","Urban","20-29y","Male",4,"Skilled laborer",20,14,0,0,0,3.5,"Male","Urban","4-6","20-29y"
"629","502-2","Urban","6-11mo","Female",4,"Child",1,16,0,0,0,4,"Female","Urban","4-6","<4y"
"630","503-1","Urban","15-19y","Male",4,"Skilled laborer",18,12,3,0,0,4.5,"Male","Urban","4-6","10-19y"
"631","504-1","Urban","40-59y","Female",4,"Professional",49,10,1,1,0,3.5,"Female","Urban","4-6","40-49y"
"632","505-1","Urban","30-39y","Female",4,NA,35,6,0,1,0,2,"Female","Urban","4-6","30-39y"
"633","506-1","Urban","15-19y","Female",6,"Student",15,16,1,1,0,5,"Female","Urban","4-6","10-19y"
"634","507-1","Urban","40-59y","Female",6,NA,45,12,3,1,0,5,"Female","Urban","4-6","40-49y"
"635","508-1","Urban","15-19y","Female",6,"Student",18,12,1,5,0,6,"Female","Urban","4-6","10-19y"
"636","509-1","Urban","10-14y","Female",4,"Student",12,12,4,4,0,7,"Female","Urban","4-6","10-19y"
"637","51-1","Rural","60+y","Male",2,"Farmer/ Clerk/ Shopkeeper",63,2,0,0,0,0.5,"Male","Rural","0-3","60+y"
"638","51-2","Rural","1-4y","Female",NA,"Child",2,14,0,1,0,4,"Female","Rural",NA,"<4y"
"639","510-1","Urban","15-19y","Male",3,"Student",18,12,0,3,0,4.5,"Male","Urban","0-3","10-19y"
"640","511-1","Urban","10-14y","Female",5,"Student",11,16,3,2,0,6.5,"Female","Urban","4-6","10-19y"
"641","512-1","Urban","10-14y","Male",5,"Student",12,22,9,3,0,11.5,"Male","Urban","4-6","10-19y"
"642","514-1","Urban","20-29y","Female",4,"Semiskilled laborer",21,20,0,1,0,5.5,"Female","Urban","4-6","20-29y"
"643","515-1","Rural","5-9y","Male",4,"Student",10,8,5,7,0,8,"Male","Rural","4-6","5-9y"
"644","516-1","Rural","10-14y","Male",4,"Student",14,24,0,1,0,6.5,"Male","Rural","4-6","10-19y"
"645","517-1","Rural","30-39y","Male",4,"Semiskilled laborer",39,8,4,2,0,5,"Male","Rural","4-6","30-39y"
"646","518-1","Rural","15-19y","Male",3,"Student",20,12,2,0,0,4,"Male","Rural","0-3","10-19y"
"647","519-1","Rural","20-29y","Male",3,"Professional",27,4,0,0,0,1,"Male","Rural","0-3","20-29y"
"648","519-2","Urban","6-11mo","Female",4,"Child",1,24,2,4,0,9,"Female","Urban","4-6","<4y"
"649","52-1","Rural","60+y","Male",4,"Unemployed",66,6,1,1,0,2.5,"Male","Rural","4-6","60+y"
"650","520-1","Rural","10-14y","Male",4,"Unemployed adult",13,12,10,0,0,8,"Male","Rural","4-6","10-19y"
"651","521-1","Rural","20-29y","Male",7,"Professional",29,12,0,0,0,3,"Male","Rural","7+","20-29y"
"652","522-1","Rural","30-39y","Female",5,"Semiprofessional",35,24,0,0,0,6,"Female","Rural","4-6","30-39y"
"653","522-2","Rural","6-11mo","Male",NA,"Child",1,12,2,3,2,6.5,"Male","Rural",NA,"<4y"
"654","523-1","Rural","10-14y","Female",5,"Student",14,32,0,0,0,8,"Female","Rural","4-6","10-19y"
"655","524-1","Rural","15-19y","Female",5,"Student",15,30,0,0,0,7.5,"Female","Rural","4-6","10-19y"
"656","525-1","Rural","30-39y","Male",2,"Farmer/ Clerk/ Shopkeeper",34,10,0,0,0,2.5,"Male","Rural","0-3","30-39y"
"657","526-1","Rural","15-19y","Male",4,"Unemployed adult",17,16,0,0,0,4,"Male","Rural","4-6","10-19y"
"658","526-2","Urban","6-11mo","Male",4,"Child",1,12,0,1,0,3.5,"Male","Urban","4-6","<4y"
"659","527-1","Rural","10-14y","Male",6,"Student",11,20,0,0,0,5,"Male","Rural","4-6","10-19y"
"660","528-1","Rural","5-9y","Female",4,"Student",8,16,0,3,0,5.5,"Female","Rural","4-6","5-9y"
"661","529-1","Rural","20-29y","Male",7,"Professional",29,12,4,2,0,6,"Male","Rural","7+","20-29y"
"662","529-2","Urban","1-4y","Male",4,"Child",1,16,0,0,0,4,"Male","Urban","4-6","<4y"
"663","53-1","Rural","60+y","Male",6,"Unskilled laborer",65,10,6,0,0,5.5,"Male","Rural","4-6","60+y"
"664","530-1","Rural","5-9y","Male",4,"Student",10,14,3,3,0,6.5,"Male","Rural","4-6","5-9y"
"665","531-1","Urban","60+y","Male",8,"Unemployed",83,14,1,1,0,4.5,"Male","Urban","7+","60+y"
"666","532-1","Urban","40-59y","Female",8,"Skilled laborer",44,24,1,1,0,7,"Female","Urban","7+","40-49y"
"667","533-1","Urban","10-14y","Male",6,"Student",12,22,5,2,0,9,"Male","Urban","4-6","10-19y"
"668","533-2","Rural","<6mo","Male",NA,"Child",0,14,1,2,0,5,"Male","Rural",NA,"<4y"
"669","534-1","Urban","15-19y","Female",6,"Unemployed adult",17,12,5,1,0,6,"Female","Urban","4-6","10-19y"
"670","535-1","Rural","30-39y","Male",10,"Farmer/ Clerk/ Shopkeeper",36,20,4,7,0,10.5,"Male","Rural","7+","30-39y"
"671","536-1","Rural","30-39y","Female",10,NA,30,18,6,4,0,9.5,"Female","Rural","7+","30-39y"
"672","537-1","Rural","5-9y","Male",7,"Student",5,12,0,0,0,3,"Male","Rural","7+","5-9y"
"673","538-1","Rural","30-39y","Male",4,"Skilled laborer",31,12,0,3,0,4.5,"Male","Rural","4-6","30-39y"
"674","538-2","Urban","<6mo","Female",5,"Child",0,12,2,3,0,5.5,"Female","Urban","4-6","<4y"
"675","539-1","Urban","10-14y","Female",6,"Student",14,13,6,10,1,11.5,"Female","Urban","4-6","10-19y"
"676","54-1","Rural","60+y","Female",7,"Unemployed adult",67,12,0,0,0,3,"Female","Rural","7+","60+y"
"677","540-1","Urban","10-14y","Male",5,"Student",14,8,6,7,0,8.5,"Male","Urban","4-6","10-19y"
"678","541-1","Rural","30-39y","Female",6,NA,30,14,2,3,0,6,"Female","Rural","4-6","30-39y"
"679","542-1","Rural","20-29y","Male",5,"Skilled laborer",25,10,4,2,0,5.5,"Male","Rural","4-6","20-29y"
"680","542-2","Rural","1-4y","Male",4,"Child",2,8,5,2,0,5.5,"Male","Rural","4-6","<4y"
"681","543-1","Rural","15-19y","Male",5,"Student",20,10,3,2,0,5,"Male","Rural","4-6","10-19y"
"682","544-1","Rural","10-14y","Male",4,"Student",12,18,0,1,0,5,"Male","Rural","4-6","10-19y"
"683","545-1","Rural","15-19y","Female",4,"Unemployed adult",20,6,3,4,0,5,"Female","Rural","4-6","10-19y"
"684","546-1","Rural","15-19y","Male",5,"Student",15,18,3,1,0,6.5,"Male","Rural","4-6","10-19y"
"685","546-2","Rural","<6mo","Female",5,"Child",0,10,0,0,0,2.5,"Female","Rural","4-6","<4y"
"686","547-1","Rural","15-19y","Male",5,"Student",15,10,6,4,0,7.5,"Male","Rural","4-6","10-19y"
"687","548-1","Rural","20-29y","Male",5,"Professional",28,8,0,8,0,6,"Male","Rural","4-6","20-29y"
"688","549-1","Urban","10-14y","Male",4,"Student",11,12,4,5,0,7.5,"Male","Urban","4-6","10-19y"
"689","55-1","Rural","40-59y","Female",5,NA,57,8,0,0,0,2,"Female","Rural","4-6","50-59y"
"690","550-1","Urban","10-14y","Female",4,"Student",15,16,4,1,0,6.5,"Female","Urban","4-6","10-19y"
"691","550-2","Rural","1-4y","Female",5,"Child",3,12,0,1,4,5.5,"Female","Rural","4-6","<4y"
"692","551-1","Urban","15-19y","Male",8,"Unemployed adult",20,24,0,7,0,9.5,"Male","Urban","7+","10-19y"
"693","552-1","Urban","30-39y","Male",5,"Farmer/ Clerk/ Shopkeeper",31,8,6,3,0,6.5,"Male","Urban","4-6","30-39y"
"694","554-1","Urban","40-59y","Female",3,"Farmer/ Clerk/ Shopkeeper",40,12,0,1,0,3.5,"Female","Urban","0-3","40-49y"
"695","554-2","Rural","1-4y","Male",5,"Child",3,15,0,4,1,6.5,"Male","Rural","4-6","<4y"
"696","555-1","Urban","30-39y","Male",7,"Skilled laborer",36,14,0,1,0,4,"Male","Urban","7+","30-39y"
"697","556-1","Urban","15-19y","Male",5,"Student",16,16,2,2,0,6,"Male","Urban","4-6","10-19y"
"698","558-1","Urban","15-19y","Female",5,"Student",17,12,0,0,0,3,"Female","Urban","4-6","10-19y"
"699","559-1","Urban","40-59y","Male",3,"Farmer/ Clerk/ Shopkeeper",47,18,0,1,0,5,"Male","Urban","0-3","40-49y"
"700","56-1","Urban","60+y","Male",3,"Unemployed adult",66,8,4,1,0,4.5,"Male","Urban","0-3","60+y"
"701","560-1","Urban","5-9y","Female",3,"Student",7,18,0,0,0,4.5,"Female","Urban","0-3","5-9y"
"702","561-2","Urban","1-4y","Female",4,"Child",2,14,0,1,0,4,"Female","Urban","4-6","<4y"
"703","562-1","Urban","5-9y","Female",5,"Student",10,14,0,0,0,3.5,"Female","Urban","4-6","5-9y"
"704","564-2","Urban","<6mo","Female",4,"Child",0,10,3,0,0,4,"Female","Urban","4-6","<4y"
"705","565-1","Urban","15-19y","Female",5,"Unskilled laborer",17,26,0,3,0,8,"Female","Urban","4-6","10-19y"
"706","566-1","Urban","40-59y","Female",4,NA,41,12,3,1,0,5,"Female","Urban","4-6","40-49y"
"707","568-1","Urban","30-39y","Female",6,NA,30,12,1,5,0,6,"Female","Urban","4-6","30-39y"
"708","568-2","Rural","<6mo","Female",6,"Child",0,10,0,0,0,2.5,"Female","Rural","4-6","<4y"
"709","57-1","Urban","60+y","Male",2,"Unemployed adult",70,4,3,3,0,4,"Male","Urban","0-3","60+y"
"710","570-1","Urban","20-29y","Male",4,"Unemployed adult",22,10,0,0,0,2.5,"Male","Urban","4-6","20-29y"
"711","571-1","Urban","5-9y","Female",5,"Student",6,16,0,0,0,4,"Female","Urban","4-6","5-9y"
"712","572-1","Urban","5-9y","Male",6,"Student",9,20,0,0,0,5,"Male","Urban","4-6","5-9y"
"713","573-1","Urban","60+y","Male",6,"Professional",63,16,0,0,0,4,"Male","Urban","4-6","60+y"
"714","574-1","Urban","20-29y","Male",3,"Skilled laborer",27,4,2,3,0,3.5,"Male","Urban","0-3","20-29y"
"715","574-2","Rural","6-11mo","Male",3,"Child",1,10,1,2,0,4,"Male","Rural","0-3","<4y"
"716","575-1","Urban","5-9y","Female",5,"Student",7,8,4,3,0,5.5,"Female","Urban","4-6","5-9y"
"717","576-1","Urban","5-9y","Male",5,"Student",7,20,5,1,0,8,"Male","Urban","4-6","5-9y"
"718","577-1","Urban","5-9y","Female",5,"Student",9,10,7,3,0,7.5,"Female","Urban","4-6","5-9y"
"719","577-2","Rural","6-11mo","Female",5,"Child",1,10,3,2,0,5,"Female","Rural","4-6","<4y"
"720","578-1","Urban","30-39y","Male",6,"Semiskilled laborer",37,14,3,4,0,7,"Male","Urban","4-6","30-39y"
"721","579-1","Urban","15-19y","Male",5,"Skilled laborer",17,16,0,0,0,4,"Male","Urban","4-6","10-19y"
"722","58-1","Urban","60+y","Female",2,NA,64,4,1,1,0,2,"Female","Urban","0-3","60+y"
"723","58-2","Rural","1-4y","Male",NA,"Child",2,14,3,3,0,6.5,"Male","Rural",NA,"<4y"
"724","580-1","Urban","30-39y","Male",6,"Skilled laborer",32,18,0,0,0,4.5,"Male","Urban","4-6","30-39y"
"725","581-1","Rural","10-14y","Female",3,"Student",11,12,0,1,0,3.5,"Female","Rural","0-3","10-19y"
"726","582-1","Rural","10-14y","Female",7,"Student",11,12,4,4,0,7,"Female","Rural","7+","10-19y"
"727","582-2","Rural","1-4y","Female",6,"Child",2,12,4,4,0,7,"Female","Rural","4-6","<4y"
"728","583-1","Rural","10-14y","Male",4,"Student",14,13,3,6,1,8,"Male","Rural","4-6","10-19y"
"729","584-1","Rural","10-14y","Female",4,"Student",11,14,1,1,0,4.5,"Female","Rural","4-6","10-19y"
"730","585-1","Rural","10-14y","Female",5,"Student",11,20,3,1,0,7,"Female","Rural","4-6","10-19y"
"731","586-1","Rural","10-14y","Female",5,"Student",14,24,0,0,0,6,"Female","Rural","4-6","10-19y"
"732","587-1","Urban","5-9y","Male",4,"Student",8,16,6,4,0,9,"Male","Urban","4-6","5-9y"
"733","588-1","Urban","15-19y","Female",5,"Student",15,14,4,9,0,10,"Female","Urban","4-6","10-19y"
"734","588-2","Rural","<6mo","Male",5,"Child",0,12,0,0,0,3,"Male","Rural","4-6","<4y"
"735","589-1","Urban","5-9y","Male",5,"Student",7,16,1,4,0,6.5,"Male","Urban","4-6","5-9y"
"736","59-1","Urban","60+y","Female",1,"Unemployed adult",71,6,2,1,0,3,"Female","Urban","0-3","60+y"
"737","590-1","Rural","30-39y","Male",4,"Farmer/ Clerk/ Shopkeeper",40,16,0,2,0,5,"Male","Rural","4-6","30-39y"
"738","591-1","Rural","10-14y","Male",4,"Student",12,24,4,0,0,8,"Male","Rural","4-6","10-19y"
"739","592-1","Rural","10-14y","Male",4,"Student",10,38,1,0,0,10,"Male","Rural","4-6","10-19y"
"740","593-1","Rural","5-9y","Female",10,"Student",7,18,5,2,0,8,"Female","Rural","7+","5-9y"
"741","593-2","Rural","6-11mo","Male",8,"Child",1,12,1,1,0,4,"Male","Rural","7+","<4y"
"742","594-1","Rural","5-9y","Female",4,"Student",6,6,1,2,0,3,"Female","Rural","4-6","5-9y"
"743","595-1","Urban","5-9y","Female",16,"Student",8,30,9,1,0,12.5,"Female","Urban","7+","5-9y"
"744","596-1","Urban","30-39y","Female",16,NA,37,30,0,1,0,8,"Female","Urban","7+","30-39y"
"745","597-1","Urban","10-14y","Male",6,"Student",13,20,1,1,0,6,"Male","Urban","4-6","10-19y"
"746","598-1","Urban","60+y","Male",3,"Unemployed adult",74,10,0,0,0,2.5,"Male","Urban","0-3","60+y"
"747","599-1","Urban","60+y","Male",5,"Unemployed",61,14,2,0,0,4.5,"Male","Urban","4-6","60+y"
"748","599-2","Rural","6-11mo","Female",NA,"Child",1,8,5,1,0,5,"Female","Rural",NA,"<4y"
"749","6-1","Urban","60+y","Male",3,"Unskilled laborer",60,10,1,0,0,3,"Male","Urban","0-3","60+y"
"750","60-1","Urban","60+y","Female",2,"Unemployed adult",80,4,1,1,0,2,"Female","Urban","0-3","60+y"
"751","600-1","Urban","10-14y","Female",4,"Student",13,12,0,1,0,3.5,"Female","Urban","4-6","10-19y"
"752","601-1","Urban","40-59y","Male",5,"Semiprofessional",42,18,0,1,0,5,"Male","Urban","4-6","40-49y"
"753","602-1","Urban","5-9y","Male",5,"Student",6,20,0,0,0,5,"Male","Urban","4-6","5-9y"
"754","603-1","Rural","20-29y","Female",4,"Unskilled laborer",25,10,0,1,0,3,"Female","Rural","4-6","20-29y"
"755","603-2","Rural","<6mo","Male",NA,"Child",0,14,1,0,0,4,"Male","Rural",NA,"<4y"
"756","604-1","Rural","30-39y","Female",6,NA,31,22,0,0,0,5.5,"Female","Rural","4-6","30-39y"
"757","605-1","Rural","30-39y","Male",6,"Farmer/ Clerk/ Shopkeeper",34,18,0,0,0,4.5,"Male","Rural","4-6","30-39y"
"758","606-1","Rural","5-9y","Male",6,"Student",6,10,0,5,0,5,"Male","Rural","4-6","5-9y"
"759","607-1","Rural","5-9y","Male",4,"Student",7,26,0,0,0,6.5,"Male","Rural","4-6","5-9y"
"760","608-1","Rural","10-14y","Female",5,"Student",12,30,0,0,0,7.5,"Female","Rural","4-6","10-19y"
"761","608-2","Rural","6-11mo","Male",NA,"Child",1,14,3,3,0,6.5,"Male","Rural",NA,"<4y"
"762","609-1","Rural","10-14y","Female",2,"Student",12,20,0,0,0,5,"Female","Rural","0-3","10-19y"
"763","61-1","Urban","60+y","Female",7,"Unemployed adult",74,14,0,1,0,4,"Female","Urban","7+","60+y"
"764","610-1","Rural","20-29y","Male",3,"Unemployed adult",26,20,0,0,0,5,"Male","Rural","0-3","20-29y"
"765","611-1","Rural","15-19y","Male",3,"Student",18,26,0,0,0,6.5,"Male","Rural","0-3","10-19y"
"766","612-1","Rural","10-14y","Male",6,"Student",12,30,0,0,0,7.5,"Male","Rural","4-6","10-19y"
"767","613-1","Rural","5-9y","Female",6,"Student",8,22,0,0,2,6.5,"Female","Rural","4-6","5-9y"
"768","613-2","Rural","<6mo","Male",NA,"Child",0,10,0,1,0,3,"Male","Rural",NA,"<4y"
"769","614-1","Rural","15-19y","Male",3,"Student",19,20,0,1,0,5.5,"Male","Rural","0-3","10-19y"
"770","615-1","Urban","20-29y","Male",4,"Skilled laborer",27,10,1,0,0,3,"Male","Urban","4-6","20-29y"
"771","616-1","Urban","10-14y","Male",4,"Student",12,18,0,0,0,4.5,"Male","Urban","4-6","10-19y"
"772","617-1","Urban","10-14y","Male",4,"Student",14,18,0,0,0,4.5,"Male","Urban","4-6","10-19y"
"773","617-2","Urban","6-11mo","Male",7,"Child",1,12,0,0,0,3,"Male","Urban","7+","<4y"
"774","618-1","Urban","15-19y","Male",4,"Student",16,18,0,0,0,4.5,"Male","Urban","4-6","10-19y"
"775","618-2","Urban","6-11mo","Female",5,"Child",1,10,0,0,0,2.5,"Female","Urban","4-6","<4y"
"776","619-1","Urban","15-19y","Male",5,"Student",16,12,1,3,0,5,"Male","Urban","4-6","10-19y"
"777","619-2","Urban","6-11mo","Female",4,"Child",0,6,0,0,0,1.5,"Female","Urban","4-6","<4y"
"778","62-1","Urban","60+y","Female",2,NA,60,4,0,1,0,1.5,"Female","Urban","0-3","60+y"
"779","620-1","Urban","10-14y","Male",5,"Student",14,18,0,0,0,4.5,"Male","Urban","4-6","10-19y"
"780","621-1","Urban","20-29y","Male",6,"Semiskilled laborer",26,10,0,0,0,2.5,"Male","Urban","4-6","20-29y"
"781","621-2","Rural","6-11mo","Female",NA,"Child",0,16,2,3,0,6.5,"Female","Rural",NA,"<4y"
"782","622-1","Urban","15-19y","Female",6,NA,18,22,0,0,0,5.5,"Female","Urban","4-6","10-19y"
"783","623-1","Urban","10-14y","Male",6,"Student",11,20,0,0,0,5,"Male","Urban","4-6","10-19y"
"784","624-1","Rural","15-19y","Male",4,"Student",17,8,0,0,0,2,"Male","Rural","4-6","10-19y"
"785","624-2","Rural","6-11mo","Female",5,"Child",1,12,0,0,0,3,"Female","Rural","4-6","<4y"
"786","625-1","Rural","10-14y","Female",4,"Student",15,18,0,0,0,4.5,"Female","Rural","4-6","10-19y"
"787","626-1","Urban","10-14y","Male",5,"Student",12,10,1,3,0,4.5,"Male","Urban","4-6","10-19y"
"788","627-1","Rural","15-19y","Male",3,"Unskilled laborer",19,14,10,0,0,8.5,"Male","Rural","0-3","10-19y"
"789","628-1","Rural","15-19y","Female",5,"Student",17,8,0,0,0,2,"Female","Rural","4-6","10-19y"
"790","628-2","Rural","<6mo","Male",5,"Child",0,12,1,0,0,3.5,"Male","Rural","4-6","<4y"
"791","629-1","Rural","15-19y","Male",5,"Student",19,16,1,0,0,4.5,"Male","Rural","4-6","10-19y"
"792","63-1","Urban","60+y","Male",3,"Unemployed adult",61,4,0,1,0,1.5,"Male","Urban","0-3","60+y"
"793","63-2","Rural","<6mo","Male",8,"Child",0,18,0,1,0,5,"Male","Rural","7+","<4y"
"794","630-1","Rural","10-14y","Female",6,"Student",10,22,1,1,0,6.5,"Female","Rural","4-6","10-19y"
"795","631-1","Rural","10-14y","Female",5,"Student",11,8,8,0,0,6,"Female","Rural","4-6","10-19y"
"796","632-1","Rural","5-9y","Female",5,"Student",8,8,0,3,0,3.5,"Female","Rural","4-6","5-9y"
"797","633-1","Rural","10-14y","Female",5,"Student",10,20,1,0,0,5.5,"Female","Rural","4-6","10-19y"
"798","633-2","Rural","<6mo","Male",NA,"Child",0,16,1,0,0,4.5,"Male","Rural",NA,"<4y"
"799","634-1","Rural","30-39y","Female",4,"Unskilled laborer",31,20,1,2,0,6.5,"Female","Rural","4-6","30-39y"
"800","635-1","Rural","20-29y","Female",2,"Unskilled laborer",25,18,0,3,0,6,"Female","Rural","0-3","20-29y"
"801","636-1","Rural","10-14y","Female",5,"Student",11,12,3,7,0,8,"Female","Rural","4-6","10-19y"
"802","637-1","Rural","10-14y","Female",5,"Student",13,27,7,8,1,15,"Female","Rural","4-6","10-19y"
"803","637-2","Rural","<6mo","Female",NA,"Child",0,10,5,1,0,5.5,"Female","Rural",NA,"<4y"
"804","638-1","Rural","20-29y","Female",6,NA,26,10,0,0,0,2.5,"Female","Rural","4-6","20-29y"
"805","639-1","Rural","30-39y","Female",6,NA,31,10,0,0,0,2.5,"Female","Rural","4-6","30-39y"
"806","64-1","Urban","60+y","Male",2,"Skilled laborer",61,4,3,2,0,3.5,"Male","Urban","0-3","60+y"
"807","640-1","Urban","5-9y","Male",5,"Student",6,8,0,3,0,3.5,"Male","Urban","4-6","5-9y"
"808","640-2","Rural","<6mo","Female",NA,"Child",0,10,1,3,0,4.5,"Female","Rural",NA,"<4y"
"809","641-1","Urban","5-9y","Male",5,"Student",10,14,0,5,0,6,"Male","Urban","4-6","5-9y"
"810","642-1","Urban","40-59y","Male",5,"Professional",51,24,1,0,0,6.5,"Male","Urban","4-6","50-59y"
"811","643-1","Urban","40-59y","Male",4,"Semiskilled laborer",43,8,1,0,0,2.5,"Male","Urban","4-6","40-49y"
"812","644-1","Rural","10-14y","Male",6,"Student",11,10,0,4,0,4.5,"Male","Rural","4-6","10-19y"
"813","645-1","Rural","5-9y","Female",6,"Student",8,10,0,10,0,7.5,"Female","Rural","4-6","5-9y"
"814","645-2","Rural","<6mo","Male",NA,"Child",0,8,0,2,0,3,"Male","Rural",NA,"<4y"
"815","646-1","Rural","5-9y","Male",4,"Student",8,12,1,4,0,5.5,"Male","Rural","4-6","5-9y"
"816","647-1","Rural","5-9y","Female",5,"Student",6,22,0,0,0,5.5,"Female","Rural","4-6","5-9y"
"817","648-1","Rural","30-39y","Female",5,NA,31,14,0,2,0,4.5,"Female","Rural","4-6","30-39y"
"818","649-1","Rural","15-19y","Female",4,"Student",18,8,1,2,0,3.5,"Female","Rural","4-6","10-19y"
"819","649-2","Rural","<6mo","Female",NA,"Child",0,10,2,0,0,3.5,"Female","Rural",NA,"<4y"
"820","65-1","Urban","60+y","Female",1,"Unemployed adult",75,10,0,1,0,3,"Female","Urban","0-3","60+y"
"821","650-1","Rural","10-14y","Female",4,"Student",14,26,0,3,0,8,"Female","Rural","4-6","10-19y"
"822","651-1","Urban","20-29y","Female",3,NA,26,4,2,2,0,3,"Female","Urban","0-3","20-29y"
"823","652-1","Urban","10-14y","Male",5,"Student",13,8,10,7,0,10.5,"Male","Urban","4-6","10-19y"
"824","653-1","Rural","20-29y","Male",4,"Semiskilled laborer",23,16,0,0,0,4,"Male","Rural","4-6","20-29y"
"825","653-2","Rural","<6mo","Male",NA,"Child",0,12,3,1,0,5,"Male","Rural",NA,"<4y"
"826","654-1","Rural","20-29y","Male",4,"Skilled laborer",28,16,0,4,0,6,"Male","Rural","4-6","20-29y"
"827","655-1","Urban","5-9y","Male",4,"Student",7,12,1,3,0,5,"Male","Urban","4-6","5-9y"
"828","656-1","Rural","5-9y","Female",4,"Student",6,14,0,0,2,4.5,"Female","Rural","4-6","5-9y"
"829","657-1","Rural","20-29y","Female",2,"Semiprofessional",22,8,6,7,0,8.5,"Female","Rural","0-3","20-29y"
"830","658-1","Rural","5-9y","Male",8,"Student",7,20,2,0,0,6,"Male","Rural","7+","5-9y"
"831","659-2","Rural","6-11mo","Male",NA,"Child",1,10,0,1,0,3,"Male","Rural",NA,"<4y"
"832","66-1","Rural","60+y","Male",2,"Unemployed",73,2,5,4,0,5,"Male","Rural","0-3","60+y"
"833","660-1","Urban","5-9y","Male",4,"Student",7,6,2,9,0,7,"Male","Urban","4-6","5-9y"
"834","662-1","Urban","30-39y","Male",5,"Skilled laborer",33,8,0,0,0,2,"Male","Urban","4-6","30-39y"
"835","663-1","Rural","10-14y","Female",5,"Student",10,16,0,1,0,4.5,"Female","Rural","4-6","10-19y"
"836","663-2","Rural","<6mo","Female",NA,"Child",0,14,0,1,0,4,"Female","Rural",NA,"<4y"
"837","664-1","Rural","5-9y","Male",4,"Student",7,18,0,0,0,4.5,"Male","Rural","4-6","5-9y"
"838","665-1","Rural","5-9y","Female",4,"Student",7,10,10,1,0,8,"Female","Rural","4-6","5-9y"
"839","666-1","Rural","10-14y","Male",6,"Student",11,10,4,0,0,4.5,"Male","Rural","4-6","10-19y"
"840","666-2","Rural","<6mo","Male",NA,"Child",0,12,0,0,0,3,"Male","Rural",NA,"<4y"
"841","667-1","Urban","5-9y","Female",5,"Student",7,20,2,2,0,7,"Female","Urban","4-6","5-9y"
"842","668-1","Urban","30-39y","Female",6,"Professional",37,16,2,2,0,6,"Female","Urban","4-6","30-39y"
"843","669-1","Urban","60+y","Female",3,"Unemployed adult",70,8,2,1,0,3.5,"Female","Urban","0-3","60+y"
"844","67-1","Rural","60+y","Male",3,"Unemployed adult",79,4,0,1,0,1.5,"Male","Rural","0-3","60+y"
"845","67-2","Rural","<6mo","Male",4,"Child",0,16,0,0,0,4,"Male","Rural","4-6","<4y"
"846","670-1","Urban","5-9y","Female",5,"Student",6,8,0,8,0,6,"Female","Urban","4-6","5-9y"
"847","670-2","Urban","1-4y","Male",6,"Child",1,18,0,0,0,4.5,"Male","Urban","4-6","<4y"
"848","671-1","Urban","10-14y","Male",5,"Student",12,8,0,8,0,6,"Male","Urban","4-6","10-19y"
"849","674-1","Urban","5-9y","Male",5,"Student",5,16,0,0,0,4,"Male","Urban","4-6","5-9y"
"850","675-1","Rural","15-19y","Male",6,"Student",16,20,0,0,0,5,"Male","Rural","4-6","10-19y"
"851","675-2","Urban","<6mo","Male",5,"Child",0,10,0,0,0,2.5,"Male","Urban","4-6","<4y"
"852","676-1","Rural","60+y","Male",5,"Unemployed adult",65,14,0,0,0,3.5,"Male","Rural","4-6","60+y"
"853","677-1","Rural","60+y","Male",6,"Unemployed adult",79,16,0,1,0,4.5,"Male","Rural","4-6","60+y"
"854","678-1","Rural","60+y","Male",6,"Unemployed adult",78,14,0,1,0,4,"Male","Rural","4-6","60+y"
"855","679-1","Rural","10-14y","Female",6,"Student",14,10,5,0,0,5,"Female","Rural","4-6","10-19y"
"856","679-2","Urban","6-11mo","Female",5,"Child",0,12,0,0,0,3,"Female","Urban","4-6","<4y"
"857","68-1","Rural","60+y","Female",4,NA,76,6,0,0,0,1.5,"Female","Rural","4-6","60+y"
"858","680-1","Rural","15-19y","Male",5,"Unemployed adult",19,10,3,3,0,5.5,"Male","Rural","4-6","10-19y"
"859","681-1","Rural","15-19y","Male",4,"Unemployed adult",19,4,1,3,0,3,"Male","Rural","4-6","10-19y"
"860","682-1","Rural","15-19y","Male",5,"Student",17,10,3,1,0,4.5,"Male","Rural","4-6","10-19y"
"861","683-1","Rural","60+y","Male",2,"Unemployed adult",67,10,2,4,0,5.5,"Male","Rural","0-3","60+y"
"862","683-2","Urban","<6mo","Male",3,"Child",0,10,0,0,0,2.5,"Male","Urban","0-3","<4y"
"863","684-1","Rural","60+y","Male",7,"Farmer/ Clerk/ Shopkeeper",61,14,3,1,0,5.5,"Male","Rural","7+","60+y"
"864","685-1","Rural","15-19y","Male",4,"Unemployed adult",17,16,0,0,0,4,"Male","Rural","4-6","10-19y"
"865","685-2","Urban","<6mo","Male",7,"Child",0,14,0,0,0,3.5,"Male","Urban","7+","<4y"
"866","686-1","Rural","15-19y","Male",4,"Student",16,6,7,10,0,10,"Male","Rural","4-6","10-19y"
"867","687-1","Rural","5-9y","Male",6,"Student",6,18,1,8,0,9,"Male","Rural","4-6","5-9y"
"868","688-1","Rural","20-29y","Female",5,NA,25,10,0,0,0,2.5,"Female","Rural","4-6","20-29y"
"869","688-2","Urban","6-11mo","Female",5,"Child",1,14,0,0,0,3.5,"Female","Urban","4-6","<4y"
"870","689-1","Rural","20-29y","Male",2,"Skilled laborer",27,8,8,8,0,10,"Male","Rural","0-3","20-29y"
"871","69-1","Rural","60+y","Female",4,NA,67,6,0,0,0,1.5,"Female","Rural","4-6","60+y"
"872","690-1","Urban","60+y","Female",1,"Unemployed adult",62,8,1,1,0,3,"Female","Urban","0-3","60+y"
"873","691-1","Urban","60+y","Male",5,"Semiprofessional",61,10,2,2,0,4.5,"Male","Urban","4-6","60+y"
"874","691-2","Urban","<6mo","Male",4,"Child",0,16,0,0,0,4,"Male","Urban","4-6","<4y"
"875","692-1","Urban","30-39y","Male",6,"Semiprofessional",37,12,1,2,0,4.5,"Male","Urban","4-6","30-39y"
"876","693-1","Urban","10-14y","Female",6,"Student",10,20,2,1,0,6.5,"Female","Urban","4-6","10-19y"
"877","694-1","Urban","20-29y","Male",4,"Unemployed adult",24,6,0,0,0,1.5,"Male","Urban","4-6","20-29y"
"878","695-1","Urban","20-29y","Male",4,"Skilled laborer",26,18,0,0,0,4.5,"Male","Urban","4-6","20-29y"
"879","696-1","Urban","20-29y","Male",2,"Unemployed adult",23,10,2,0,0,3.5,"Male","Urban","0-3","20-29y"
"880","697-1","Rural","10-14y","Female",4,"Student",15,14,1,0,0,4,"Female","Rural","4-6","10-19y"
"881","697-2","Urban","6-11mo","Female",3,"Child",1,14,0,0,0,3.5,"Female","Urban","0-3","<4y"
"882","698-1","Rural","10-14y","Female",4,"Student",10,8,10,11,0,12.5,"Female","Rural","4-6","10-19y"
"883","699-1","Rural","10-14y","Male",4,"Student",15,20,0,10,0,10,"Male","Rural","4-6","10-19y"
"884","7-1","Urban","60+y","Female",5,"Unskilled laborer",62,16,21,3,0,16,"Female","Urban","4-6","60+y"
"885","70-1","Rural","40-59y","Male",3,"Farmer/ Clerk/ Shopkeeper",60,4,4,3,0,4.5,"Male","Rural","0-3","50-59y"
"886","70-2","Rural","<6mo","Female",4,"Child",0,6,1,0,0,2,"Female","Rural","4-6","<4y"
"887","700-1","Urban","5-9y","Female",10,"Student",8,26,4,1,0,9,"Female","Urban","7+","5-9y"
"888","700-2","Urban","6-11mo","Male",3,"Child",1,12,0,0,0,3,"Male","Urban","0-3","<4y"
"889","701-1","Urban","5-9y","Female",10,"Student",6,30,0,1,0,8,"Female","Urban","7+","5-9y"
"890","702-1","Rural","15-19y","Female",13,"Student",18,24,2,0,0,7,"Female","Rural","7+","10-19y"
"891","703-1","Rural","10-14y","Male",13,"Student",13,26,2,1,0,8,"Male","Rural","7+","10-19y"
"892","703-2","Urban","<6mo","Male",5,"Child",0,8,0,0,0,2,"Male","Urban","4-6","<4y"
"893","704-1","Rural","60+y","Male",4,"Semiskilled laborer",62,12,0,0,0,3,"Male","Rural","4-6","60+y"
"894","705-1","Urban","20-29y","Female",5,NA,29,10,0,1,0,3,"Female","Urban","4-6","20-29y"
"895","706-1","Urban","15-19y","Female",5,"Student",17,16,2,3,0,6.5,"Female","Urban","4-6","10-19y"
"896","707-1","Urban","20-29y","Female",7,NA,21,12,4,6,0,8,"Female","Urban","7+","20-29y"
"897","708-1","Rural","15-19y","Male",7,"Student",18,16,2,0,0,5,"Male","Rural","7+","10-19y"
"898","708-2","Urban","<6mo","Male",5,"Child",0,16,0,0,0,4,"Male","Urban","4-6","<4y"
"899","709-1","Urban","10-14y","Female",7,"Student",11,28,0,2,0,8,"Female","Urban","7+","10-19y"
"900","71-1","Rural","30-39y","Male",3,"Unemployed adult",34,4,4,2,0,4,"Male","Rural","0-3","30-39y"
"901","710-1","Urban","30-39y","Female",3,NA,31,6,2,2,0,3.5,"Female","Urban","0-3","30-39y"
"902","711-1","Rural","30-39y","Male",3,"Semiskilled laborer",33,12,0,0,0,3,"Male","Rural","0-3","30-39y"
"903","712-1","Rural","15-19y","Male",3,"Student",17,10,2,6,0,6.5,"Male","Rural","0-3","10-19y"
"904","713-1","Rural","10-14y","Male",8,"Student",10,20,0,0,0,5,"Male","Rural","7+","10-19y"
"905","714-1","Rural","10-14y","Male",8,"Student",11,24,0,0,0,6,"Male","Rural","7+","10-19y"
"906","715-1","Rural","5-9y","Male",5,"Student",7,26,0,0,0,6.5,"Male","Rural","4-6","5-9y"
"907","716-1","Rural","15-19y","Male",5,"Unemployed adult",18,10,5,1,0,5.5,"Male","Rural","4-6","10-19y"
"908","717-1","Rural","15-19y","Female",5,"Student",16,34,0,0,0,8.5,"Female","Rural","4-6","10-19y"
"909","718-1","Urban","5-9y","Female",6,"Student",10,14,4,4,0,7.5,"Female","Urban","4-6","5-9y"
"910","719-1","Urban","10-14y","Female",3,"Student",14,14,1,2,0,5,"Female","Urban","0-3","10-19y"
"911","72-1","Rural","30-39y","Female",4,"Unemployed adult",36,6,5,1,0,4.5,"Female","Rural","4-6","30-39y"
"912","720-1","Urban","10-14y","Female",4,"Student",13,12,3,2,0,5.5,"Female","Urban","4-6","10-19y"
"913","721-1","Urban","20-29y","Female",8,NA,25,14,3,1,0,5.5,"Female","Urban","7+","20-29y"
"914","722-1","Rural","30-39y","Female",NA,NA,35,14,4,5,0,8,"Female","Rural",NA,"30-39y"
"915","723-1","Rural","30-39y","Female",NA,"Farmer/ Clerk/ Shopkeeper",32,8,0,0,0,2,"Female","Rural",NA,"30-39y"
"916","724-1","Urban","15-19y","Female",6,"Student",18,24,0,0,2,7,"Female","Urban","4-6","10-19y"
"917","725-1","Urban","30-39y","Female",3,NA,37,10,0,0,0,2.5,"Female","Urban","0-3","30-39y"
"918","725-2","Urban","<6mo","Female",5,"Child",0,8,0,0,0,2,"Female","Urban","4-6","<4y"
"919","726-1","Rural","5-9y","Male",4,"Student",7,6,4,0,0,3.5,"Male","Rural","4-6","5-9y"
"920","727-1","Rural","20-29y","Male",3,"Semiskilled laborer",28,8,0,0,3,3.5,"Male","Rural","0-3","20-29y"
"921","728-1","Rural","20-29y","Female",5,NA,26,10,0,0,0,2.5,"Female","Rural","4-6","20-29y"
"922","729-1","Urban","10-14y","Female",5,"Student",13,16,2,2,0,6,"Female","Urban","4-6","10-19y"
"923","729-2","Urban","<6mo","Female",6,"Child",0,10,0,0,0,2.5,"Female","Urban","4-6","<4y"
"924","73-1","Urban","40-59y","Female",2,"Unskilled laborer",52,4,2,2,0,3,"Female","Urban","0-3","50-59y"
"925","730-1","Urban","10-14y","Female",4,"Student",13,14,3,1,0,5.5,"Female","Urban","4-6","10-19y"
"926","731-1","Urban","5-9y","Female",5,"Student",8,12,3,2,0,5.5,"Female","Urban","4-6","5-9y"
"927","732-1","Urban","5-9y","Female",5,"Student",10,16,0,1,0,4.5,"Female","Urban","4-6","5-9y"
"928","733-1","Rural","10-14y","Male",4,"Student",14,8,8,1,0,6.5,"Male","Rural","4-6","10-19y"
"929","734-1","Urban","30-39y","Female",4,"Semiskilled laborer",30,20,2,0,0,6,"Female","Urban","4-6","30-39y"
"930","734-2","Urban","<6mo","Male",4,"Child",0,6,0,0,0,1.5,"Male","Urban","4-6","<4y"
"931","735-1","Urban","10-14y","Female",5,"Student",13,18,0,1,0,5,"Female","Urban","4-6","10-19y"
"932","736-1","Urban","15-19y","Female",7,"Student",16,26,0,0,0,6.5,"Female","Urban","7+","10-19y"
"933","737-1","Urban","15-19y","Male",5,"Student",16,22,0,0,0,5.5,"Male","Urban","4-6","10-19y"
"934","737-2","Urban","<6mo","Female",3,"Child",0,10,0,0,0,2.5,"Female","Urban","0-3","<4y"
"935","738-1","Urban","10-14y","Female",5,"Student",10,8,0,0,0,2,"Female","Urban","4-6","10-19y"
"936","738-2","Urban","<6mo","Male",6,"Child",0,12,0,0,0,3,"Male","Urban","4-6","<4y"
"937","739-1","Urban","15-19y","Female",6,"Student",16,14,0,1,0,4,"Female","Urban","4-6","10-19y"
"938","74-1","Urban","40-59y","Female",2,"Unemployed adult",57,8,2,1,0,3.5,"Female","Urban","0-3","50-59y"
"939","740-1","Rural","30-39y","Female",NA,"Farmer/ Clerk/ Shopkeeper",38,8,2,3,0,4.5,"Female","Rural",NA,"30-39y"
"940","741-1","Urban","20-29y","Male",6,"Semiskilled laborer",30,10,0,5,0,5,"Male","Urban","4-6","20-29y"
"941","741-2","Urban","<6mo","Male",5,"Child",0,12,0,0,0,3,"Male","Urban","4-6","<4y"
"942","742-1","Urban","15-19y","Male",5,"Unemployed adult",19,18,0,0,0,4.5,"Male","Urban","4-6","10-19y"
"943","743-1","Urban","15-19y","Male",5,"Student",16,8,7,0,0,5.5,"Male","Urban","4-6","10-19y"
"944","744-1","Urban","20-29y","Male",5,"Student",20,18,0,0,0,4.5,"Male","Urban","4-6","20-29y"
"945","744-2","Urban","6-11mo","Male",4,"Child",1,16,0,0,0,4,"Male","Urban","4-6","<4y"
"946","745-1","Urban","15-19y","Female",4,NA,19,12,1,2,0,4.5,"Female","Urban","4-6","10-19y"
"947","746-1","Urban","10-14y","Female",6,"Student",12,15,6,7,2,11.5,"Female","Urban","4-6","10-19y"
"948","747-1","Urban","30-39y","Female",4,NA,40,14,0,2,0,4.5,"Female","Urban","4-6","30-39y"
"949","747-2","Urban","<6mo","Female",4,"Child",0,16,0,0,0,4,"Female","Urban","4-6","<4y"
"950","748-1","Urban","15-19y","Female",4,"Student",17,14,1,1,0,4.5,"Female","Urban","4-6","10-19y"
"951","749-1","Urban","15-19y","Male",4,"Skilled laborer",20,10,0,1,0,3,"Male","Urban","4-6","10-19y"
"952","75-1","Urban","30-39y","Male",6,"Farmer/ Clerk/ Shopkeeper",40,18,2,0,0,5.5,"Male","Urban","4-6","30-39y"
"953","75-2","Rural","<6mo","Male",5,"Child",0,10,0,0,0,2.5,"Male","Rural","4-6","<4y"
"954","750-1","Urban","15-19y","Female",8,"Unskilled laborer",19,16,0,2,0,5,"Female","Urban","7+","10-19y"
"955","751-1","Rural","20-29y","Male",NA,"Unskilled laborer",21,8,0,2,0,3,"Male","Rural",NA,"20-29y"
"956","751-2","Urban","<6mo","Female",6,"Child",0,8,0,0,0,2,"Female","Urban","4-6","<4y"
"957","753-1","Rural","20-29y","Male",4,"Unemployed adult",21,8,0,1,0,2.5,"Male","Rural","4-6","20-29y"
"958","754-1","Rural","15-19y","Male",4,"Student",17,12,3,2,0,5.5,"Male","Rural","4-6","10-19y"
"959","755-1","Rural","10-14y","Male",4,"Student",13,28,0,0,0,7,"Male","Rural","4-6","10-19y"
"960","755-2","Urban","6-11mo","Male",4,"Child",1,10,0,0,0,2.5,"Male","Urban","4-6","<4y"
"961","756-1","Urban","30-39y","Female",4,NA,35,10,0,0,0,2.5,"Female","Urban","4-6","30-39y"
"962","757-1","Urban","10-14y","Female",4,"Student",12,22,0,0,0,5.5,"Female","Urban","4-6","10-19y"
"963","758-1","Urban","15-19y","Female",5,"Student",16,22,0,0,0,5.5,"Female","Urban","4-6","10-19y"
"964","759-1","Urban","30-39y","Female",5,NA,34,8,0,3,0,3.5,"Female","Urban","4-6","30-39y"
"965","76-1","Urban","40-59y","Female",4,"Unemployed adult",55,12,1,1,0,4,"Female","Urban","4-6","50-59y"
"966","760-1","Rural","10-14y","Female",5,"Student",15,12,2,5,0,6.5,"Female","Rural","4-6","10-19y"
"967","761-1","Rural","10-14y","Female",7,"Student",12,12,3,0,0,4.5,"Female","Rural","7+","10-19y"
"968","761-2","Urban","<6mo","Female",5,"Child",0,10,0,0,0,2.5,"Female","Urban","4-6","<4y"
"969","762-1","Rural","10-14y","Female",4,"Student",13,12,0,1,0,3.5,"Female","Rural","4-6","10-19y"
"970","763-1","Rural","30-39y","Female",4,NA,31,12,4,4,0,7,"Female","Rural","4-6","30-39y"
"971","764-1","Rural","1-4y","Female",7,NA,1,12,0,0,0,3,"Female","Rural","7+","<4y"
"972","764-2","Urban","6-11mo","Male",4,"Child",1,10,0,0,0,2.5,"Male","Urban","4-6","<4y"
"973","765-1","Rural","15-19y","Female",5,"Student",16,8,6,6,0,8,"Female","Rural","4-6","10-19y"
"974","766-1","Rural","15-19y","Female",5,"Student",16,12,12,1,0,9.5,"Female","Rural","4-6","10-19y"
"975","767-1","Rural","1-4y","Male",7,NA,2,12,0,0,0,3,"Male","Rural","7+","<4y"
"976","767-2","Rural","6-11mo","Female",NA,"Child",1,14,0,0,0,3.5,"Female","Rural",NA,"<4y"
"977","768-1","Urban","15-19y","Female",4,"Unemployed adult",19,8,0,1,0,2.5,"Female","Urban","4-6","10-19y"
"978","769-1","Urban","20-29y","Female",2,NA,27,4,0,2,0,2,"Female","Urban","0-3","20-29y"
"979","77-1","Urban","40-59y","Female",5,NA,52,14,2,2,0,5.5,"Female","Urban","4-6","50-59y"
"980","770-1","Urban","5-9y","Female",5,"Student",10,10,2,2,0,4.5,"Female","Urban","4-6","5-9y"
"981","770-2","Rural","6-11mo","Male",NA,"Child",1,8,3,0,0,3.5,"Male","Rural",NA,"<4y"
"982","771-1","Rural","20-29y","Female",NA,"Farmer/ Clerk/ Shopkeeper",21,6,2,1,0,3,"Female","Rural",NA,"20-29y"
"983","772-1","Rural","30-39y","Female",NA,NA,32,6,1,2,0,3,"Female","Rural",NA,"30-39y"
"984","773-1","Urban","20-29y","Female",5,NA,28,18,0,0,0,4.5,"Female","Urban","4-6","20-29y"
"985","773-2","Rural","6-11mo","Male",NA,"Child",1,10,0,0,0,2.5,"Male","Rural",NA,"<4y"
"986","774-1","Urban","10-14y","Female",5,"Student",13,10,3,5,0,6.5,"Female","Urban","4-6","10-19y"
"987","775-1","Urban","15-19y","Female",4,"Student",16,22,0,0,0,5.5,"Female","Urban","4-6","10-19y"
"988","776-1","Urban","10-14y","Female",4,"Student",10,22,0,0,0,5.5,"Female","Urban","4-6","10-19y"
"989","776-2","Rural","6-11mo","Female",6,"Child",1,10,0,0,0,2.5,"Female","Rural","4-6","<4y"
"990","777-1","Rural","10-14y","Male",4,"Student",12,16,0,8,0,8,"Male","Rural","4-6","10-19y"
"991","778-1","Rural","5-9y","Female",4,"Student",7,8,5,3,0,6,"Female","Rural","4-6","5-9y"
"992","779-1","Rural","1-4y","Female",4,NA,2,16,0,0,0,4,"Female","Rural","4-6","<4y"
"993","78-1","Urban","40-59y","Female",3,"Skilled laborer",47,10,1,1,0,3.5,"Female","Urban","0-3","40-49y"
"994","780-1","Rural","20-29y","Female",NA,"Student",23,8,16,16,0,18,"Female","Rural",NA,"20-29y"
"995","781-1","Urban","15-19y","Female",5,"Student",16,14,1,2,0,5,"Female","Urban","4-6","10-19y"
"996","781-2","Rural","6-11mo","Female",NA,"Child",1,14,2,2,0,5.5,"Female","Rural",NA,"<4y"
"997","782-1","Urban","15-19y","Female",5,"Student",15,18,0,2,0,5.5,"Female","Urban","4-6","10-19y"
"998","783-1","Rural","20-29y","Female",NA,"Professional",23,10,15,4,0,12,"Female","Rural",NA,"20-29y"
"999","784-1","Urban","30-39y","Male",4,"Semiskilled laborer",39,16,1,2,0,5.5,"Male","Urban","4-6","30-39y"
"1000","784-2","Rural","6-11mo","Male",NA,"Child",1,12,0,0,0,3,"Male","Rural",NA,"<4y"
"1001","785-1","Urban","5-9y","Female",4,"Student",8,18,1,1,0,5.5,"Female","Urban","4-6","5-9y"
"1002","786-1","Urban","15-19y","Female",4,"Student",18,18,0,0,0,4.5,"Female","Urban","4-6","10-19y"
"1003","787-1","Urban","15-19y","Male",7,"Student",15,22,0,0,0,5.5,"Male","Urban","7+","10-19y"
"1004","787-2","Urban","6-11mo","Male",5,"Child",1,8,1,0,0,2.5,"Male","Urban","4-6","<4y"
"1005","788-1","Urban","5-9y","Female",5,"Student",6,10,0,1,0,3,"Female","Urban","4-6","5-9y"
"1006","789-1","Urban","30-39y","Male",5,"Semiprofessional",32,38,0,0,0,9.5,"Male","Urban","4-6","30-39y"
"1007","79-1","Rural","20-29y","Male",4,"Student",20,16,0,0,0,4,"Male","Rural","4-6","20-29y"
"1008","790-1","Urban","5-9y","Female",5,"Student",7,12,0,0,0,3,"Female","Urban","4-6","5-9y"
"1009","790-2","Urban","<6mo","Female",3,"Child",0,18,0,0,0,4.5,"Female","Urban","0-3","<4y"
"1010","791-1","Urban","15-19y","Female",7,"Student",18,24,0,0,0,6,"Female","Urban","7+","10-19y"
"1011","792-1","Urban","15-19y","Female",4,NA,19,6,3,4,0,5,"Female","Urban","4-6","10-19y"
"1012","792-2","Urban","<6mo","Female",3,"Child",0,12,0,0,0,3,"Female","Urban","0-3","<4y"
"1013","793-1","Urban","20-29y","Female",3,"Student",22,10,2,0,0,3.5,"Female","Urban","0-3","20-29y"
"1014","794-1","Urban","10-14y","Female",4,"Student",14,16,0,0,0,4,"Female","Urban","4-6","10-19y"
"1015","794-2","Urban","<6mo","Female",3,"Child",0,12,0,0,0,3,"Female","Urban","0-3","<4y"
"1016","795-1","Urban","20-29y","Female",7,NA,26,16,0,2,0,5,"Female","Urban","7+","20-29y"
"1017","796-1","Urban","15-19y","Male",4,"Student",16,16,0,0,2,5,"Male","Urban","4-6","10-19y"
"1018","797-1","Urban","5-9y","Male",4,"Student",8,20,0,0,0,5,"Male","Urban","4-6","5-9y"
"1019","797-2","Urban","<6mo","Female",5,"Child",0,14,0,0,0,3.5,"Female","Urban","4-6","<4y"
"1020","798-1","Urban","5-9y","Female",6,"Student",9,24,0,0,0,6,"Female","Urban","4-6","5-9y"
"1021","799-1","Urban","30-39y","Male",4,"Unskilled laborer",36,14,0,0,0,3.5,"Male","Urban","4-6","30-39y"
"1022","8-1","Urban","60+y","Female",2,NA,67,4,1,3,0,3,"Female","Urban","0-3","60+y"
"1023","80-1","Rural","20-29y","Female",4,"Farmer/ Clerk/ Shopkeeper",28,6,7,5,0,7.5,"Female","Rural","4-6","20-29y"
"1024","800-1","Urban","20-29y","Male",5,"Unskilled laborer",26,18,0,0,0,4.5,"Male","Urban","4-6","20-29y"
"1025","801-1","Urban","10-14y","Male",6,"Student",14,18,0,0,0,4.5,"Male","Urban","4-6","10-19y"
"1026","802-1","Urban","30-39y","Male",3,"Unskilled laborer",38,14,0,0,0,3.5,"Male","Urban","0-3","30-39y"
"1027","803-1","Rural","30-39y","Female",5,NA,30,8,2,0,0,3,"Female","Rural","4-6","30-39y"
"1028","804-1","Urban","10-14y","Female",6,"Student",14,30,0,0,0,7.5,"Female","Urban","4-6","10-19y"
"1029","805-1","Urban","5-9y","Female",4,"Student",8,12,0,0,0,3,"Female","Urban","4-6","5-9y"
"1030","806-1","Urban","5-9y","Female",4,"Student",6,10,0,0,0,2.5,"Female","Urban","4-6","5-9y"
"1031","807-1","Rural","<6mo","Male",5,"Child",0,10,0,0,0,2.5,"Male","Rural","4-6","<4y"
"1032","808-1","Rural","1-4y","Female",3,NA,1,10,0,0,0,2.5,"Female","Rural","0-3","<4y"
"1033","809-1","Rural","5-9y","Male",9,"Student",8,16,0,5,0,6.5,"Male","Rural","7+","5-9y"
"1034","81-1","Rural","40-59y","Male",6,"Farmer/ Clerk/ Shopkeeper",46,10,3,3,0,5.5,"Male","Rural","4-6","40-49y"
"1035","810-1","Rural","5-9y","Female",5,"Student",7,24,0,0,0,6,"Female","Rural","4-6","5-9y"
"1036","811-1","Urban","6-11mo","Male",12,"Child",1,22,0,1,0,6,"Male","Urban","7+","<4y"
"1037","812-1","Urban","1-4y","Female",8,NA,4,14,0,1,0,4,"Female","Urban","7+","<4y"
"1038","813-1","Urban","15-19y","Female",3,"Student",17,4,0,8,0,5,"Female","Urban","0-3","10-19y"
"1039","814-1","Urban","10-14y","Female",3,"Student",12,4,0,5,0,3.5,"Female","Urban","0-3","10-19y"
"1040","815-1","Urban","10-14y","Male",6,"Student",13,18,0,5,0,7,"Male","Urban","4-6","10-19y"
"1041","816-1","Urban","10-14y","Male",5,"Student",13,14,4,0,0,5.5,"Male","Urban","4-6","10-19y"
"1042","817-1","Urban","5-9y","Male",5,"Student",8,16,2,0,0,5,"Male","Urban","4-6","5-9y"
"1043","818-1","Rural","30-39y","Female",NA,NA,32,10,8,0,0,6.5,"Female","Rural",NA,"30-39y"
"1044","819-1","Rural","30-39y","Female",NA,NA,30,12,1,0,0,3.5,"Female","Rural",NA,"30-39y"
"1045","82-1","Rural","40-59y","Male",9,"Farmer/ Clerk/ Shopkeeper",48,18,1,1,0,5.5,"Male","Rural","7+","40-49y"
"1046","820-1","Rural","<6mo","Male",5,"Child",0,8,0,0,0,2,"Male","Rural","4-6","<4y"
"1047","821-1","Rural","<6mo","Male",4,"Child",0,8,0,2,0,3,"Male","Rural","4-6","<4y"
"1048","822-1","Rural","30-39y","Female",6,NA,38,18,0,0,0,4.5,"Female","Rural","4-6","30-39y"
"1049","824-1","Rural","1-4y","Female",4,NA,1,6,0,0,0,1.5,"Female","Rural","4-6","<4y"
"1050","825-1","Rural","15-19y","Female",5,"Student",15,26,0,0,0,6.5,"Female","Rural","4-6","10-19y"
"1051","826-1","Rural","5-9y","Male",5,"Student",8,8,0,0,0,2,"Male","Rural","4-6","5-9y"
"1052","827-1","Rural","<6mo","Male",7,"Child",0,14,0,0,0,3.5,"Male","Rural","7+","<4y"
"1053","828-1","Rural","<6mo","Female",5,"Child",0,12,0,0,0,3,"Female","Rural","4-6","<4y"
"1054","829-1","Rural","1-4y","Male",6,NA,3,10,1,0,0,3,"Male","Rural","4-6","<4y"
"1055","83-1","Rural","30-39y","Male",4,"Unskilled laborer",35,8,2,0,0,3,"Male","Rural","4-6","30-39y"
"1056","830-1","Rural","5-9y","Male",NA,"Student",9,16,2,2,0,6,"Male","Rural",NA,"5-9y"
"1057","831-1","Rural","5-9y","Male",NA,"Student",8,6,2,1,0,3,"Male","Rural",NA,"5-9y"
"1058","832-1","Rural","<6mo","Female",NA,"Child",0,6,0,0,0,1.5,"Female","Rural",NA,"<4y"
"1059","833-1","Urban","20-29y","Female",4,"Semiprofessional",27,12,0,0,0,3,"Female","Urban","4-6","20-29y"
"1060","834-1","Urban","10-14y","Female",4,"Student",15,14,0,0,0,3.5,"Female","Urban","4-6","10-19y"
"1061","835-1","Urban","10-14y","Male",4,"Student",11,22,0,0,0,5.5,"Male","Urban","4-6","10-19y"
"1062","836-1","Urban","20-29y","Female",6,"Semiprofessional",24,16,0,0,0,4,"Female","Urban","4-6","20-29y"
"1063","837-1","Rural","5-9y","Female",5,"Student",9,8,1,4,0,4.5,"Female","Rural","4-6","5-9y"
"1064","838-1","Rural","15-19y","Female",5,"Student",17,8,4,3,0,5.5,"Female","Rural","4-6","10-19y"
"1065","839-1","Rural","5-9y","Female",5,"Student",8,10,5,1,0,5.5,"Female","Rural","4-6","5-9y"
"1066","84-1","Urban","30-39y","Female",4,"Semiskilled laborer",33,12,0,2,0,4,"Female","Urban","4-6","30-39y"
"1067","84-2","Rural","<6mo","Male",6,"Child",0,10,0,0,0,2.5,"Male","Rural","4-6","<4y"
"1068","840-1","Rural","15-19y","Female",4,"Student",15,15,0,0,3,5.5,"Female","Rural","4-6","10-19y"
"1069","841-1","Rural","15-19y","Female",NA,"Student",15,8,0,3,0,3.5,"Female","Rural",NA,"10-19y"
"1070","842-1","Rural","15-19y","Female",NA,"Student",15,10,0,0,0,2.5,"Female","Rural",NA,"10-19y"
"1071","843-1","Rural","1-4y","Male",4,NA,3,10,0,0,0,2.5,"Male","Rural","4-6","<4y"
"1072","844-1","Rural","5-9y","Female",4,"Student",7,8,11,0,0,7.5,"Female","Rural","4-6","5-9y"
"1073","845-1","Rural","5-9y","Female",6,"Student",6,38,0,0,0,9.5,"Female","Rural","4-6","5-9y"
"1074","846-1","Rural","1-4y","Female",6,NA,2,28,0,0,0,7,"Female","Rural","4-6","<4y"
"1075","847-1","Rural","5-9y","Female",5,"Student",10,36,0,1,0,9.5,"Female","Rural","4-6","5-9y"
"1076","848-1","Urban","10-14y","Male",4,"Student",12,22,0,0,0,5.5,"Male","Urban","4-6","10-19y"
"1077","849-1","Urban","20-29y","Male",5,"Student",20,16,0,0,0,4,"Male","Urban","4-6","20-29y"
"1078","85-1","Urban","30-39y","Female",3,NA,32,6,2,1,0,3,"Female","Urban","0-3","30-39y"
"1079","850-1","Urban","10-14y","Male",4,"Student",15,18,0,0,0,4.5,"Male","Urban","4-6","10-19y"
"1080","851-1","Urban","5-9y","Male",4,"Student",6,14,0,0,0,3.5,"Male","Urban","4-6","5-9y"
"1081","852-1","Urban","5-9y","Female",4,"Student",8,18,0,0,0,4.5,"Female","Urban","4-6","5-9y"
"1082","853-1","Urban","20-29y","Female",4,"Unskilled laborer",29,8,0,0,2,3,"Female","Urban","4-6","20-29y"
"1083","854-1","Urban","15-19y","Male",4,"Student",15,26,0,0,0,6.5,"Male","Urban","4-6","10-19y"
"1084","855-1","Rural","15-19y","Female",NA,"Student",15,10,14,8,0,13.5,"Female","Rural",NA,"10-19y"
"1085","856-1","Rural","15-19y","Female",NA,"Student",15,10,0,3,0,4,"Female","Rural",NA,"10-19y"
"1086","857-1","Rural","15-19y","Female",4,"Student",16,14,4,5,0,8,"Female","Rural","4-6","10-19y"
"1087","858-1","Rural","5-9y","Male",5,"Student",10,8,0,7,0,5.5,"Male","Rural","4-6","5-9y"
"1088","859-1","Rural","5-9y","Female",5,"Student",6,8,0,5,0,4.5,"Female","Rural","4-6","5-9y"
"1089","86-1","Urban","30-39y","Female",6,NA,34,10,1,1,0,3.5,"Female","Urban","4-6","30-39y"
"1090","860-1","Urban","6-11mo","Male",9,"Child",0,16,0,1,0,4.5,"Male","Urban","7+","<4y"
"1091","861-1","Urban","1-4y","Female",6,NA,4,16,0,2,0,5,"Female","Urban","4-6","<4y"
"1092","862-1","Urban","6-11mo","Female",6,"Child",1,10,0,1,0,3,"Female","Urban","4-6","<4y"
"1093","863-1","Urban","6-11mo","Female",6,"Child",1,10,0,1,0,3,"Female","Urban","4-6","<4y"
"1094","864-1","Urban","1-4y","Female",4,NA,2,10,1,3,0,4.5,"Female","Urban","4-6","<4y"
"1095","865-1","Urban","15-19y","Female",6,"Unemployed adult",18,16,1,1,0,5,"Female","Urban","4-6","10-19y"
"1096","866-1","Urban","20-29y","Male",5,"Semiprofessional",25,10,0,1,0,3,"Male","Urban","4-6","20-29y"
"1097","867-1","Urban","10-14y","Male",6,"Student",12,20,4,3,0,8.5,"Male","Urban","4-6","10-19y"
"1098","868-1","Urban","15-19y","Female",6,"Student",18,6,0,0,0,1.5,"Female","Urban","4-6","10-19y"
"1099","869-1","Urban","15-19y","Male",6,"Student",15,8,0,0,0,2,"Male","Urban","4-6","10-19y"
"1100","87-1","Rural","20-29y","Female",4,NA,28,6,2,1,0,3,"Female","Rural","4-6","20-29y"
"1101","870-1","Urban","10-14y","Female",5,"Student",13,10,0,0,0,2.5,"Female","Urban","4-6","10-19y"
"1102","871-1","Urban","10-14y","Male",5,"Student",14,7,0,0,2,3,"Male","Urban","4-6","10-19y"
"1103","872-1","Urban","10-14y","Male",5,"Student",12,10,0,0,0,2.5,"Male","Urban","4-6","10-19y"
"1104","873-1","Urban","5-9y","Male",4,"Student",9,10,0,0,0,2.5,"Male","Urban","4-6","5-9y"
"1105","874-1","Urban","5-9y","Female",4,"Student",7,10,0,0,0,2.5,"Female","Urban","4-6","5-9y"
"1106","875-1","Urban","10-14y","Female",6,"Student",12,12,0,0,0,3,"Female","Urban","4-6","10-19y"
"1107","876-1","Urban","5-9y","Male",4,"Student",10,8,7,0,0,5.5,"Male","Urban","4-6","5-9y"
"1108","877-1","Urban","<6mo","Male",5,"Child",0,10,0,0,0,2.5,"Male","Urban","4-6","<4y"
"1109","878-1","Urban","20-29y","Female",5,NA,26,14,0,0,0,3.5,"Female","Urban","4-6","20-29y"
"1110","879-1","Urban","1-4y","Male",5,NA,2,14,0,0,0,3.5,"Male","Urban","4-6","<4y"
"1111","88-1","Rural","20-29y","Male",5,"Unemployed adult",24,8,2,5,0,5.5,"Male","Rural","4-6","20-29y"
"1112","880-1","Urban","20-29y","Female",7,NA,21,18,0,1,0,5,"Female","Urban","7+","20-29y"
"1113","881-1","Urban","6-11mo","Female",7,"Child",0,18,0,0,0,4.5,"Female","Urban","7+","<4y"
"1114","882-1","Urban","1-4y","Male",6,NA,3,12,0,0,0,3,"Male","Urban","4-6","<4y"
"1115","883-1","Urban","20-29y","Female",3,"Skilled laborer",21,10,0,0,0,2.5,"Female","Urban","0-3","20-29y"
"1116","884-1","Urban","20-29y","Male",5,"Semiskilled laborer",25,16,0,0,0,4,"Male","Urban","4-6","20-29y"
"1117","885-1","Urban","15-19y","Male",5,"Unskilled laborer",20,16,0,0,0,4,"Male","Urban","4-6","10-19y"
"1118","886-1","Urban","20-29y","Male",5,"Unemployed adult",22,18,0,0,0,4.5,"Male","Urban","4-6","20-29y"
"1119","887-1","Urban","15-19y","Male",5,"Student",20,18,0,0,0,4.5,"Male","Urban","4-6","10-19y"
"1120","888-1","Urban","6-11mo","Male",6,"Child",1,10,0,0,0,2.5,"Male","Urban","4-6","<4y"
"1121","889-1","Urban","6-11mo","Female",6,"Child",0,14,0,0,0,3.5,"Female","Urban","4-6","<4y"
"1122","89-1","Rural","40-59y","Female",4,NA,45,8,0,0,0,2,"Female","Rural","4-6","40-49y"
"1123","890-1","Urban","1-4y","Female",6,NA,2,14,0,0,0,3.5,"Female","Urban","4-6","<4y"
"1124","891-1","Rural","15-19y","Female",7,"Student",16,32,0,0,0,8,"Female","Rural","7+","10-19y"
"1125","892-1","Rural","1-4y","Female",7,NA,1,12,0,0,0,3,"Female","Rural","7+","<4y"
"1126","893-1","Rural","15-19y","Female",5,"Student",17,20,0,0,0,5,"Female","Rural","4-6","10-19y"
"1127","894-1","Rural","15-19y","Female",3,"Unemployed adult",19,10,2,1,0,4,"Female","Rural","0-3","10-19y"
"1128","895-1","Urban","5-9y","Male",6,"Student",7,14,2,0,0,4.5,"Male","Urban","4-6","5-9y"
"1129","896-1","Urban","5-9y","Male",6,"Student",6,20,0,0,0,5,"Male","Urban","4-6","5-9y"
"1130","897-1","Urban","15-19y","Male",3,"Skilled laborer",19,12,0,0,0,3,"Male","Urban","0-3","10-19y"
"1131","898-1","Urban","10-14y","Male",5,"Student",12,12,0,4,0,5,"Male","Urban","4-6","10-19y"
"1132","899-1","Urban","30-39y","Male",4,"Unskilled laborer",31,16,0,0,0,4,"Male","Urban","4-6","30-39y"
"1133","9-1","Urban","60+y","Male",2,"Unemployed adult",76,4,1,1,0,2,"Male","Urban","0-3","60+y"
"1134","90-1","Rural","40-59y","Male",6,"Farmer/ Clerk/ Shopkeeper",59,12,2,5,2,7.5,"Male","Rural","4-6","50-59y"
"1135","900-1","Urban","20-29y","Female",6,NA,23,12,1,0,0,3.5,"Female","Urban","4-6","20-29y"
"1136","901-1","Urban","20-29y","Male",3,"Semiskilled laborer",22,4,3,2,0,3.5,"Male","Urban","0-3","20-29y"
"1137","902-1","Urban","20-29y","Female",4,"Student",22,10,1,0,0,3,"Female","Urban","4-6","20-29y"
"1138","903-1","Urban","20-29y","Male",4,"Skilled laborer",29,10,1,0,0,3,"Male","Urban","4-6","20-29y"
"1139","904-1","Urban","15-19y","Female",4,"Student",17,16,0,0,0,4,"Female","Urban","4-6","10-19y"
"1140","905-1","Urban","10-14y","Male",4,"Student",11,12,7,0,0,6.5,"Male","Urban","4-6","10-19y"
"1141","906-1","Urban","20-29y","Female",5,NA,21,30,0,1,0,8,"Female","Urban","4-6","20-29y"
"1142","907-1","Urban","5-9y","Male",4,"Student",7,6,0,0,0,1.5,"Male","Urban","4-6","5-9y"
"1143","908-1","Urban","15-19y","Male",5,"Student",16,20,0,0,0,5,"Male","Urban","4-6","10-19y"
"1144","909-1","Urban","15-19y","Female",4,"Unemployed adult",20,14,3,0,0,5,"Female","Urban","4-6","10-19y"
"1145","91-1","Rural","30-39y","Female",6,"Unskilled laborer",33,10,2,3,0,5,"Female","Rural","4-6","30-39y"
"1146","910-1","Urban","15-19y","Male",4,"Student",19,10,3,1,0,4.5,"Male","Urban","4-6","10-19y"
"1147","911-1","Urban","15-19y","Female",6,"Unemployed adult",20,20,0,0,0,5,"Female","Urban","4-6","10-19y"
"1148","912-1","Urban","<6mo","Female",4,"Child",0,2,0,0,0,0.5,"Female","Urban","4-6","<4y"
"1149","913-1","Urban","20-29y","Female",6,NA,29,12,0,0,0,3,"Female","Urban","4-6","20-29y"
"1150","914-1","Urban","5-9y","Male",4,"Student",7,18,0,0,0,4.5,"Male","Urban","4-6","5-9y"
"1151","915-1","Urban","20-29y","Female",6,"Semiskilled laborer",21,18,0,0,0,4.5,"Female","Urban","4-6","20-29y"
"1152","916-1","Urban","20-29y","Male",6,"Unemployed adult",20,20,2,0,0,6,"Male","Urban","4-6","20-29y"
"1153","917-1","Urban","20-29y","Female",2,NA,24,16,1,0,0,4.5,"Female","Urban","0-3","20-29y"
"1154","918-1","Urban","20-29y","Male",3,"Skilled laborer",29,8,3,3,0,5,"Male","Urban","0-3","20-29y"
"1155","919-1","Urban","15-19y","Male",5,"Unemployed adult",19,12,0,3,0,4.5,"Male","Urban","4-6","10-19y"
"1156","92-1","Rural","30-39y","Female",7,"Skilled laborer",36,12,4,0,0,5,"Female","Rural","7+","30-39y"
"1157","920-1","Urban","10-14y","Male",5,"Student",14,20,0,0,0,5,"Male","Urban","4-6","10-19y"
"1158","921-1","Urban","1-4y","Male",4,NA,3,6,6,0,0,4.5,"Male","Urban","4-6","<4y"
"1159","922-1","Urban","1-4y","Female",6,NA,3,12,0,0,0,3,"Female","Urban","4-6","<4y"
"1160","923-1","Urban","<6mo","Male",6,"Child",0,10,0,0,0,2.5,"Male","Urban","4-6","<4y"
"1161","924-1","Urban","15-19y","Male",3,"Unskilled laborer",19,10,0,0,0,2.5,"Male","Urban","0-3","10-19y"
"1162","925-1","Urban","5-9y","Male",4,"Student",8,6,0,0,0,1.5,"Male","Urban","4-6","5-9y"
"1163","926-1","Urban","15-19y","Male",5,"Student",18,18,0,0,0,4.5,"Male","Urban","4-6","10-19y"
"1164","927-1","Urban","15-19y","Male",4,"Student",17,16,0,0,0,4,"Male","Urban","4-6","10-19y"
"1165","928-1","Urban","20-29y","Male",4,"Unskilled laborer",25,10,0,0,0,2.5,"Male","Urban","4-6","20-29y"
"1166","929-1","Urban","6-11mo","Female",4,"Child",1,10,0,0,0,2.5,"Female","Urban","4-6","<4y"
"1167","930-1","Urban","20-29y","Male",5,"Semiskilled laborer",23,22,0,0,0,5.5,"Male","Urban","4-6","20-29y"
"1168","931-1","Urban","1-4y","Female",5,NA,3,8,0,1,0,2.5,"Female","Urban","4-6","<4y"
"1169","932-1","Urban","1-4y","Female",6,NA,2,10,0,1,0,3,"Female","Urban","4-6","<4y"
"1170","933-1","Urban","5-9y","Male",6,"Student",7,14,3,3,0,6.5,"Male","Urban","4-6","5-9y"
"1171","934-1","Rural","15-19y","Female",NA,"Student",17,28,4,3,0,10.5,"Female","Rural",NA,"10-19y"
"1172","935-1","Rural","1-4y","Male",NA,NA,1,10,0,1,0,3,"Male","Rural",NA,"<4y"
"1173","936-1","Rural","15-19y","Female",4,"Student",18,16,0,0,0,4,"Female","Rural","4-6","10-19y"
"1174","937-1","Rural","15-19y","Female",2,"Student",19,14,0,0,0,3.5,"Female","Rural","0-3","10-19y"
"1175","938-1","Rural","5-9y","Female",4,"Student",7,18,0,0,0,4.5,"Female","Rural","4-6","5-9y"
"1176","939-1","Rural","5-9y","Female",7,"Student",7,16,1,0,0,4.5,"Female","Rural","7+","5-9y"
"1177","940-1","Rural","5-9y","Female",4,"Student",9,30,1,2,0,9,"Female","Rural","4-6","5-9y"
"1178","941-1","Rural","15-19y","Female",3,"Student",19,22,0,2,2,7.5,"Female","Rural","0-3","10-19y"
"1179","942-1","Rural","6-11mo","Female",4,"Child",1,6,0,0,0,1.5,"Female","Rural","4-6","<4y"
"1180","943-1","Rural","1-4y","Male",4,NA,5,6,6,5,0,7,"Male","Rural","4-6","<4y"
"1181","944-1","Rural","1-4y","Female",NA,NA,2,10,1,0,0,3,"Female","Rural",NA,"<4y"
"1182","945-1","Rural","1-4y","Male",NA,NA,5,18,0,0,0,4.5,"Male","Rural",NA,"<4y"
"1183","946-1","Rural","1-4y","Female",4,NA,4,12,5,0,0,5.5,"Female","Rural","4-6","<4y"
"1184","947-1","Rural","1-4y","Female",7,NA,1,12,0,0,0,3,"Female","Rural","7+","<4y"
"1185","948-1","Rural","<6mo","Female",5,"Child",0,12,2,0,0,4,"Female","Rural","4-6","<4y"
"1186","949-1","Rural","1-4y","Female",NA,NA,3,16,1,0,0,4.5,"Female","Rural",NA,"<4y"
"1187","95-1","Rural","40-59y","Female",1,"Semiskilled laborer",49,2,2,2,0,2.5,"Female","Rural","0-3","40-49y"
"1188","950-1","Rural","<6mo","Female",6,"Child",0,10,0,0,0,2.5,"Female","Rural","4-6","<4y"
"1189","952-1","Rural","<6mo","Male",5,"Child",0,8,0,0,0,2,"Male","Rural","4-6","<4y"
"1190","953-1","Rural","1-4y","Female",NA,NA,1,10,0,1,0,3,"Female","Rural",NA,"<4y"
"1191","954-1","Rural","1-4y","Female",NA,NA,2,8,1,7,0,6,"Female","Rural",NA,"<4y"
"1192","955-1","Rural","1-4y","Female",NA,NA,2,18,0,4,0,6.5,"Female","Rural",NA,"<4y"
"1193","956-1","Rural","1-4y","Male",5,NA,3,8,0,0,0,2,"Male","Rural","4-6","<4y"
"1194","957-1","Rural","1-4y","Male",6,NA,5,14,0,0,0,3.5,"Male","Rural","4-6","<4y"
"1195","958-1","Rural","6-11mo","Male",5,"Child",1,8,0,0,0,2,"Male","Rural","4-6","<4y"
"1196","959-1","Rural","1-4y","Male",4,NA,2,12,0,0,0,3,"Male","Rural","4-6","<4y"
"1197","96-1","Rural","40-59y","Female",4,NA,49,9,1,2,1,4,"Female","Rural","4-6","40-49y"
"1198","960-1","Rural","1-4y","Female",4,NA,4,10,0,0,0,2.5,"Female","Rural","4-6","<4y"
"1199","961-1","Rural","1-4y","Male",7,NA,4,12,0,5,0,5.5,"Male","Rural","7+","<4y"
"1200","962-1","Rural","1-4y","Female",5,NA,2,8,0,0,0,2,"Female","Rural","4-6","<4y"
"1201","963-1","Rural","1-4y","Female",3,NA,3,16,0,0,0,4,"Female","Rural","0-3","<4y"
"1202","964-1","Rural","1-4y","Male",5,NA,2,18,1,0,0,5,"Male","Rural","4-6","<4y"
"1203","965-1","Rural","1-4y","Male",4,NA,2,22,0,0,0,5.5,"Male","Rural","4-6","<4y"
"1204","966-1","Rural","1-4y","Male",6,NA,3,24,0,0,0,6,"Male","Rural","4-6","<4y"
"1205","967-1","Rural","<6mo","Female",5,"Child",0,10,0,0,0,2.5,"Female","Rural","4-6","<4y"
"1206","968-1","Rural","1-4y","Male",6,NA,5,10,0,0,0,2.5,"Male","Rural","4-6","<4y"
"1207","969-1","Rural","<6mo","Female",6,"Child",0,16,1,0,0,4.5,"Female","Rural","4-6","<4y"
"1208","97-1","Rural","15-19y","Male",4,"Student",20,16,8,6,0,11,"Male","Rural","4-6","10-19y"
"1209","970-1","Rural","1-4y","Male",6,NA,3,14,1,0,0,4,"Male","Rural","4-6","<4y"
"1210","971-1","Urban","15-19y","Male",5,"Student",15,12,0,0,0,3,"Male","Urban","4-6","10-19y"
"1211","972-1","Urban","6-11mo","Female",5,"Child",1,14,0,0,0,3.5,"Female","Urban","4-6","<4y"
"1212","973-1","Urban","20-29y","Male",3,"Unskilled laborer",25,16,0,0,0,4,"Male","Urban","0-3","20-29y"
"1213","974-1","Urban","6-11mo","Female",3,"Child",1,10,0,1,0,3,"Female","Urban","0-3","<4y"
"1214","975-1","Urban","6-11mo","Male",5,"Child",0,12,0,0,0,3,"Male","Urban","4-6","<4y"
"1215","976-1","Urban","<6mo","Female",5,"Child",0,10,0,0,0,2.5,"Female","Urban","4-6","<4y"
"1216","977-1","Urban","6-11mo","Female",9,"Child",1,12,0,0,8,7,"Female","Urban","7+","<4y"
"1217","978-1","Urban","<6mo","Female",6,"Child",0,18,0,0,0,4.5,"Female","Urban","4-6","<4y"
"1218","979-1","Urban","1-4y","Female",4,NA,2,10,0,0,0,2.5,"Female","Urban","4-6","<4y"
"1219","98-1","Urban","30-39y","Female",4,NA,38,6,4,4,0,5.5,"Female","Urban","4-6","30-39y"
"1220","980-1","Urban","1-4y","Female",11,NA,4,10,0,0,0,2.5,"Female","Urban","7+","<4y"
"1221","981-1","Urban","1-4y","Male",4,NA,4,12,0,0,0,3,"Male","Urban","4-6","<4y"
"1222","982-1","Urban","1-4y","Male",4,NA,2,12,0,0,0,3,"Male","Urban","4-6","<4y"
"1223","983-1","Urban","1-4y","Male",4,NA,1,12,0,0,0,3,"Male","Urban","4-6","<4y"
"1224","984-1","Urban","30-39y","Male",4,"Semiskilled laborer",37,4,0,0,0,1,"Male","Urban","4-6","30-39y"
"1225","985-1","Urban","20-29y","Male",3,"Farmer/ Clerk/ Shopkeeper",25,4,4,0,0,3,"Male","Urban","0-3","20-29y"
"1226","986-1","Urban","5-9y","Male",5,"Student",10,14,0,0,0,3.5,"Male","Urban","4-6","5-9y"
"1227","987-1","Urban","6-11mo","Male",5,"Child",1,10,0,0,0,2.5,"Male","Urban","4-6","<4y"
"1228","988-1","Urban","1-4y","Female",6,NA,1,22,0,0,0,5.5,"Female","Urban","4-6","<4y"
"1229","989-1","Urban","<6mo","Female",5,"Child",0,8,0,0,0,2,"Female","Urban","4-6","<4y"
"1230","99-1","Rural","40-59y","Male",5,"Semiskilled laborer",47,8,3,2,0,4.5,"Male","Rural","4-6","40-49y"
"1231","990-1","Urban","1-4y","Female",5,NA,3,16,0,0,0,4,"Female","Urban","4-6","<4y"
"1232","991-1","Urban","6-11mo","Male",5,"Child",0,14,0,0,0,3.5,"Male","Urban","4-6","<4y"
"1233","992-1","Urban","1-4y","Male",3,NA,2,8,0,0,0,2,"Male","Urban","0-3","<4y"
"1234","993-1","Urban","1-4y","Female",5,NA,3,4,0,0,0,1,"Female","Urban","4-6","<4y"
"1235","994-1","Urban","1-4y","Female",6,NA,3,10,0,0,0,2.5,"Female","Urban","4-6","<4y"
"1236","995-1","Urban","6-11mo","Male",3,"Child",1,12,0,0,0,3,"Male","Urban","0-3","<4y"
"1237","996-1","Urban","1-4y","Male",4,NA,4,10,0,0,0,2.5,"Male","Urban","4-6","<4y"
"1238","998-1","Urban","1-4y","Female",4,NA,4,16,0,0,0,4,"Female","Urban","4-6","<4y"
"1239","999-1","Urban","1-4y","Female",5,NA,3,6,0,0,0,1.5,"Female","Urban","4-6","<4y"
