"","rec_id","study_site","participant_age","participant_sex","age","occupation","hh_occupants","avg_daily_resp_contacts","avg_daily_ent_contacts","avg_unique_resp_contacts","avg_unique_ent_contacts","daily_resp_mean_outlier","daily_resp_q75_outlier","daily_resp_q90_outlier","daily_ent_mean_outlier","daily_ent_q75_outlier","daily_ent_q90_outlier","unique_resp_mean_outlier","unique_resp_q75_outlier","unique_resp_q90_outlier","unique_ent_mean_outlier","unique_ent_q75_outlier","unique_ent_q90_outlier","hhsize"
"1","1-1","Urban","60+y","Female",75,NA,4,6,6,3.5,3.5,0,0,0,0,0,0,1,1,0,1,1,0,"3-4"
"2","10-1","Urban","60+y","Male",72,NA,4,6.5,6,3,2.5,0,0,0,0,0,0,1,0,0,1,0,0,"3-4"
"3","100-1","Rural","40-59y","Male",41,NA,4,4,4.5,0.5,1,0,0,0,0,0,0,0,0,0,0,0,0,"3-4"
"4","1000-1","Urban","1-4y","Male",2,"Child",6,6,6,3,3,0,0,0,0,0,0,1,0,0,1,0,0,"5-6"
"5","1002-1","Urban","<6mo","Male",0,"Child",3,5,5,2.5,2.5,0,0,0,0,0,0,1,0,0,1,0,0,"3-4"
"6","1004-1","Rural","<6mo","Male",0,"Child",5,4,4,NA,NA,0,0,0,0,0,0,NA,NA,NA,NA,NA,NA,"5-6"
"7","1005-1","Rural","1-4y","Male",4,"Child",6,10,10.5,2.5,3,1,1,0,1,1,0,1,0,0,1,0,0,"5-6"
"8","1006-1","Rural","6-11mo","Male",1,"Child",6,5,5,NA,NA,0,0,0,0,0,0,NA,NA,NA,NA,NA,NA,"5-6"
"9","1007-1","Rural","1-4y","Male",2,"Child",6,5,7,1,2,0,0,0,1,0,0,0,0,0,0,0,0,"5-6"
"10","1008-1","Rural","1-4y","Female",3,"Child",3,9,9,3.5,3.5,1,1,0,1,1,0,1,1,0,1,1,0,"3-4"
"11","1009-1","Rural","1-4y","Male",2,"Child",NA,3.5,6,0.5,2,0,0,0,0,0,0,0,0,0,0,0,0,NA
"12","101-1","Rural","20-29y","Female",29,"Child",6,6.5,6.5,1.5,1.5,0,0,0,0,0,0,0,0,0,0,0,0,"5-6"
"13","1010-1","Rural","1-4y","Male",2,"Child",NA,5,6,1,2,0,0,0,0,0,0,0,0,0,0,0,0,NA
"14","1011-1","Rural","<6mo","Male",0,"Child",NA,3,3,3,3,0,0,0,0,0,0,1,0,0,1,0,0,NA
"15","1012-1","Rural","1-4y","Male",4,"Child",7,9.5,9.5,2.5,2.5,1,1,0,1,1,0,1,0,0,1,0,0,"7+"
"16","1013-1","Rural","1-4y","Female",3,"Child",8,5,5,2,2,0,0,0,0,0,0,0,0,0,0,0,0,"7+"
"17","1014-1","Rural","1-4y","Female",4,"Child",5,10,10,5.5,5.5,1,1,0,1,1,0,1,1,1,1,1,1,"5-6"
"18","1015-1","Urban","6-11mo","Female",0,"Child",4,4,4,0.5,0.5,0,0,0,0,0,0,0,0,0,0,0,0,"3-4"
"19","1016-1","Urban","1-4y","Female",1,"Child",6,3,3,1.5,1.5,0,0,0,0,0,0,0,0,0,0,0,0,"5-6"
"20","1017-1","Urban","6-11mo","Male",0,"Child",5,4,4,2,2,0,0,0,0,0,0,0,0,0,0,0,0,"5-6"
"21","1018-1","Urban","1-4y","Female",4,"Child",8,5,5,2,2,0,0,0,0,0,0,0,0,0,0,0,0,"7+"
"22","1019-1","Urban","6-11mo","Male",1,"Child",8,4,4,2,2,0,0,0,0,0,0,0,0,0,0,0,0,"7+"
"23","102-1","Rural","20-29y","Female",25,NA,6,6.5,7,1.5,2,0,0,0,1,0,0,0,0,0,0,0,0,"5-6"
"24","1020-1","Urban","60+y","Female",62,NA,5,8,8,2,2,1,0,0,1,0,0,0,0,0,0,0,0,"5-6"
"25","1022-1","Urban","1-4y","Male",3,"Child",5,8,8,2,2,1,0,0,1,0,0,0,0,0,0,0,0,"5-6"
"26","1023-1","Urban","30-39y","Male",33,NA,5,9,9,2.5,2.5,1,1,0,1,1,0,1,0,0,1,0,0,"5-6"
"27","1024-1","Urban","1-4y","Male",4,"Child",7,8,8,1,1,1,0,0,1,0,0,0,0,0,0,0,0,"7+"
"28","1025-1","Urban","1-4y","Male",2,"Child",7,8,8,1,1,1,0,0,1,0,0,0,0,0,0,0,0,"7+"
"29","1026-1","Urban","1-4y","Male",3,"Child",5,5,5,0.5,0.5,0,0,0,0,0,0,0,0,0,0,0,0,"5-6"
"30","1027-1","Urban","30-39y","Male",32,NA,7,10,10,2,2,1,1,0,1,1,0,0,0,0,0,0,0,"7+"
"31","1028-1","Urban","1-4y","Female",3,"Child",7,8,8,1,1,1,0,0,1,0,0,0,0,0,0,0,0,"7+"
"32","1029-1","Urban","30-39y","Female",33,NA,4,14,14,6,6,1,1,1,1,1,1,1,1,1,1,1,1,"3-4"
"33","103-2","Urban","<6mo","Female",0,"Child",4,7,8,2,3,1,0,0,1,0,0,0,0,0,1,0,0,"3-4"
"34","1030-1","Urban","1-4y","Female",2,"Child",4,9,9,3,3,1,1,0,1,1,0,1,0,0,1,0,0,"3-4"
"35","1031-1","Urban","1-4y","Female",3,"Child",5,8,7.5,2,2,1,0,0,1,0,0,0,0,0,0,0,0,"5-6"
"36","1032-1","Urban","1-4y","Male",4,"Child",5,8,8,2,2,1,0,0,1,0,0,0,0,0,0,0,0,"5-6"
"37","1033-1","Urban","5-9y","Male",8,"Student",4,13,13,5,5,1,1,1,1,1,1,1,1,1,1,1,1,"3-4"
"38","1034-1","Urban","20-29y","Male",25,NA,3,9,9,3.5,3.5,1,1,0,1,1,0,1,1,0,1,1,0,"3-4"
"39","1035-1","Urban","1-4y","Female",2,"Child",3,5.5,5.5,2,2,0,0,0,0,0,0,0,0,0,0,0,0,"3-4"
"40","1036-1","Urban","1-4y","Female",3,"Child",6,7,7,1.5,1.5,1,0,0,1,0,0,0,0,0,0,0,0,"5-6"
"41","1037-1","Urban","1-4y","Male",1,"Child",4,2.5,2,2,1.5,0,0,0,0,0,0,0,0,0,0,0,0,"3-4"
"42","1038-1","Urban","1-4y","Female",4,"Child",12,12.5,12.5,2,2,1,1,1,1,1,1,0,0,0,0,0,0,"7+"
"43","1039-1","Urban","6-11mo","Female",1,"Child",5,3.5,3.5,2,2,0,0,0,0,0,0,0,0,0,0,0,0,"5-6"
"44","1040-1","Urban","1-4y","Female",2,"Child",6,7.5,7.5,2,2,1,0,0,1,0,0,0,0,0,0,0,0,"5-6"
"45","1041-1","Urban","1-4y","Female",3,"Child",4,5.5,5.5,1.5,1.5,0,0,0,0,0,0,0,0,0,0,0,0,"3-4"
"46","1042-1","Urban","1-4y","Female",4,"Child",6,6,6,1,1,0,0,0,0,0,0,0,0,0,0,0,0,"5-6"
"47","1043-1","Urban","1-4y","Female",3,"Child",9,8.5,8.5,1.5,1.5,1,1,0,1,0,0,0,0,0,0,0,0,"7+"
"48","1044-1","Urban","1-4y","Male",4,"Child",9,9,7.5,1.5,0.5,1,1,0,1,0,0,0,0,0,0,0,0,"7+"
"49","1045-1","Urban","1-4y","Male",4,"Child",16,17.5,19,2.5,3,1,1,1,1,1,1,1,0,0,1,0,0,"7+"
"50","1046-1","Urban","1-4y","Male",3,"Child",4,5.5,6,3,3.5,0,0,0,0,0,0,1,0,0,1,1,0,"3-4"
"51","1047-1","Urban","1-4y","Female",4,"Child",7,2,2,1,1,0,0,0,0,0,0,0,0,0,0,0,0,"7+"
"52","1048-1","Urban","1-4y","Male",3,"Child",7,3.5,3.5,2,2,0,0,0,0,0,0,0,0,0,0,0,0,"7+"
"53","1049-1","Urban","<6mo","Male",0,"Child",6,5,5,0.5,0.5,0,0,0,0,0,0,0,0,0,0,0,0,"5-6"
"54","1050-1","Urban","20-29y","Male",23,NA,3,4,4,2,2,0,0,0,0,0,0,0,0,0,0,0,0,"3-4"
"55","1051-1","Urban","20-29y","Male",26,NA,4,6,6,1.5,1.5,0,0,0,0,0,0,0,0,0,0,0,0,"3-4"
"56","1052-1","Urban","<6mo","Male",0,"Child",4,7,7,3.5,3.5,1,0,0,1,0,0,1,1,0,1,1,0,"3-4"
"57","1053-1","Urban","20-29y","Male",29,NA,4,4,1,4,0.5,0,0,0,0,0,0,1,1,0,0,0,0,"3-4"
"58","1054-1","Rural","6-11mo","Female",1,"Child",NA,7,9,0.5,1.5,1,0,0,1,1,0,0,0,0,0,0,0,NA
"59","1055-1","Rural","6-11mo","Female",0,"Child",6,5,5,NA,NA,0,0,0,0,0,0,NA,NA,NA,NA,NA,NA,"5-6"
"60","1056-1","Rural","<6mo","Male",0,"Child",NA,7,8.5,1.5,2.5,1,0,0,1,0,0,0,0,0,1,0,0,NA
"61","1057-1","Urban","20-29y","Male",21,NA,4,8,8,2.5,2.5,1,0,0,1,0,0,1,0,0,1,0,0,"3-4"
"62","1058-1","Rural","6-11mo","Female",0,"Child",4,3,3,NA,NA,0,0,0,0,0,0,NA,NA,NA,NA,NA,NA,"3-4"
"63","1059-1","Rural","<6mo","Male",0,"Child",5,6,6,1,1,0,0,0,0,0,0,0,0,0,0,0,0,"5-6"
"64","106-1","Rural","40-59y","Female",45,NA,4,9,8.5,4.5,4,1,1,0,1,0,0,1,1,1,1,1,0,"3-4"
"65","1060-1","Urban","60+y","Male",66,NA,5,4.5,4.5,0.5,0.5,0,0,0,0,0,0,0,0,0,0,0,0,"5-6"
"66","1061-1","Urban","40-59y","Male",41,NA,5,6.5,6,1.5,1.5,0,0,0,0,0,0,0,0,0,0,0,0,"5-6"
"67","1062-1","Urban","30-39y","Male",31,NA,6,5,5,0.5,0.5,0,0,0,0,0,0,0,0,0,0,0,0,"5-6"
"68","1063-1","Urban","60+y","Male",73,NA,2,1.5,1.5,0.5,0.5,0,0,0,0,0,0,0,0,0,0,0,0,"1-2"
"69","1064-1","Urban","15-19y","Female",16,"Student",5,9.5,9.5,3,3,1,1,0,1,1,0,1,0,0,1,0,0,"5-6"
"70","1065-1","Urban","15-19y","Female",18,NA,3,7,7,3,3,1,0,0,1,0,0,1,0,0,1,0,0,"3-4"
"71","1066-1","Urban","40-59y","Male",41,NA,8,6.5,7,1,1,0,0,0,1,0,0,0,0,0,0,0,0,"7+"
"72","1067-1","Urban","40-59y","Male",48,NA,4,3.5,3.5,0.5,0.5,0,0,0,0,0,0,0,0,0,0,0,0,"3-4"
"73","1068-1","Urban","40-59y","Male",49,NA,5,5,4.5,0.5,0.5,0,0,0,0,0,0,0,0,0,0,0,0,"5-6"
"74","1069-1","Urban","40-59y","Male",46,NA,6,10.5,10.5,3.5,3.5,1,1,1,1,1,0,1,1,0,1,1,0,"5-6"
"75","107-1","Rural","40-59y","Female",53,"Child",7,8.5,8.5,2,2,1,1,0,1,0,0,0,0,0,0,0,0,"7+"
"76","1070-1","Urban","40-59y","Male",60,NA,6,5,5,1.5,1.5,0,0,0,0,0,0,0,0,0,0,0,0,"5-6"
"77","1071-1","Urban","30-39y","Male",36,NA,5,8,7,2.5,1.5,1,0,0,1,0,0,1,0,0,0,0,0,"5-6"
"78","1072-1","Urban","30-39y","Male",38,NA,5,6.5,4.5,2,0.5,0,0,0,0,0,0,0,0,0,0,0,0,"5-6"
"79","1073-1","Rural","<6mo","Female",0,"Child",NA,1,1,0.5,0.5,0,0,0,0,0,0,0,0,0,0,0,0,NA
"80","1074-1","Rural","<6mo","Male",0,"Child",NA,1.5,1.5,1,1,0,0,0,0,0,0,0,0,0,0,0,0,NA
"81","1075-1","Rural","<6mo","Female",0,"Child",NA,2.5,2.5,1,1,0,0,0,0,0,0,0,0,0,0,0,0,NA
"82","1076-1","Urban","6-11mo","Female",1,"Child",4,6.5,7,3,3.5,0,0,0,1,0,0,1,0,0,1,1,0,"3-4"
"83","1077-1","Urban","6-11mo","Male",1,"Child",5,2,2,1,1,0,0,0,0,0,0,0,0,0,0,0,0,"5-6"
"84","1078-1","Urban","6-11mo","Female",1,"Child",5,2,2,1,1,0,0,0,0,0,0,0,0,0,0,0,0,"5-6"
"85","1079-1","Urban","6-11mo","Female",1,"Child",6,6,6,0.5,0.5,0,0,0,0,0,0,0,0,0,0,0,0,"5-6"
"86","108-1","Rural","40-59y","Male",54,NA,5,3.5,3,0.5,NA,0,0,0,0,0,0,0,0,0,NA,NA,NA,"5-6"
"87","108-2","Urban","<6mo","Male",0,"Child",3,7.5,8,3,3,1,0,0,1,0,0,1,0,0,1,0,0,"3-4"
"88","1080-1","Urban","6-11mo","Female",1,"Child",3,9,9,4.5,4.5,1,1,0,1,1,0,1,1,1,1,1,0,"3-4"
"89","1081-1","Rural","6-11mo","Male",1,"Child",NA,1,1,0.5,0.5,0,0,0,0,0,0,0,0,0,0,0,0,NA
"90","1083-1","Rural","6-11mo","Female",1,"Child",NA,2,2,1,1,0,0,0,0,0,0,0,0,0,0,0,0,NA
"91","1085-1","Rural","6-11mo","Male",0,"Child",7,4,4,2,2,0,0,0,0,0,0,0,0,0,0,0,0,"7+"
"92","1087-1","Urban","6-11mo","Male",1,"Child",4,4,4,2,2,0,0,0,0,0,0,0,0,0,0,0,0,"3-4"
"93","1088-1","Urban","15-19y","Male",20,NA,4,4,4,2,2,0,0,0,0,0,0,0,0,0,0,0,0,"3-4"
"94","1089-1","Urban","6-11mo","Female",0,"Child",6,5,5,NA,NA,0,0,0,0,0,0,NA,NA,NA,NA,NA,NA,"5-6"
"95","109-1","Rural","20-29y","Female",23,NA,4,9,9,4,4,1,1,0,1,1,0,1,1,0,1,1,0,"3-4"
"96","1090-1","Rural","6-11mo","Female",0,"Child",NA,1,1,0,0.5,0,0,0,0,0,0,0,0,0,0,0,0,NA
"97","1091-1","Rural","6-11mo","Male",1,"Child",4,4,5,2,2.5,0,0,0,0,0,0,0,0,0,1,0,0,"3-4"
"98","1092-1","Rural","6-11mo","Female",1,"Child",5,1,1,0.5,0.5,0,0,0,0,0,0,0,0,0,0,0,0,"5-6"
"99","1093-1","Rural","6-11mo","Male",0,"Child",NA,1.5,1.5,1,1,0,0,0,0,0,0,0,0,0,0,0,0,NA
"100","1094-1","Rural","6-11mo","Male",1,"Child",NA,1,1,0.5,0.5,0,0,0,0,0,0,0,0,0,0,0,0,NA
"101","1095-1","Rural","6-11mo","Male",1,"Child",NA,1,1,0.5,0.5,0,0,0,0,0,0,0,0,0,0,0,0,NA
"102","1096-1","Rural","6-11mo","Female",1,"Child",NA,1,1,0.5,0.5,0,0,0,0,0,0,0,0,0,0,0,0,NA
"103","1098-1","Rural","6-11mo","Female",0,"Child",NA,2.5,2.5,2,2,0,0,0,0,0,0,0,0,0,0,0,0,NA
"104","1099-1","Rural","6-11mo","Male",1,"Child",6,2.5,3,2,2.5,0,0,0,0,0,0,0,0,0,1,0,0,"5-6"
"105","11-1","Urban","60+y","Male",72,NA,5,4.5,5,0,0.5,0,0,0,0,0,0,0,0,0,0,0,0,"5-6"
"106","110-1","Rural","20-29y","Male",23,NA,6,8,8,1.5,1.5,1,0,0,1,0,0,0,0,0,0,0,0,"5-6"
"107","1101-1","Rural","6-11mo","Male",1,"Child",8,1,1,0.5,0.5,0,0,0,0,0,0,0,0,0,0,0,0,"7+"
"108","1102-1","Rural","6-11mo","Female",0,"Child",5,2,3,1.5,2.5,0,0,0,0,0,0,0,0,0,1,0,0,"5-6"
"109","1103-1","Rural","6-11mo","Female",1,"Child",5,8,8,4,4,1,0,0,1,0,0,1,1,0,1,1,0,"5-6"
"110","1104-1","Rural","6-11mo","Female",1,"Child",NA,2,2,1,1,0,0,0,0,0,0,0,0,0,0,0,0,NA
"111","1105-1","Rural","6-11mo","Female",1,"Child",NA,2,2,1,1,0,0,0,0,0,0,0,0,0,0,0,0,NA
"112","1106-1","Rural","6-11mo","Female",1,"Child",NA,2,2,1,2,0,0,0,0,0,0,0,0,0,0,0,0,NA
"113","1107-1","Rural","6-11mo","Male",1,"Child",7,2,2,1,1,0,0,0,0,0,0,0,0,0,0,0,0,"7+"
"114","1108-1","Rural","6-11mo","Female",1,"Child",NA,1,1,0.5,0.5,0,0,0,0,0,0,0,0,0,0,0,0,NA
"115","1109-1","Rural","6-11mo","Female",0,"Child",5,3,5,1.5,2.5,0,0,0,0,0,0,0,0,0,1,0,0,"5-6"
"116","111-1","Rural","40-59y","Female",51,"Child",7,6,6,0.5,0.5,0,0,0,0,0,0,0,0,0,0,0,0,"7+"
"117","111-2","Urban","1-4y","Female",2,"Child",3,8.5,9,5.5,6,1,1,0,1,1,0,1,1,1,1,1,1,"3-4"
"118","1110-1","Rural","6-11mo","Female",0,"Child",4,2,2,1,1,0,0,0,0,0,0,0,0,0,0,0,0,"3-4"
"119","1111-1","Urban","20-29y","Female",22,"Child",4,4,4,2,2,0,0,0,0,0,0,0,0,0,0,0,0,"3-4"
"120","1112-1","Urban","20-29y","Female",26,NA,5,6,6,3,3,0,0,0,0,0,0,1,0,0,1,0,0,"5-6"
"121","112-1","Rural","40-59y","Female",50,NA,2,5,1.5,2,0,0,0,0,0,0,0,0,0,0,0,0,0,"1-2"
"122","113-1","Rural","40-59y","Male",53,NA,4,3,3,NA,NA,0,0,0,0,0,0,NA,NA,NA,NA,NA,NA,"3-4"
"123","114-1","Rural","40-59y","Male",58,NA,2,3,3,1,1,0,0,0,0,0,0,0,0,0,0,0,0,"1-2"
"124","115-1","Urban","30-39y","Male",36,NA,4,4,3.5,1,0.5,0,0,0,0,0,0,0,0,0,0,0,0,"3-4"
"125","116-1","Urban","30-39y","Female",35,"Child",4,6,4,1.5,0.5,0,0,0,0,0,0,0,0,0,0,0,0,"3-4"
"126","117-1","Urban","30-39y","Female",37,"Child",5,5.5,5.5,1,1,0,0,0,0,0,0,0,0,0,0,0,0,"5-6"
"127","117-2","Urban","<6mo","Male",0,"Child",7,7,7.5,1,1.5,1,0,0,1,0,0,0,0,0,0,0,0,"7+"
"128","118-1","Urban","30-39y","Male",36,NA,7,5,5,NA,NA,0,0,0,0,0,0,NA,NA,NA,NA,NA,NA,"7+"
"129","119-1","Urban","30-39y","Male",36,NA,4,3.5,3.5,0.5,0.5,0,0,0,0,0,0,0,0,0,0,0,0,"3-4"
"130","119-2","Urban","1-4y","Female",1,"Child",5,5.5,6,1,1,0,0,0,0,0,0,0,0,0,0,0,0,"5-6"
"131","12-1","Urban","60+y","Female",60,NA,2,2,3.5,1,1,0,0,0,0,0,0,0,0,0,0,0,0,"1-2"
"132","121-1","Urban","40-59y","Female",43,"Child",4,4,4,1,1,0,0,0,0,0,0,0,0,0,0,0,0,"3-4"
"133","122-1","Urban","30-39y","Female",32,"Child",5,8,7,3,2.5,1,0,0,1,0,0,1,0,0,1,0,0,"5-6"
"134","123-1","Urban","30-39y","Female",35,NA,9,5.5,5.5,NA,NA,0,0,0,0,0,0,NA,NA,NA,NA,NA,NA,"7+"
"135","124-1","Rural","40-59y","Male",41,NA,4,4,2,2,NA,0,0,0,0,0,0,0,0,0,NA,NA,NA,"3-4"
"136","124-2","Urban","6-11mo","Male",1,"Child",6,5.5,8.5,1,2.5,0,0,0,1,0,0,0,0,0,1,0,0,"5-6"
"137","125-1","Rural","30-39y","Male",33,NA,3,2,2,NA,NA,0,0,0,0,0,0,NA,NA,NA,NA,NA,NA,"3-4"
"138","125-2","Urban","6-11mo","Male",1,"Child",5,6,6.5,1.5,2,0,0,0,0,0,0,0,0,0,0,0,0,"5-6"
"139","126-1","Rural","30-39y","Female",37,NA,6,2.5,NA,1.5,NA,0,0,0,NA,NA,NA,0,0,0,NA,NA,NA,"5-6"
"140","127-1","Rural","30-39y","Male",34,NA,2,7,1,4,NA,1,0,0,0,0,0,1,1,0,NA,NA,NA,"1-2"
"141","128-1","Rural","30-39y","Female",36,"Child",10,9,9,NA,NA,1,1,0,1,1,0,NA,NA,NA,NA,NA,NA,"7+"
"142","129-1","Rural","30-39y","Female",31,"Child",5,2,3.5,NA,1.5,0,0,0,0,0,0,NA,NA,NA,0,0,0,"5-6"
"143","129-2","Urban","1-4y","Male",4,"Child",5,8,8,2.5,2.5,1,0,0,1,0,0,1,0,0,1,0,0,"5-6"
"144","13-1","Urban","60+y","Female",63,"Child",5,6.5,6.5,1.5,1.5,0,0,0,0,0,0,0,0,0,0,0,0,"5-6"
"145","130-1","Rural","60+y","Female",72,NA,2,1,2,NA,1,0,0,0,0,0,0,NA,NA,NA,0,0,0,"1-2"
"146","131-1","Rural","40-59y","Male",49,NA,4,6.5,7.5,3,3.5,0,0,0,1,0,0,1,0,0,1,1,0,"3-4"
"147","132-1","Rural","40-59y","Male",56,NA,6,5,5,0.5,NA,0,0,0,0,0,0,0,0,0,NA,NA,NA,"5-6"
"148","133-1","Rural","40-59y","Female",58,NA,4,5,3,1,NA,0,0,0,0,0,0,0,0,0,NA,NA,NA,"3-4"
"149","133-2","Urban","<6mo","Female",0,"Child",5,7,7,2,2,1,0,0,1,0,0,0,0,0,0,0,0,"5-6"
"150","134-1","Rural","20-29y","Male",22,NA,5,6,4.5,1.5,0.5,0,0,0,0,0,0,0,0,0,0,0,0,"5-6"
"151","135-1","Rural","20-29y","Male",27,NA,3,3,2.5,1,0.5,0,0,0,0,0,0,0,0,0,0,0,0,"3-4"
"152","136-1","Rural","20-29y","Male",25,NA,4,2,5.5,NA,3,0,0,0,0,0,0,NA,NA,NA,1,0,0,"3-4"
"153","137-1","Rural","20-29y","Male",21,NA,6,5,4.5,0.5,0,0,0,0,0,0,0,0,0,0,0,0,0,"5-6"
"154","138-1","Rural","20-29y","Female",28,"Child",6,8,5,1.5,NA,1,0,0,0,0,0,0,0,0,NA,NA,NA,"5-6"
"155","138-2","Rural","<6mo","Female",0,"Child",NA,9.5,9.5,3.5,3.5,1,1,0,1,1,0,1,1,0,1,1,0,NA
"156","139-1","Urban","40-59y","Female",48,NA,6,8.5,6,3,1.5,1,1,0,0,0,0,1,0,0,0,0,0,"5-6"
"157","14-1","Urban","60+y","Male",66,NA,3,2.5,2,0.5,NA,0,0,0,0,0,0,0,0,0,NA,NA,NA,"3-4"
"158","140-1","Urban","40-59y","Male",57,NA,7,8.5,8.5,1.5,2,1,1,0,1,0,0,0,0,0,0,0,0,"7+"
"159","141-1","Urban","40-59y","Female",49,"Retired",1,2.5,2.5,1.5,1.5,0,0,0,0,0,0,0,0,0,0,0,0,"1-2"
"160","142-1","Urban","40-59y","Female",49,"Child",5,4.5,4.5,0.5,0.5,0,0,0,0,0,0,0,0,0,0,0,0,"5-6"
"161","143-1","Urban","40-59y","Female",44,NA,3,7.5,7,4.5,4,1,0,0,1,0,0,1,1,1,1,1,0,"3-4"
"162","144-1","Urban","40-59y","Male",50,NA,5,8,9,2.5,2.5,1,0,0,1,1,0,1,0,0,1,0,0,"5-6"
"163","145-1","Urban","40-59y","Female",41,"Child",5,6.5,6,1.5,1.5,0,0,0,0,0,0,0,0,0,0,0,0,"5-6"
"164","146-1","Urban","40-59y","Male",45,NA,4,5.5,5.5,1.5,1.5,0,0,0,0,0,0,0,0,0,0,0,0,"3-4"
"165","147-1","Urban","40-59y","Female",58,"Child",6,6.5,6.5,1,1,0,0,0,0,0,0,0,0,0,0,0,0,"5-6"
"166","147-2","Rural","<6mo","Female",0,"Child",7,6.5,6.5,1,1,0,0,0,0,0,0,0,0,0,0,0,0,"7+"
"167","148-1","Urban","40-59y","Female",46,"Child",3,6,6,2.5,2.5,0,0,0,0,0,0,1,0,0,1,0,0,"3-4"
"168","149-1","Urban","40-59y","Female",59,NA,6,8,6.5,2,1,1,0,0,0,0,0,0,0,0,0,0,0,"5-6"
"169","15-1","Urban","60+y","Female",70,NA,5,5.5,5.5,1,1,0,0,0,0,0,0,0,0,0,0,0,0,"5-6"
"170","150-1","Urban","40-59y","Female",48,"Child",6,5,5,NA,NA,0,0,0,0,0,0,NA,NA,NA,NA,NA,NA,"5-6"
"171","151-1","Urban","40-59y","Female",53,"Child",2,2.5,2.5,1,1,0,0,0,0,0,0,0,0,0,0,0,0,"1-2"
"172","152-1","Urban","40-59y","Female",42,NA,1,4,4,2,2,0,0,0,0,0,0,0,0,0,0,0,0,"1-2"
"173","153-1","Urban","40-59y","Female",55,"Child",2,2.5,1,1,NA,0,0,0,0,0,0,0,0,0,NA,NA,NA,"1-2"
"174","154-1","Urban","40-59y","Female",50,NA,5,8.5,8.5,3.5,3.5,1,1,0,1,0,0,1,1,0,1,1,0,"5-6"
"175","154-2","Urban","<6mo","Male",0,"Child",5,4.5,6.5,1,2,0,0,0,0,0,0,0,0,0,0,0,0,"5-6"
"176","155-1","Urban","40-59y","Female",40,"Child",3,3.5,2.5,1,0.5,0,0,0,0,0,0,0,0,0,0,0,0,"3-4"
"177","156-1","Urban","40-59y","Female",55,NA,3,3,3,1,1,0,0,0,0,0,0,0,0,0,0,0,0,"3-4"
"178","157-1","Urban","40-59y","Female",50,"Child",5,5,6,1,2,0,0,0,0,0,0,0,0,0,0,0,0,"5-6"
"179","157-2","Rural","<6mo","Female",0,"Child",4,4,4,1,1,0,0,0,0,0,0,0,0,0,0,0,0,"3-4"
"180","158-1","Urban","40-59y","Female",47,"Child",4,5,4.5,1.5,1,0,0,0,0,0,0,0,0,0,0,0,0,"3-4"
"181","159-1","Urban","40-59y","Female",57,NA,1,2,2,1,1,0,0,0,0,0,0,0,0,0,0,0,0,"1-2"
"182","16-1","Urban","60+y","Male",60,NA,2,7.5,6.5,3.5,3,1,0,0,0,0,0,1,1,0,1,0,0,"1-2"
"183","160-1","Urban","40-59y","Male",46,NA,5,5,5,0.5,0.5,0,0,0,0,0,0,0,0,0,0,0,0,"5-6"
"184","161-1","Urban","40-59y","Female",56,"Child",2,2,1.5,0.5,0,0,0,0,0,0,0,0,0,0,0,0,0,"1-2"
"185","161-2","Rural","<6mo","Male",0,"Child",8,3,3,NA,NA,0,0,0,0,0,0,NA,NA,NA,NA,NA,NA,"7+"
"186","162-1","Rural","20-29y","Female",28,NA,8,8.5,8.5,4,4,1,1,0,1,0,0,1,1,0,1,1,0,"7+"
"187","163-1","Rural","20-29y","Female",26,"Child",7,7.5,7.5,1.5,1.5,1,0,0,1,0,0,0,0,0,0,0,0,"7+"
"188","164-1","Rural","20-29y","Female",24,NA,5,8,8,2,2,1,0,0,1,0,0,0,0,0,0,0,0,"5-6"
"189","165-1","Rural","20-29y","Female",28,"Child",5,7,8,2.5,3.5,1,0,0,1,0,0,1,0,0,1,1,0,"5-6"
"190","168-2","Urban","6-11mo","Female",1,"Child",4,5,6.5,1.5,2,0,0,0,0,0,0,0,0,0,0,0,0,"3-4"
"191","17-1","Rural","60+y","Female",71,NA,6,6.5,5.5,1.5,0.5,0,0,0,0,0,0,0,0,0,0,0,0,"5-6"
"192","17-2","Rural","<6mo","Female",0,"Child",5,3.5,4.5,1,2,0,0,0,0,0,0,0,0,0,0,0,0,"5-6"
"193","171-1","Rural","40-59y","Female",52,NA,3,2,2,NA,NA,0,0,0,0,0,0,NA,NA,NA,NA,NA,NA,"3-4"
"194","172-1","Rural","40-59y","Male",52,NA,7,7.5,6,1,NA,1,0,0,0,0,0,0,0,0,NA,NA,NA,"7+"
"195","172-2","Rural","<6mo","Male",0,"Child",6,6,6,1,1,0,0,0,0,0,0,0,0,0,0,0,0,"5-6"
"196","173-1","Rural","40-59y","Female",41,"Child",3,6,6.5,2.5,2.5,0,0,0,0,0,0,1,0,0,1,0,0,"3-4"
"197","174-1","Rural","40-59y","Male",42,NA,5,5,4,0.5,NA,0,0,0,0,0,0,0,0,0,NA,NA,NA,"5-6"
"198","175-1","Rural","40-59y","Male",50,NA,4,4.5,6,1,2.5,0,0,0,0,0,0,0,0,0,1,0,0,"3-4"
"199","176-1","Rural","40-59y","Male",52,NA,5,6.5,5,2,1,0,0,0,0,0,0,0,0,0,0,0,0,"5-6"
"200","177-1","Rural","40-59y","Female",57,"Child",6,6,6,0.5,0.5,0,0,0,0,0,0,0,0,0,0,0,0,"5-6"
"201","178-1","Rural","20-29y","Female",21,"Child",4,5,6.5,1,2,0,0,0,0,0,0,0,0,0,0,0,0,"3-4"
"202","179-1","Urban","40-59y","Male",40,NA,3,7,5.5,2.5,2,1,0,0,0,0,0,1,0,0,0,0,0,"3-4"
"203","18-1","Rural","60+y","Female",69,NA,5,9,9,5,5,1,1,0,1,1,0,1,1,1,1,1,1,"5-6"
"204","180-1","Urban","40-59y","Male",49,NA,2,5.5,5.5,2,2,0,0,0,0,0,0,0,0,0,0,0,0,"1-2"
"205","181-1","Urban","40-59y","Female",53,NA,5,5,4.5,0.5,0.5,0,0,0,0,0,0,0,0,0,0,0,0,"5-6"
"206","181-2","Urban","6-11mo","Male",1,"Child",NA,7.5,7.5,1.5,1.5,1,0,0,1,0,0,0,0,0,0,0,0,NA
"207","182-1","Rural","30-39y","Female",34,"Child",4,5.5,3,1,NA,0,0,0,0,0,0,0,0,0,NA,NA,NA,"3-4"
"208","183-1","Rural","30-39y","Male",36,NA,4,4,NA,4,NA,0,0,0,NA,NA,NA,1,1,0,NA,NA,NA,"3-4"
"209","184-1","Rural","30-39y","Male",38,NA,5,7,2.5,3.5,1,1,0,0,0,0,0,1,1,0,0,0,0,"5-6"
"210","185-1","Rural","30-39y","Male",32,NA,7,5.5,6.5,NA,1,0,0,0,0,0,0,NA,NA,NA,0,0,0,"7+"
"211","186-1","Rural","30-39y","Female",37,NA,4,3,3,NA,NA,0,0,0,0,0,0,NA,NA,NA,NA,NA,NA,"3-4"
"212","186-2","Urban","<6mo","Male",0,"Child",4,4,4.5,0.5,1,0,0,0,0,0,0,0,0,0,0,0,0,"3-4"
"213","187-1","Rural","40-59y","Male",40,NA,5,6.5,8,2,3.5,0,0,0,1,0,0,0,0,0,1,1,0,"5-6"
"214","188-1","Rural","30-39y","Male",35,NA,5,4,4,NA,NA,0,0,0,0,0,0,NA,NA,NA,NA,NA,NA,"5-6"
"215","189-2","Rural","<6mo","Female",0,"Child",NA,6,6.5,1.5,2,0,0,0,0,0,0,0,0,0,0,0,0,NA
"216","19-1","Rural","60+y","Female",85,NA,5,3,7,NA,4,0,0,0,1,0,0,NA,NA,NA,1,1,0,"5-6"
"217","19-2","Rural","6-11mo","Male",1,"Child",6,6.5,6.5,2,2,0,0,0,0,0,0,0,0,0,0,0,0,"5-6"
"218","190-1","Urban","40-59y","Male",41,NA,5,5,4.5,1,0.5,0,0,0,0,0,0,0,0,0,0,0,0,"5-6"
"219","191-1","Urban","30-39y","Female",35,"Child",4,4.5,4,1,0.5,0,0,0,0,0,0,0,0,0,0,0,0,"3-4"
"220","192-1","Urban","30-39y","Female",35,"Child",3,7,6.5,3,3,1,0,0,0,0,0,1,0,0,1,0,0,"3-4"
"221","194-1","Urban","30-39y","Male",35,NA,4,5,5,2,2,0,0,0,0,0,0,0,0,0,0,0,0,"3-4"
"222","196-1","Urban","30-39y","Female",31,NA,4,4.5,4,1.5,1,0,0,0,0,0,0,0,0,0,0,0,0,"3-4"
"223","197-1","Rural","20-29y","Male",26,NA,4,6,6,1.5,1.5,0,0,0,0,0,0,0,0,0,0,0,0,"3-4"
"224","198-1","Rural","20-29y","Male",20,NA,4,3,4,0.5,1.5,0,0,0,0,0,0,0,0,0,0,0,0,"3-4"
"225","199-1","Rural","60+y","Female",75,"Child",5,6,6,1,1,0,0,0,0,0,0,0,0,0,0,0,0,"5-6"
"226","199-2","Urban","6-11mo","Male",1,"Child",5,5.5,5.5,1,1,0,0,0,0,0,0,0,0,0,0,0,0,"5-6"
"227","2-1","Urban","60+y","Female",75,NA,7,6.5,7,2,2.5,0,0,0,1,0,0,0,0,0,1,0,0,"7+"
"228","20-1","Rural","40-59y","Female",57,NA,1,5,4.5,2.5,4.5,0,0,0,0,0,0,1,0,0,1,1,0,"1-2"
"229","200-1","Rural","40-59y","Female",52,NA,6,5.5,5,0.5,NA,0,0,0,0,0,0,0,0,0,NA,NA,NA,"5-6"
"230","201-1","Rural","40-59y","Male",50,NA,4,6,6,1.5,1.5,0,0,0,0,0,0,0,0,0,0,0,0,"3-4"
"231","202-1","Rural","40-59y","Male",53,NA,3,3.5,3,1,0.5,0,0,0,0,0,0,0,0,0,0,0,0,"3-4"
"232","203-1","Rural","40-59y","Female",53,NA,5,8,8,2,2,1,0,0,1,0,0,0,0,0,0,0,0,"5-6"
"233","204-1","Rural","40-59y","Female",51,"Child",4,2.5,4,0.5,0.5,0,0,0,0,0,0,0,0,0,0,0,0,"3-4"
"234","205-1","Rural","20-29y","Female",29,"Child",6,5.5,4.5,1.5,0.5,0,0,0,0,0,0,0,0,0,0,0,0,"5-6"
"235","206-1","Rural","30-39y","Female",36,NA,4,3,3,NA,NA,0,0,0,0,0,0,NA,NA,NA,NA,NA,NA,"3-4"
"236","206-2","Urban","1-4y","Female",2,"Child",4,7,10,2,3.5,1,0,0,1,1,0,0,0,0,1,1,0,"3-4"
"237","207-1","Rural","30-39y","Female",36,NA,5,6,6,1,1,0,0,0,0,0,0,0,0,0,0,0,0,"5-6"
"238","207-2","Urban","<6mo","Female",0,"Child",5,5.5,5.5,1,1,0,0,0,0,0,0,0,0,0,0,0,0,"5-6"
"239","208-1","Rural","20-29y","Male",20,"Student",5,8.5,8,2.5,2,1,1,0,1,0,0,1,0,0,0,0,0,"5-6"
"240","209-1","Rural","20-29y","Male",30,NA,3,4,4,1,1,0,0,0,0,0,0,0,0,0,0,0,0,"3-4"
"241","21-1","Rural","60+y","Female",73,NA,3,7.5,2,3,NA,1,0,0,0,0,0,1,0,0,NA,NA,NA,"3-4"
"242","210-1","Rural","20-29y","Male",20,NA,5,10,10,3,3.5,1,1,0,1,1,0,1,0,0,1,1,0,"5-6"
"243","210-2","Rural","6-11mo","Male",1,"Child",5,4.5,5,0.5,1,0,0,0,0,0,0,0,0,0,0,0,0,"5-6"
"244","211-1","Urban","30-39y","Female",34,"Child",4,5.5,5,2.5,2,0,0,0,0,0,0,1,0,0,0,0,0,"3-4"
"245","212-1","Urban","30-39y","Male",34,NA,3,4.5,3.5,2,1,0,0,0,0,0,0,0,0,0,0,0,0,"3-4"
"246","213-1","Urban","30-39y","Male",39,NA,3,2,2,NA,NA,0,0,0,0,0,0,NA,NA,NA,NA,NA,NA,"3-4"
"247","214-1","Urban","40-59y","Male",52,NA,4,7,5.5,2.5,1.5,1,0,0,0,0,0,1,0,0,0,0,0,"3-4"
"248","214-2","Urban","1-4y","Male",2,"Child",4,4.5,7.5,1,3,0,0,0,1,0,0,0,0,0,1,0,0,"3-4"
"249","215-1","Urban","40-59y","Female",52,NA,2,3,3,1.5,1.5,0,0,0,0,0,0,0,0,0,0,0,0,"1-2"
"250","216-1","Urban","40-59y","Female",48,NA,3,11,12.5,5.5,6,1,1,1,1,1,1,1,1,1,1,1,1,"3-4"
"251","217-1","Rural","60+y","Female",60,NA,1,9,6,5.5,1.5,1,1,0,0,0,0,1,1,1,0,0,0,"1-2"
"252","217-2","Urban","<6mo","Female",0,"Child",5,5.5,5.5,1,1,0,0,0,0,0,0,0,0,0,0,0,0,"5-6"
"253","218-1","Rural","60+y","Female",72,NA,2,4,9,1.5,5,0,0,0,1,1,0,0,0,0,1,1,1,"1-2"
"254","218-2","Rural","1-4y","Female",4,"Child",NA,7,7,3,3,1,0,0,1,0,0,1,0,0,1,0,0,NA
"255","219-1","Rural","60+y","Female",77,"Child",4,3,2.5,0.5,0,0,0,0,0,0,0,0,0,0,0,0,0,"3-4"
"256","22-1","Rural","60+y","Male",66,NA,7,5,5,NA,NA,0,0,0,0,0,0,NA,NA,NA,NA,NA,NA,"7+"
"257","220-1","Rural","60+y","Female",67,NA,1,10,9.5,8,7.5,1,1,0,1,1,0,1,1,1,1,1,1,"1-2"
"258","221-1","Rural","60+y","Female",64,"Child",1,3,3,2,2,0,0,0,0,0,0,0,0,0,0,0,0,"1-2"
"259","222-1","Rural","40-59y","Female",49,NA,4,4,4,0.5,0.5,0,0,0,0,0,0,0,0,0,0,0,0,"3-4"
"260","222-2","Rural","1-4y","Male",2,"Child",4,3.5,5,1.5,3,0,0,0,0,0,0,0,0,0,1,0,0,"3-4"
"261","223-1","Rural","40-59y","Male",41,NA,6,5,5,NA,NA,0,0,0,0,0,0,NA,NA,NA,NA,NA,NA,"5-6"
"262","224-1","Rural","40-59y","Female",59,"Child",7,6,6,NA,NA,0,0,0,0,0,0,NA,NA,NA,NA,NA,NA,"7+"
"263","225-1","Rural","40-59y","Female",42,NA,4,5,5.5,2,2.5,0,0,0,0,0,0,0,0,0,1,0,0,"3-4"
"264","226-1","Rural","60+y","Male",80,"Retired",2,2,2,0.5,0.5,0,0,0,0,0,0,0,0,0,0,0,0,"1-2"
"265","228-1","Rural","60+y","Male",68,NA,4,5.5,5.5,2,2,0,0,0,0,0,0,0,0,0,0,0,0,"3-4"
"266","229-1","Rural","60+y","Male",61,NA,6,7,7,2,2,1,0,0,1,0,0,0,0,0,0,0,0,"5-6"
"267","229-2","Rural","1-4y","Male",1,"Child",NA,4,4,NA,NA,0,0,0,0,0,0,NA,NA,NA,NA,NA,NA,NA
"268","230-1","Rural","60+y","Male",65,NA,2,1.5,1,0.5,NA,0,0,0,0,0,0,0,0,0,NA,NA,NA,"1-2"
"269","231-1","Rural","40-59y","Male",59,NA,3,2,2,NA,NA,0,0,0,0,0,0,NA,NA,NA,NA,NA,NA,"3-4"
"270","232-1","Urban","30-39y","Male",32,NA,2,4,4,1.5,1.5,0,0,0,0,0,0,0,0,0,0,0,0,"1-2"
"271","233-1","Urban","30-39y","Female",30,NA,2,3,3,1.5,1.5,0,0,0,0,0,0,0,0,0,0,0,0,"1-2"
"272","234-1","Urban","30-39y","Female",39,"Child",4,3.5,2.5,1,0.5,0,0,0,0,0,0,0,0,0,0,0,0,"3-4"
"273","234-2","Urban","6-11mo","Female",0,"Child",4,7.5,7,3.5,3,1,0,0,1,0,0,1,1,0,1,0,0,"3-4"
"274","235-1","Urban","30-39y","Female",33,"Child",4,4.5,4.5,1.5,1.5,0,0,0,0,0,0,0,0,0,0,0,0,"3-4"
"275","237-1","Rural","40-59y","Female",41,"Child",4,4,3,0.5,NA,0,0,0,0,0,0,0,0,0,NA,NA,NA,"3-4"
"276","237-2","Urban","<6mo","Male",0,"Child",3,4,5.5,1.5,2.5,0,0,0,0,0,0,0,0,0,1,0,0,"3-4"
"277","238-1","Rural","40-59y","Female",50,"Child",2,2,2,0.5,0.5,0,0,0,0,0,0,0,0,0,0,0,0,"1-2"
"278","239-1","Rural","60+y","Female",87,"Child",1,2,1,1,0.5,0,0,0,0,0,0,0,0,0,0,0,0,"1-2"
"279","239-2","Rural","1-4y","Female",2,"Child",NA,3,4.5,NA,1.5,0,0,0,0,0,0,NA,NA,NA,0,0,0,NA
"280","24-1","Urban","60+y","Female",75,NA,5,6.5,6.5,1.5,1.5,0,0,0,0,0,0,0,0,0,0,0,0,"5-6"
"281","24-2","Rural","<6mo","Female",0,"Child",5,6,6,2,2,0,0,0,0,0,0,0,0,0,0,0,0,"5-6"
"282","240-1","Rural","60+y","Female",68,"Child",4,6,6,3,3,0,0,0,0,0,0,1,0,0,1,0,0,"3-4"
"283","241-1","Rural","60+y","Female",65,"Child",5,4,4,NA,NA,0,0,0,0,0,0,NA,NA,NA,NA,NA,NA,"5-6"
"284","242-1","Rural","60+y","Male",81,NA,2,1,1,0.5,0.5,0,0,0,0,0,0,0,0,0,0,0,0,"1-2"
"285","242-2","Rural","<6mo","Male",0,"Child",4,10.5,10.5,6.5,6.5,1,1,1,1,1,0,1,1,1,1,1,1,"3-4"
"286","243-1","Rural","60+y","Male",64,NA,2,1.5,1.5,0.5,0.5,0,0,0,0,0,0,0,0,0,0,0,0,"1-2"
"287","244-1","Rural","60+y","Male",68,NA,4,3,3,NA,NA,0,0,0,0,0,0,NA,NA,NA,NA,NA,NA,"3-4"
"288","245-1","Rural","40-59y","Female",46,NA,4,3.5,4,0.5,1,0,0,0,0,0,0,0,0,0,0,0,0,"3-4"
"289","246-1","Rural","40-59y","Female",51,"Child",4,4.5,4.5,2.5,2.5,0,0,0,0,0,0,1,0,0,1,0,0,"3-4"
"290","246-2","Urban","<6mo","Female",0,"Child",4,7.5,7.5,3,3,1,0,0,1,0,0,1,0,0,1,0,0,"3-4"
"291","247-1","Rural","20-29y","Female",29,"Child",6,5.5,5.5,1,1,0,0,0,0,0,0,0,0,0,0,0,0,"5-6"
"292","248-1","Rural","60+y","Male",81,NA,2,2.5,2.5,1.5,1.5,0,0,0,0,0,0,0,0,0,0,0,0,"1-2"
"293","249-1","Rural","60+y","Male",62,NA,4,3,3,NA,NA,0,0,0,0,0,0,NA,NA,NA,NA,NA,NA,"3-4"
"294","249-2","Urban","6-11mo","Female",1,"Child",6,9,9,2,2,1,1,0,1,1,0,0,0,0,0,0,0,"5-6"
"295","25-1","Urban","60+y","Female",60,"Child",9,5.5,5.5,0.5,0.5,0,0,0,0,0,0,0,0,0,0,0,0,"7+"
"296","250-1","Rural","40-59y","Male",43,NA,3,4,2,1,NA,0,0,0,0,0,0,0,0,0,NA,NA,NA,"3-4"
"297","251-1","Rural","40-59y","Female",47,"Child",4,1,1,NA,NA,0,0,0,0,0,0,NA,NA,NA,NA,NA,NA,"3-4"
"298","252-1","Rural","40-59y","Female",48,NA,3,6,6,2,2,0,0,0,0,0,0,0,0,0,0,0,0,"3-4"
"299","253-1","Rural","60+y","Female",65,"Child",7,6,6,NA,NA,0,0,0,0,0,0,NA,NA,NA,NA,NA,NA,"7+"
"300","254-1","Rural","40-59y","Male",54,NA,12,10.5,10.5,0.5,0.5,1,1,1,1,1,0,0,0,0,0,0,0,"7+"
"301","254-2","Rural","<6mo","Male",0,"Child",5,5,5,1,1,0,0,0,0,0,0,0,0,0,0,0,0,"5-6"
"302","255-1","Rural","20-29y","Male",22,"Student",12,11,11.5,0.5,1,1,1,1,1,1,1,0,0,0,0,0,0,"7+"
"303","256-1","Rural","60+y","Male",75,NA,5,4,4,NA,NA,0,0,0,0,0,0,NA,NA,NA,NA,NA,NA,"5-6"
"304","257-1","Rural","30-39y","Male",32,NA,5,5,5,0.5,0.5,0,0,0,0,0,0,0,0,0,0,0,0,"5-6"
"305","258-1","Rural","5-9y","Male",8,"Student",5,14,14,5.5,5.5,1,1,1,1,1,1,1,1,1,1,1,1,"5-6"
"306","259-1","Rural","40-59y","Male",46,NA,4,7,3,2,NA,1,0,0,0,0,0,0,0,0,NA,NA,NA,"3-4"
"307","259-2","Urban","<6mo","Male",0,"Child",5,4.5,5.5,0.5,1.5,0,0,0,0,0,0,0,0,0,0,0,0,"5-6"
"308","26-1","Urban","60+y","Male",60,"Retired",5,4.5,6.5,0.5,1.5,0,0,0,0,0,0,0,0,0,0,0,0,"5-6"
"309","260-1","Rural","20-29y","Female",23,"Child",4,3.5,6.5,2,3.5,0,0,0,0,0,0,0,0,0,1,1,0,"3-4"
"310","261-1","Rural","5-9y","Male",6,"Student",4,9.5,10,5,5.5,1,1,0,1,1,0,1,1,1,1,1,1,"3-4"
"311","262-1","Rural","60+y","Male",78,NA,3,3,3,1,1,0,0,0,0,0,0,0,0,0,0,0,0,"3-4"
"312","263-1","Rural","60+y","Male",61,NA,3,2,2,NA,NA,0,0,0,0,0,0,NA,NA,NA,NA,NA,NA,"3-4"
"313","263-2","Urban","<6mo","Male",0,"Child",6,5,6.5,1,2.5,0,0,0,0,0,0,0,0,0,1,0,0,"5-6"
"314","264-1","Rural","40-59y","Female",48,"Child",3,2,2,NA,NA,0,0,0,0,0,0,NA,NA,NA,NA,NA,NA,"3-4"
"315","265-1","Rural","30-39y","Male",35,NA,6,5,5,NA,NA,0,0,0,0,0,0,NA,NA,NA,NA,NA,NA,"5-6"
"316","266-1","Rural","10-14y","Female",15,"Student",7,8,8,2,2,1,0,0,1,0,0,0,0,0,0,0,0,"7+"
"317","267-1","Rural","15-19y","Female",19,"Student",7,6.5,6.5,0.5,0.5,0,0,0,0,0,0,0,0,0,0,0,0,"7+"
"318","268-1","Rural","15-19y","Male",16,"Student",7,10,10,3,3,1,1,0,1,1,0,1,0,0,1,0,0,"7+"
"319","269-1","Rural","30-39y","Male",30,NA,4,5,5,2,2,0,0,0,0,0,0,0,0,0,0,0,0,"3-4"
"320","27-1","Urban","60+y","Female",69,"Child",5,5,6.5,1,2.5,0,0,0,0,0,0,0,0,0,1,0,0,"5-6"
"321","270-1","Rural","20-29y","Female",26,"Child",4,3,3,NA,NA,0,0,0,0,0,0,NA,NA,NA,NA,NA,NA,"3-4"
"322","271-1","Rural","30-39y","Female",33,"Child",4,3,3,NA,NA,0,0,0,0,0,0,NA,NA,NA,NA,NA,NA,"3-4"
"323","272-1","Rural","5-9y","Female",8,"Student",4,10,11.5,3.5,5,1,1,0,1,1,1,1,1,0,1,1,1,"3-4"
"324","273-2","Rural","1-4y","Female",4,"Child",NA,8,8.5,3,3.5,1,0,0,1,0,0,1,0,0,1,1,0,NA
"325","274-1","Rural","15-19y","Female",19,"Student",9,13,13,2.5,2.5,1,1,1,1,1,1,1,0,0,1,0,0,"7+"
"326","275-1","Rural","20-29y","Female",22,NA,3,2.5,3,1.5,2,0,0,0,0,0,0,0,0,0,0,0,0,"3-4"
"327","276-1","Rural","40-59y","Male",49,NA,10,9,9,NA,NA,1,1,0,1,1,0,NA,NA,NA,NA,NA,NA,"7+"
"328","277-1","Rural","30-39y","Male",38,NA,6,6.5,6.5,1.5,1.5,0,0,0,0,0,0,0,0,0,0,0,0,"5-6"
"329","278-1","Rural","10-14y","Male",11,"Student",6,14,14,4.5,4.5,1,1,1,1,1,1,1,1,1,1,1,0,"5-6"
"330","279-1","Rural","5-9y","Male",8,"Student",6,14,11.5,4.5,3,1,1,1,1,1,1,1,1,1,1,0,0,"5-6"
"331","28-1","Urban","60+y","Female",75,NA,2,1.5,1.5,0.5,0.5,0,0,0,0,0,0,0,0,0,0,0,0,"1-2"
"332","280-1","Urban","30-39y","Female",38,"Child",4,6,6,2,2,0,0,0,0,0,0,0,0,0,0,0,0,"3-4"
"333","281-1","Urban","30-39y","Female",39,NA,1,2.5,3,2,2.5,0,0,0,0,0,0,0,0,0,1,0,0,"1-2"
"334","282-1","Urban","15-19y","Male",16,NA,4,5.5,5.5,2,2,0,0,0,0,0,0,0,0,0,0,0,0,"3-4"
"335","283-1","Urban","5-9y","Female",6,"Student",4,8,7.5,3,3,1,0,0,1,0,0,1,0,0,1,0,0,"3-4"
"336","284-1","Urban","10-14y","Female",14,"Student",5,8.5,7,3,1.5,1,1,0,1,0,0,1,0,0,0,0,0,"5-6"
"337","285-1","Urban","40-59y","Male",58,NA,1,2.5,NA,1,NA,0,0,0,NA,NA,NA,0,0,0,NA,NA,NA,"1-2"
"338","286-1","Urban","60+y","Female",62,NA,6,5,5,NA,NA,0,0,0,0,0,0,NA,NA,NA,NA,NA,NA,"5-6"
"339","287-1","Urban","40-59y","Female",50,NA,7,9,7,2,1,1,1,0,1,0,0,0,0,0,0,0,0,"7+"
"340","288-1","Urban","60+y","Female",63,NA,1,4.5,4.5,3,3,0,0,0,0,0,0,1,0,0,1,0,0,"1-2"
"341","29-1","Urban","60+y","Female",68,NA,1,5.5,5.5,3.5,3.5,0,0,0,0,0,0,1,1,0,1,1,0,"1-2"
"342","290-1","Urban","30-39y","Male",35,NA,6,7,6.5,2,1.5,1,0,0,0,0,0,0,0,0,0,0,0,"5-6"
"343","291-1","Urban","5-9y","Male",10,"Student",4,5.5,4.5,2,1,0,0,0,0,0,0,0,0,0,0,0,0,"3-4"
"344","292-1","Urban","40-59y","Female",40,"Child",3,5.5,5.5,2,2,0,0,0,0,0,0,0,0,0,0,0,0,"3-4"
"345","293-1","Urban","5-9y","Female",10,"Student",5,8.5,8.5,4,4,1,1,0,1,0,0,1,1,0,1,1,0,"5-6"
"346","294-1","Rural","15-19y","Female",18,"Student",3,14,9,6.5,3.5,1,1,1,1,1,0,1,1,1,1,1,0,"3-4"
"347","294-2","Urban","6-11mo","Male",1,"Child",5,6.5,6.5,1.5,1.5,0,0,0,0,0,0,0,0,0,0,0,0,"5-6"
"348","295-1","Rural","10-14y","Male",12,"Student",5,17,17,8,8,1,1,1,1,1,1,1,1,1,1,1,1,"5-6"
"349","296-1","Rural","40-59y","Female",48,NA,2,5.5,1,2.5,NA,0,0,0,0,0,0,1,0,0,NA,NA,NA,"1-2"
"350","297-1","Rural","60+y","Male",67,NA,7,6,6,NA,NA,0,0,0,0,0,0,NA,NA,NA,NA,NA,NA,"7+"
"351","298-1","Rural","30-39y","Male",37,NA,7,8.5,6.5,2.5,0.5,1,1,0,0,0,0,1,0,0,0,0,0,"7+"
"352","299-1","Rural","40-59y","Female",52,NA,2,1,3,NA,1,0,0,0,0,0,0,NA,NA,NA,0,0,0,"1-2"
"353","299-2","Rural","1-4y","Female",1,"Child",NA,6,9,2.5,5,0,0,0,1,1,0,1,0,0,1,1,1,NA
"354","3-1","Urban","60+y","Male",60,NA,4,2.5,3.5,0,1,0,0,0,0,0,0,0,0,0,0,0,0,"3-4"
"355","30-1","Urban","60+y","Male",79,NA,2,4.5,5.5,2.5,3,0,0,0,0,0,0,1,0,0,1,0,0,"1-2"
"356","300-1","Rural","5-9y","Male",7,"Student",4,11,11,5.5,5.5,1,1,1,1,1,1,1,1,1,1,1,1,"3-4"
"357","301-1","Rural","30-39y","Female",35,NA,4,5.5,5,2.5,2.5,0,0,0,0,0,0,1,0,0,1,0,0,"3-4"
"358","302-1","Rural","40-59y","Male",45,NA,2,4.5,4,2,1.5,0,0,0,0,0,0,0,0,0,0,0,0,"1-2"
"359","303-1","Rural","5-9y","Male",9,"Student",6,7.5,10,2,4,1,0,0,1,1,0,0,0,0,1,1,0,"5-6"
"360","303-2","Rural","1-4y","Female",2,"Child",NA,7,9,2.5,3.5,1,0,0,1,1,0,1,0,0,1,1,0,NA
"361","304-1","Rural","40-59y","Male",50,NA,10,6,5,3.5,2.5,0,0,0,0,0,0,1,1,0,1,0,0,"7+"
"362","305-1","Rural","30-39y","Female",31,"Child",3,2,2,NA,NA,0,0,0,0,0,0,NA,NA,NA,NA,NA,NA,"3-4"
"363","306-1","Rural","40-59y","Female",40,NA,7,8,6,2,NA,1,0,0,0,0,0,0,0,0,NA,NA,NA,"7+"
"364","306-2","Rural","1-4y","Male",2,"Child",3,2,7,NA,2.5,0,0,0,1,0,0,NA,NA,NA,1,0,0,"3-4"
"365","307-1","Rural","15-19y","Female",16,"Student",7,10.5,8.5,2.5,1.5,1,1,1,1,0,0,1,0,0,0,0,0,"7+"
"366","308-1","Rural","30-39y","Male",37,NA,3,1,3.5,NA,2.5,0,0,0,0,0,0,NA,NA,NA,1,0,0,"3-4"
"367","309-1","Urban","40-59y","Female",48,"Child",4,6,6,2,2,0,0,0,0,0,0,0,0,0,0,0,0,"3-4"
"368","309-2","Rural","1-4y","Female",4,"Child",3,9,9,4.5,4.5,1,1,0,1,1,0,1,1,1,1,1,0,"3-4"
"369","31-1","Rural","40-59y","Male",59,NA,4,3,3,NA,NA,0,0,0,0,0,0,NA,NA,NA,NA,NA,NA,"3-4"
"370","31-2","Rural","<6mo","Male",0,"Child",6,6,6,1,1,0,0,0,0,0,0,0,0,0,0,0,0,"5-6"
"371","310-1","Urban","60+y","Female",65,NA,2,2.5,2.5,1.5,1.5,0,0,0,0,0,0,0,0,0,0,0,0,"1-2"
"372","311-1","Rural","20-29y","Male",23,NA,4,3,3,NA,NA,0,0,0,0,0,0,NA,NA,NA,NA,NA,NA,"3-4"
"373","312-1","Rural","60+y","Male",77,"Retired",2,3,3,2,2,0,0,0,0,0,0,0,0,0,0,0,0,"1-2"
"374","312-2","Rural","1-4y","Female",3,"Child",4,7.5,7.5,3,3,1,0,0,1,0,0,1,0,0,1,0,0,"3-4"
"375","313-1","Rural","40-59y","Female",50,NA,4,5,5.5,1.5,2,0,0,0,0,0,0,0,0,0,0,0,0,"3-4"
"376","315-1","Rural","20-29y","Male",23,NA,4,7.5,7,3.5,3.5,1,0,0,1,0,0,1,1,0,1,1,0,"3-4"
"377","316-1","Rural","20-29y","Female",21,"Student",9,8,8,NA,NA,1,0,0,1,0,0,NA,NA,NA,NA,NA,NA,"7+"
"378","316-2","Rural","1-4y","Female",3,"Child",6,9,9,2,2,1,1,0,1,1,0,0,0,0,0,0,0,"5-6"
"379","317-1","Rural","20-29y","Male",28,NA,2,9,1.5,4.5,0,1,1,0,0,0,0,1,1,1,0,0,0,"1-2"
"380","318-1","Rural","20-29y","Male",23,NA,4,8,8,2.5,2.5,1,0,0,1,0,0,1,0,0,1,0,0,"3-4"
"381","319-1","Rural","5-9y","Male",9,"Student",5,10,12,3.5,4.5,1,1,0,1,1,1,1,1,0,1,1,0,"5-6"
"382","319-2","Urban","<6mo","Female",0,"Child",5,7.5,7.5,3,3,1,0,0,1,0,0,1,0,0,1,0,0,"5-6"
"383","32-1","Rural","60+y","Male",82,NA,4,3.5,3.5,0.5,0.5,0,0,0,0,0,0,0,0,0,0,0,0,"3-4"
"384","320-1","Rural","10-14y","Male",11,"Student",7,16,16,5,5,1,1,1,1,1,1,1,1,1,1,1,1,"7+"
"385","321-1","Rural","5-9y","Female",9,"Student",6,11,10.5,3.5,3,1,1,1,1,1,0,1,1,0,1,0,0,"5-6"
"386","321-2","Urban","<6mo","Female",0,"Child",6,6.5,6.5,1,1,0,0,0,0,0,0,0,0,0,0,0,0,"5-6"
"387","322-1","Rural","20-29y","Female",22,"Student",5,11,14,4,5.5,1,1,1,1,1,1,1,1,0,1,1,1,"5-6"
"388","322-2","Rural","<6mo","Male",0,"Child",NA,8,11,1.5,4.5,1,0,0,1,1,1,0,0,0,1,1,0,NA
"389","323-1","Urban","10-14y","Male",11,"Student",5,10,9.5,4.5,4,1,1,0,1,1,0,1,1,1,1,1,0,"5-6"
"390","324-1","Urban","10-14y","Male",11,"Student",5,3.5,3.5,0.5,0.5,0,0,0,0,0,0,0,0,0,0,0,0,"5-6"
"391","325-1","Urban","30-39y","Male",36,NA,6,5.5,4,1,NA,0,0,0,0,0,0,0,0,0,NA,NA,NA,"5-6"
"392","326-1","Urban","20-29y","Female",24,"Child",7,6.5,6,1.5,1,0,0,0,0,0,0,0,0,0,0,0,0,"7+"
"393","327-1","Rural","10-14y","Female",12,"Student",5,8,9.5,3.5,4.5,1,0,0,1,1,0,1,1,0,1,1,0,"5-6"
"394","328-1","Rural","40-59y","Female",51,"Child",2,8,8,3.5,3.5,1,0,0,1,0,0,1,1,0,1,1,0,"1-2"
"395","328-2","Rural","1-4y","Male",1,"Child",NA,5,8,1.5,3.5,0,0,0,1,0,0,0,0,0,1,1,0,NA
"396","329-1","Rural","30-39y","Male",35,NA,5,4.5,4.5,0.5,0.5,0,0,0,0,0,0,0,0,0,0,0,0,"5-6"
"397","33-1","Rural","60+y","Male",73,NA,3,3,3,1,1,0,0,0,0,0,0,0,0,0,0,0,0,"3-4"
"398","330-1","Rural","20-29y","Female",20,"Child",5,4,4,NA,NA,0,0,0,0,0,0,NA,NA,NA,NA,NA,NA,"5-6"
"399","331-1","Rural","20-29y","Male",21,"Student",7,6,6,NA,NA,0,0,0,0,0,0,NA,NA,NA,NA,NA,NA,"7+"
"400","331-2","Urban","1-4y","Male",2,"Child",4,6,6,1.5,1.5,0,0,0,0,0,0,0,0,0,0,0,0,"3-4"
"401","332-1","Rural","40-59y","Male",54,NA,3,2.5,2.5,0.5,0.5,0,0,0,0,0,0,0,0,0,0,0,0,"3-4"
"402","333-1","Rural","10-14y","Male",10,NA,2,4,9.5,2.5,6,0,0,0,1,1,0,1,0,0,1,1,1,"1-2"
"403","334-1","Rural","5-9y","Female",5,"Student",9,13,18,2.5,5,1,1,1,1,1,1,1,0,0,1,1,1,"7+"
"404","334-2","Urban","<6mo","Male",0,"Child",NA,7.5,7.5,2,2,1,0,0,1,0,0,0,0,0,0,0,0,NA
"405","335-1","Rural","40-59y","Female",55,NA,3,2,2,NA,NA,0,0,0,0,0,0,NA,NA,NA,NA,NA,NA,"3-4"
"406","336-1","Rural","15-19y","Male",17,NA,3,6,6,4,4,0,0,0,0,0,0,1,1,0,1,1,0,"3-4"
"407","337-1","Rural","20-29y","Female",26,"Child",6,4.5,6,0.5,1.5,0,0,0,0,0,0,0,0,0,0,0,0,"5-6"
"408","338-1","Rural","30-39y","Female",33,NA,6,10,10,2.5,2.5,1,1,0,1,1,0,1,0,0,1,0,0,"5-6"
"409","338-2","Urban","1-4y","Female",2,"Child",5,5.5,5.5,1,1,0,0,0,0,0,0,0,0,0,0,0,0,"5-6"
"410","339-1","Rural","30-39y","Male",34,NA,5,4,4,NA,NA,0,0,0,0,0,0,NA,NA,NA,NA,NA,NA,"5-6"
"411","34-1","Urban","60+y","Female",81,NA,2,7.5,7.5,3.5,3.5,1,0,0,1,0,0,1,1,0,1,1,0,"1-2"
"412","340-1","Rural","15-19y","Male",19,NA,5,9.5,9,5.5,5,1,1,0,1,1,0,1,1,1,1,1,1,"5-6"
"413","341-1","Urban","30-39y","Male",32,NA,4,3.5,3.5,0.5,0.5,0,0,0,0,0,0,0,0,0,0,0,0,"3-4"
"414","342-1","Urban","10-14y","Female",12,"Student",6,8,8.5,1.5,2,1,0,0,1,0,0,0,0,0,0,0,0,"5-6"
"415","343-1","Urban","5-9y","Male",8,"Student",5,7.5,7,3,2.5,1,0,0,1,0,0,1,0,0,1,0,0,"5-6"
"416","345-1","Urban","60+y","Male",68,NA,4,6.5,5.5,2,1.5,0,0,0,0,0,0,0,0,0,0,0,0,"3-4"
"417","346-1","Urban","20-29y","Female",25,"Child",4,5,5,1.5,1.5,0,0,0,0,0,0,0,0,0,0,0,0,"3-4"
"418","347-1","Urban","5-9y","Female",7,"Student",4,7,8,2.5,2.5,1,0,0,1,0,0,1,0,0,1,0,0,"3-4"
"419","348-1","Urban","15-19y","Female",17,"Student",4,6.5,5,2,1.5,0,0,0,0,0,0,0,0,0,0,0,0,"3-4"
"420","349-1","Urban","40-59y","Female",44,"Child",5,4.5,4.5,0.5,0.5,0,0,0,0,0,0,0,0,0,0,0,0,"5-6"
"421","35-1","Rural","40-59y","Female",57,NA,5,4.5,4.5,0.5,0.5,0,0,0,0,0,0,0,0,0,0,0,0,"5-6"
"422","350-1","Urban","20-29y","Female",26,"Child",10,16.5,14.5,6,5,1,1,1,1,1,1,1,1,1,1,1,1,"7+"
"423","351-1","Urban","5-9y","Male",10,"Student",5,11,11.5,4,4.5,1,1,1,1,1,1,1,1,0,1,1,0,"5-6"
"424","352-1","Urban","5-9y","Female",6,"Student",6,11,11.5,4.5,5,1,1,1,1,1,1,1,1,1,1,1,1,"5-6"
"425","352-2","Urban","<6mo","Male",0,"Child",4,5,6,2.5,3.5,0,0,0,0,0,0,1,0,0,1,1,0,"3-4"
"426","353-1","Urban","40-59y","Female",50,"Child",6,3,2.5,0.5,0,0,0,0,0,0,0,0,0,0,0,0,0,"5-6"
"427","354-1","Urban","30-39y","Female",37,NA,4,7.5,5,3,1.5,1,0,0,0,0,0,1,0,0,0,0,0,"3-4"
"428","355-1","Urban","10-14y","Female",10,"Student",5,9.5,10,4,3.5,1,1,0,1,1,0,1,1,0,1,1,0,"5-6"
"429","356-1","Urban","5-9y","Female",8,"Student",5,5,5.5,1,1,0,0,0,0,0,0,0,0,0,0,0,0,"5-6"
"430","356-2","Urban","<6mo","Male",0,"Child",5,5.5,7,1,2,0,0,0,1,0,0,0,0,0,0,0,0,"5-6"
"431","357-1","Urban","5-9y","Male",7,"Student",6,8.5,11.5,2,3.5,1,1,0,1,1,1,0,0,0,1,1,0,"5-6"
"432","358-1","Urban","10-14y","Male",12,"Student",4,9.5,15.5,4,7,1,1,0,1,1,1,1,1,0,1,1,1,"3-4"
"433","359-1","Rural","40-59y","Female",56,"Child",2,4.5,6.5,2,3,0,0,0,0,0,0,0,0,0,1,0,0,"1-2"
"434","36-1","Rural","60+y","Female",60,"Child",3,2,2,NA,NA,0,0,0,0,0,0,NA,NA,NA,NA,NA,NA,"3-4"
"435","360-1","Rural","40-59y","Female",46,"Child",4,2,3,NA,0.5,0,0,0,0,0,0,NA,NA,NA,0,0,0,"3-4"
"436","360-2","Rural","<6mo","Male",0,"Child",NA,3.5,4.5,1,1,0,0,0,0,0,0,0,0,0,0,0,0,NA
"437","361-1","Urban","60+y","Male",70,"Retired",6,7,5.5,1.5,0.5,1,0,0,0,0,0,0,0,0,0,0,0,"5-6"
"438","362-1","Urban","5-9y","Female",6,"Student",6,9,8.5,3,3,1,1,0,1,0,0,1,0,0,1,0,0,"5-6"
"439","363-1","Urban","10-14y","Female",12,"Student",5,8.5,8.5,3,3,1,1,0,1,0,0,1,0,0,1,0,0,"5-6"
"440","363-2","Urban","<6mo","Female",0,"Child",6,6.5,6.5,1,1,0,0,0,0,0,0,0,0,0,0,0,0,"5-6"
"441","364-1","Urban","5-9y","Female",9,"Student",5,7.5,8,3.5,4,1,0,0,1,0,0,1,1,0,1,1,0,"5-6"
"442","365-1","Urban","10-14y","Male",10,"Student",7,9.5,7,4,2,1,1,0,1,0,0,1,1,0,0,0,0,"7+"
"443","366-1","Rural","15-19y","Female",18,"Student",4,10.5,10.5,4,4,1,1,1,1,1,0,1,1,0,1,1,0,"3-4"
"444","367-1","Rural","30-39y","Male",38,NA,5,9,9,5.5,5.5,1,1,0,1,1,0,1,1,1,1,1,1,"5-6"
"445","368-1","Rural","30-39y","Male",32,NA,9,9,9,2.5,2.5,1,1,0,1,1,0,1,0,0,1,0,0,"7+"
"446","368-2","Rural","1-4y","Female",3,"Child",NA,10,10,3,3,1,1,0,1,1,0,1,0,0,1,0,0,NA
"447","369-1","Rural","10-14y","Female",11,"Student",10,11.5,12,1,1.5,1,1,1,1,1,1,0,0,0,0,0,0,"7+"
"448","37-1","Rural","60+y","Male",62,NA,6,5,5,NA,NA,0,0,0,0,0,0,NA,NA,NA,NA,NA,NA,"5-6"
"449","37-2","Rural","<6mo","Female",0,"Child",NA,3,3,NA,NA,0,0,0,0,0,0,NA,NA,NA,NA,NA,NA,NA
"450","370-1","Rural","10-14y","Male",13,"Student",5,4.5,9.5,0,3.5,0,0,0,1,1,0,0,0,0,1,1,0,"5-6"
"451","371-1","Rural","10-14y","Female",14,"Student",5,7,10,1.5,3,1,0,0,1,1,0,0,0,0,1,0,0,"5-6"
"452","372-1","Rural","10-14y","Female",12,"Student",5,4,4,NA,NA,0,0,0,0,0,0,NA,NA,NA,NA,NA,NA,"5-6"
"453","372-2","Urban","<6mo","Male",0,"Child",5,4.5,4.5,0.5,0.5,0,0,0,0,0,0,0,0,0,0,0,0,"5-6"
"454","373-1","Rural","15-19y","Male",17,"Student",5,4.5,10,0.5,6,0,0,0,1,1,0,0,0,0,1,1,1,"5-6"
"455","374-1","Rural","15-19y","Male",19,"Student",5,10,5,6.5,1.5,1,1,0,0,0,0,1,1,1,0,0,0,"5-6"
"456","375-1","Urban","10-14y","Female",14,"Student",5,8,7,2.5,2.5,1,0,0,1,0,0,1,0,0,1,0,0,"5-6"
"457","376-1","Urban","10-14y","Female",10,"Student",4,13.5,9,6,3.5,1,1,1,1,1,0,1,1,1,1,1,0,"3-4"
"458","376-2","Urban","1-4y","Female",1,"Child",5,4.5,8,1,4.5,0,0,0,1,0,0,0,0,0,1,1,0,"5-6"
"459","377-1","Urban","60+y","Male",63,NA,6,6,5.5,1,0.5,0,0,0,0,0,0,0,0,0,0,0,0,"5-6"
"460","378-1","Urban","30-39y","Female",33,"Child",4,3,3,NA,NA,0,0,0,0,0,0,NA,NA,NA,NA,NA,NA,"3-4"
"461","379-1","Urban","60+y","Female",65,"Child",6,6,6,0.5,0.5,0,0,0,0,0,0,0,0,0,0,0,0,"5-6"
"462","38-1","Rural","60+y","Female",63,"Child",4,3,5,NA,1,0,0,0,0,0,0,NA,NA,NA,0,0,0,"3-4"
"463","380-1","Urban","5-9y","Female",6,"Student",5,8,10,2.5,3.5,1,0,0,1,1,0,1,0,0,1,1,0,"5-6"
"464","381-1","Urban","15-19y","Male",16,NA,6,9.5,10,2.5,2.5,1,1,0,1,1,0,1,0,0,1,0,0,"5-6"
"465","382-1","Urban","5-9y","Female",9,"Student",6,11.5,13,4,5.5,1,1,1,1,1,1,1,1,0,1,1,1,"5-6"
"466","383-1","Urban","60+y","Male",66,NA,3,6.5,6,3,2.5,0,0,0,0,0,0,1,0,0,1,0,0,"3-4"
"467","384-1","Urban","10-14y","Female",13,"Student",4,5.5,5,2,1.5,0,0,0,0,0,0,0,0,0,0,0,0,"3-4"
"468","384-2","Rural","6-11mo","Female",1,"Child",NA,4,6.5,NA,2,0,0,0,0,0,0,NA,NA,NA,0,0,0,NA
"469","385-1","Urban","5-9y","Male",10,"Student",5,6,6,1.5,1.5,0,0,0,0,0,0,0,0,0,0,0,0,"5-6"
"470","386-1","Rural","40-59y","Female",42,"Child",4,3.5,3.5,0.5,0.5,0,0,0,0,0,0,0,0,0,0,0,0,"3-4"
"471","387-1","Rural","10-14y","Male",10,"Student",10,12,12,1.5,1.5,1,1,1,1,1,1,0,0,0,0,0,0,"7+"
"472","388-1","Rural","5-9y","Male",8,"Student",6,7.5,7.5,3,3,1,0,0,1,0,0,1,0,0,1,0,0,"5-6"
"473","388-2","Rural","<6mo","Female",0,"Child",NA,2.5,2.5,NA,NA,0,0,0,0,0,0,NA,NA,NA,NA,NA,NA,NA
"474","389-1","Rural","5-9y","Male",7,"Student",5,4,4,NA,NA,0,0,0,0,0,0,NA,NA,NA,NA,NA,NA,"5-6"
"475","39-1","Rural","60+y","Male",74,NA,2,1,1,NA,NA,0,0,0,0,0,0,NA,NA,NA,NA,NA,NA,"1-2"
"476","390-1","Rural","5-9y","Female",7,"Student",4,3,3,NA,NA,0,0,0,0,0,0,NA,NA,NA,NA,NA,NA,"3-4"
"477","391-1","Urban","60+y","Female",65,NA,1,2.5,2.5,1.5,1.5,0,0,0,0,0,0,0,0,0,0,0,0,"1-2"
"478","392-1","Urban","40-59y","Male",45,NA,4,7.5,7,2.5,2.5,1,0,0,1,0,0,1,0,0,1,0,0,"3-4"
"479","393-1","Urban","30-39y","Male",33,NA,7,11.5,11.5,3,3,1,1,1,1,1,1,1,0,0,1,0,0,"7+"
"480","394-1","Urban","20-29y","Male",22,"Student",4,8,8,3.5,3.5,1,0,0,1,0,0,1,1,0,1,1,0,"3-4"
"481","395-1","Urban","30-39y","Female",33,NA,7,10,10.5,2.5,2.5,1,1,0,1,1,0,1,0,0,1,0,0,"7+"
"482","396-1","Urban","10-14y","Male",13,"Student",4,5.5,7,1.5,3,0,0,0,1,0,0,0,0,0,1,0,0,"3-4"
"483","397-1","Urban","60+y","Male",60,NA,6,5.5,5.5,0.5,0.5,0,0,0,0,0,0,0,0,0,0,0,0,"5-6"
"484","398-1","Urban","5-9y","Male",8,"Student",7,11.5,14,4,5.5,1,1,1,1,1,1,1,1,0,1,1,1,"7+"
"485","399-1","Urban","5-9y","Male",6,"Student",6,10,10,3,3,1,1,0,1,1,0,1,0,0,1,0,0,"5-6"
"486","4-1","Urban","60+y","Female",75,NA,4,3.5,3.5,0.5,0.5,0,0,0,0,0,0,0,0,0,0,0,0,"3-4"
"487","40-1","Rural","60+y","Female",71,"Child",2,1,1,NA,NA,0,0,0,0,0,0,NA,NA,NA,NA,NA,NA,"1-2"
"488","400-1","Urban","20-29y","Female",23,NA,4,5.5,8,1.5,3,0,0,0,1,0,0,0,0,0,1,0,0,"3-4"
"489","400-2","Urban","6-11mo","Male",1,"Child",4,6,8.5,2.5,4.5,0,0,0,1,0,0,1,0,0,1,1,0,"3-4"
"490","401-1","Urban","20-29y","Male",28,NA,6,10,10,3,3,1,1,0,1,1,0,1,0,0,1,0,0,"5-6"
"491","402-1","Urban","15-19y","Male",19,NA,5,9.5,9.5,4.5,4.5,1,1,0,1,1,0,1,1,1,1,1,0,"5-6"
"492","403-1","Urban","60+y","Female",75,NA,1,3,3,2,2,0,0,0,0,0,0,0,0,0,0,0,0,"1-2"
"493","403-2","Rural","1-4y","Male",2,"Child",NA,5,6,1.5,2.5,0,0,0,0,0,0,0,0,0,1,0,0,NA
"494","404-1","Urban","60+y","Male",82,NA,1,4.5,6,2.5,3.5,0,0,0,0,0,0,1,0,0,1,1,0,"1-2"
"495","405-1","Urban","60+y","Male",61,"Retired",5,6.5,6,1.5,1.5,0,0,0,0,0,0,0,0,0,0,0,0,"5-6"
"496","406-1","Urban","60+y","Female",62,NA,3,6,8,4,5,0,0,0,1,0,0,1,1,0,1,1,1,"3-4"
"497","407-1","Urban","20-29y","Male",25,NA,4,9,9.5,3.5,4,1,1,0,1,1,0,1,1,0,1,1,0,"3-4"
"498","408-1","Urban","60+y","Male",63,NA,4,6.5,7.5,2.5,3.5,0,0,0,1,0,0,1,0,0,1,1,0,"3-4"
"499","408-2","Rural","6-11mo","Female",0,"Child",NA,4.5,5.5,1,1.5,0,0,0,0,0,0,0,0,0,0,0,0,NA
"500","409-1","Urban","40-59y","Male",44,NA,4,5.5,5.5,1.5,1.5,0,0,0,0,0,0,0,0,0,0,0,0,"3-4"
"501","41-1","Rural","60+y","Female",79,"Child",1,1.5,1.5,1.5,1.5,0,0,0,0,0,0,0,0,0,0,0,0,"1-2"
"502","41-2","Rural","1-4y","Female",3,"Child",NA,13,16,9,12,1,1,1,1,1,1,1,1,1,1,1,1,NA
"503","410-1","Urban","15-19y","Male",15,"Student",4,5.5,6.5,2,3,0,0,0,0,0,0,0,0,0,1,0,0,"3-4"
"504","411-1","Urban","30-39y","Female",32,"Child",5,10.5,9,5,3.5,1,1,1,1,1,0,1,1,1,1,1,0,"5-6"
"505","412-1","Urban","15-19y","Male",19,"Student",6,9.5,9.5,3.5,3.5,1,1,0,1,1,0,1,1,0,1,1,0,"5-6"
"506","413-1","Urban","15-19y","Male",18,"Student",6,9,9,3,3,1,1,0,1,1,0,1,0,0,1,0,0,"5-6"
"507","414-1","Urban","10-14y","Male",12,"Student",3,6.5,7.5,3.5,4.5,0,0,0,1,0,0,1,1,0,1,1,0,"3-4"
"508","414-2","Urban","<6mo","Female",0,"Child",3,6,6,2,2,0,0,0,0,0,0,0,0,0,0,0,0,"3-4"
"509","415-1","Urban","10-14y","Male",14,"Student",5,8,9.5,3,4.5,1,0,0,1,1,0,1,0,0,1,1,0,"5-6"
"510","416-1","Urban","40-59y","Female",55,"Child",3,2.5,2.5,0.5,0.5,0,0,0,0,0,0,0,0,0,0,0,0,"3-4"
"511","417-1","Urban","15-19y","Female",19,"Student",5,7,9,1.5,3.5,1,0,0,1,1,0,0,0,0,1,1,0,"5-6"
"512","418-1","Urban","40-59y","Male",56,NA,5,4,5,NA,0.5,0,0,0,0,0,0,NA,NA,NA,0,0,0,"5-6"
"513","419-1","Urban","20-29y","Female",28,NA,3,5,5,1.5,1.5,0,0,0,0,0,0,0,0,0,0,0,0,"3-4"
"514","42-1","Rural","60+y","Female",81,NA,2,1,1,NA,NA,0,0,0,0,0,0,NA,NA,NA,NA,NA,NA,"1-2"
"515","420-1","Urban","15-19y","Female",17,"Student",4,7.5,7.5,2.5,2.5,1,0,0,1,0,0,1,0,0,1,0,0,"3-4"
"516","420-2","Rural","6-11mo","Male",1,"Child",4,4,4,0.5,0.5,0,0,0,0,0,0,0,0,0,0,0,0,"3-4"
"517","421-1","Urban","30-39y","Male",31,NA,4,7,5.5,3.5,2,1,0,0,0,0,0,1,1,0,0,0,0,"3-4"
"518","421-2","Rural","<6mo","Male",0,"Child",7,5.5,5.5,0.5,0.5,0,0,0,0,0,0,0,0,0,0,0,0,"7+"
"519","422-1","Urban","5-9y","Male",10,"Student",4,9.5,9.5,6.5,6.5,1,1,0,1,1,0,1,1,1,1,1,1,"3-4"
"520","422-2","Urban","1-4y","Male",1,"Child",3,6.5,6.5,2.5,2.5,0,0,0,0,0,0,1,0,0,1,0,0,"3-4"
"521","423-1","Urban","40-59y","Male",60,NA,5,5.5,6,2,2.5,0,0,0,0,0,0,0,0,0,1,0,0,"5-6"
"522","423-2","Rural","6-11mo","Female",1,"Child",NA,6,6,1,1,0,0,0,0,0,0,0,0,0,0,0,0,NA
"523","424-1","Urban","10-14y","Male",14,"Student",5,11.5,13,4,5.5,1,1,1,1,1,1,1,1,0,1,1,1,"5-6"
"524","425-1","Urban","30-39y","Male",35,NA,6,9.5,9.5,3.5,3.5,1,1,0,1,1,0,1,1,0,1,1,0,"5-6"
"525","426-1","Urban","60+y","Female",82,NA,6,7.5,7,1.5,1,1,0,0,1,0,0,0,0,0,0,0,0,"5-6"
"526","427-1","Urban","15-19y","Female",19,NA,6,7,7,1,1,1,0,0,1,0,0,0,0,0,0,0,0,"5-6"
"527","428-1","Urban","20-29y","Male",22,NA,6,7.5,7.5,2,2,1,0,0,1,0,0,0,0,0,0,0,0,"5-6"
"528","428-2","Urban","1-4y","Male",1,"Child",4,8,9,2.5,3.5,1,0,0,1,1,0,1,0,0,1,1,0,"3-4"
"529","429-1","Urban","20-29y","Female",26,"Child",3,6.5,6.5,3,3,0,0,0,0,0,0,1,0,0,1,0,0,"3-4"
"530","43-1","Rural","60+y","Male",70,NA,2,1,1,NA,NA,0,0,0,0,0,0,NA,NA,NA,NA,NA,NA,"1-2"
"531","430-1","Urban","20-29y","Female",25,"Child",2,8.5,8.5,4,4,1,1,0,1,0,0,1,1,0,1,1,0,"1-2"
"532","431-1","Urban","15-19y","Female",16,"Student",4,9.5,6.5,4.5,2.5,1,1,0,0,0,0,1,1,1,1,0,0,"3-4"
"533","431-2","Urban","1-4y","Male",1,"Child",5,8,8,2,2,1,0,0,1,0,0,0,0,0,0,0,0,"5-6"
"534","432-1","Urban","40-59y","Male",47,NA,4,3,3,NA,NA,0,0,0,0,0,0,NA,NA,NA,NA,NA,NA,"3-4"
"535","433-1","Urban","40-59y","Female",52,"Child",2,5.5,5,3,2.5,0,0,0,0,0,0,1,0,0,1,0,0,"1-2"
"536","434-1","Urban","60+y","Male",63,NA,6,5.5,5.5,1,1,0,0,0,0,0,0,0,0,0,0,0,0,"5-6"
"537","435-1","Urban","60+y","Female",78,NA,1,3.5,2.5,2,1,0,0,0,0,0,0,0,0,0,0,0,0,"1-2"
"538","436-2","Urban","6-11mo","Female",1,"Child",4,6,6,1.5,1.5,0,0,0,0,0,0,0,0,0,0,0,0,"3-4"
"539","438-2","Urban","6-11mo","Male",1,"Child",4,8,8,2.5,2.5,1,0,0,1,0,0,1,0,0,1,0,0,"3-4"
"540","44-1","Rural","60+y","Female",66,NA,5,4,4,NA,NA,0,0,0,0,0,0,NA,NA,NA,NA,NA,NA,"5-6"
"541","441-2","Urban","6-11mo","Male",1,"Child",3,8.5,8.5,3.5,3.5,1,1,0,1,0,0,1,1,0,1,1,0,"3-4"
"542","443-1","Rural","15-19y","Male",18,"Student",5,4.5,4,0,NA,0,0,0,0,0,0,0,0,0,NA,NA,NA,"5-6"
"543","444-1","Rural","10-14y","Male",12,"Student",5,10,10,3,3,1,1,0,1,1,0,1,0,0,1,0,0,"5-6"
"544","444-2","Urban","1-4y","Female",1,"Child",4,8.5,8.5,3,3,1,1,0,1,0,0,1,0,0,1,0,0,"3-4"
"545","445-1","Rural","5-9y","Female",9,"Student",5,7,7,2,2,1,0,0,1,0,0,0,0,0,0,0,0,"5-6"
"546","446-1","Rural","10-14y","Female",15,"Student",6,7,8,1.5,2,1,0,0,1,0,0,0,0,0,0,0,0,"5-6"
"547","448-1","Rural","10-14y","Female",12,"Student",4,7,7,2,2,1,0,0,1,0,0,0,0,0,0,0,0,"3-4"
"548","448-2","Urban","1-4y","Male",1,"Child",4,5.5,6,1,1.5,0,0,0,0,0,0,0,0,0,0,0,0,"3-4"
"549","449-1","Rural","15-19y","Female",17,"Student",4,7,3,2,NA,1,0,0,0,0,0,0,0,0,NA,NA,NA,"3-4"
"550","45-1","Rural","60+y","Female",70,NA,6,5,5,NA,NA,0,0,0,0,0,0,NA,NA,NA,NA,NA,NA,"5-6"
"551","45-2","Rural","6-11mo","Female",1,"Child",NA,7,10.5,3,6.5,1,0,0,1,1,0,1,0,0,1,1,1,NA
"552","450-1","Rural","10-14y","Male",13,"Student",5,7,9,1.5,3.5,1,0,0,1,1,0,0,0,0,1,1,0,"5-6"
"553","451-1","Rural","40-59y","Male",44,NA,9,8,8,NA,NA,1,0,0,1,0,0,NA,NA,NA,NA,NA,NA,"7+"
"554","452-1","Rural","5-9y","Female",9,"Student",3,1.5,4.5,NA,3,0,0,0,0,0,0,NA,NA,NA,1,0,0,"3-4"
"555","452-2","Urban","<6mo","Female",0,"Child",7,6,6,0.5,0.5,0,0,0,0,0,0,0,0,0,0,0,0,"7+"
"556","453-1","Rural","10-14y","Male",14,"Student",5,3,4,NA,1,0,0,0,0,0,0,NA,NA,NA,0,0,0,"5-6"
"557","454-1","Rural","30-39y","Female",39,NA,4,7,7,2,2,1,0,0,1,0,0,0,0,0,0,0,0,"3-4"
"558","455-1","Rural","15-19y","Male",16,"Student",4,9,9,3,3,1,1,0,1,1,0,1,0,0,1,0,0,"3-4"
"559","456-1","Rural","5-9y","Female",8,"Student",6,5,5,1,1,0,0,0,0,0,0,0,0,0,0,0,0,"5-6"
"560","457-1","Rural","5-9y","Female",7,"Student",6,9,10.5,5,6,1,1,0,1,1,0,1,1,1,1,1,1,"5-6"
"561","457-2","Urban","<6mo","Female",0,"Child",6,8.5,8.5,2,2,1,1,0,1,0,0,0,0,0,0,0,0,"5-6"
"562","458-1","Rural","5-9y","Female",6,"Student",5,10,10,3,3,1,1,0,1,1,0,1,0,0,1,0,0,"5-6"
"563","459-1","Rural","5-9y","Female",7,"Student",4,6.5,12.5,3,7.5,0,0,0,1,1,1,1,0,0,1,1,1,"3-4"
"564","46-1","Rural","60+y","Female",83,NA,5,5.5,5.5,1,1,0,0,0,0,0,0,0,0,0,0,0,0,"5-6"
"565","460-1","Rural","10-14y","Female",13,"Student",5,15,11.5,6.5,4,1,1,1,1,1,1,1,1,1,1,1,0,"5-6"
"566","461-1","Rural","20-29y","Male",28,NA,4,8,7.5,5,4.5,1,0,0,1,0,0,1,1,1,1,1,0,"3-4"
"567","462-1","Rural","5-9y","Male",6,"Student",4,4,4,0.5,0.5,0,0,0,0,0,0,0,0,0,0,0,0,"3-4"
"568","463-1","Rural","5-9y","Male",6,"Student",4,10,10,4,4,1,1,0,1,1,0,1,1,0,1,1,0,"3-4"
"569","464-1","Rural","30-39y","Male",38,NA,5,4,4,NA,NA,0,0,0,0,0,0,NA,NA,NA,NA,NA,NA,"5-6"
"570","464-2","Rural","<6mo","Female",0,"Child",NA,4,5.5,0.5,1.5,0,0,0,0,0,0,0,0,0,0,0,0,NA
"571","465-1","Rural","15-19y","Male",19,"Student",4,10,10,4,4,1,1,0,1,1,0,1,1,0,1,1,0,"3-4"
"572","466-1","Rural","40-59y","Female",47,NA,3,9,9,4,4,1,1,0,1,1,0,1,1,0,1,1,0,"3-4"
"573","467-1","Rural","10-14y","Female",13,"Student",6,16.5,15.5,12,11,1,1,1,1,1,1,1,1,1,1,1,1,"5-6"
"574","468-1","Rural","10-14y","Female",14,"Student",6,11.5,14,7.5,10,1,1,1,1,1,1,1,1,1,1,1,1,"5-6"
"575","468-2","Urban","1-4y","Female",5,"Student",7,10,11,4.5,5.5,1,1,0,1,1,1,1,1,1,1,1,1,"7+"
"576","469-1","Rural","5-9y","Female",10,"Student",6,8,13,3.5,7.5,1,0,0,1,1,1,1,1,0,1,1,1,"5-6"
"577","47-1","Rural","60+y","Female",88,NA,5,4,4,NA,NA,0,0,0,0,0,0,NA,NA,NA,NA,NA,NA,"5-6"
"578","470-1","Rural","15-19y","Female",16,"Student",6,7,7,2,2,1,0,0,1,0,0,0,0,0,0,0,0,"5-6"
"579","471-1","Rural","5-9y","Male",6,"Student",11,12,12.5,1,1.5,1,1,1,1,1,1,0,0,0,0,0,0,"7+"
"580","472-1","Rural","5-9y","Male",8,"Student",11,12.5,13,2,2.5,1,1,1,1,1,1,0,0,0,1,0,0,"7+"
"581","473-1","Rural","10-14y","Male",11,"Student",8,6.5,6.5,0.5,0.5,0,0,0,0,0,0,0,0,0,0,0,0,"7+"
"582","474-1","Rural","5-9y","Male",8,"Student",4,6.5,6.5,3.5,3.5,0,0,0,0,0,0,1,1,0,1,1,0,"3-4"
"583","475-1","Rural","30-39y","Male",39,NA,5,5.5,5.5,1.5,1.5,0,0,0,0,0,0,0,0,0,0,0,0,"5-6"
"584","475-2","Rural","<6mo","Female",0,"Child",NA,5,5,1.5,1.5,0,0,0,0,0,0,0,0,0,0,0,0,NA
"585","476-1","Rural","15-19y","Male",16,"Student",5,4,6,NA,1,0,0,0,0,0,0,NA,NA,NA,0,0,0,"5-6"
"586","477-1","Rural","10-14y","Female",11,"Student",4,9.5,9.5,3.5,4,1,1,0,1,1,0,1,1,0,1,1,0,"3-4"
"587","478-1","Rural","5-9y","Male",8,"Student",3,8.5,8.5,6,6,1,1,0,1,0,0,1,1,1,1,1,1,"3-4"
"588","479-1","Rural","10-14y","Male",14,"Student",5,20,20,8,8,1,1,1,1,1,1,1,1,1,1,1,1,"5-6"
"589","48-1","Rural","60+y","Female",75,NA,1,2,2.5,0.5,1.5,0,0,0,0,0,0,0,0,0,0,0,0,"1-2"
"590","480-1","Rural","10-14y","Male",13,"Student",5,20,20,8,8,1,1,1,1,1,1,1,1,1,1,1,1,"5-6"
"591","481-1","Rural","10-14y","Male",13,"Student",5,6,6.5,1,1.5,0,0,0,0,0,0,0,0,0,0,0,0,"5-6"
"592","481-2","Rural","<6mo","Male",0,"Child",NA,6.5,6.5,2,2,0,0,0,0,0,0,0,0,0,0,0,0,NA
"593","482-1","Rural","5-9y","Male",9,"Student",4,9,8.5,5,5,1,1,0,1,0,0,1,1,1,1,1,1,"3-4"
"594","483-1","Rural","15-19y","Male",18,"Student",4,6,6,1.5,1.5,0,0,0,0,0,0,0,0,0,0,0,0,"3-4"
"595","484-1","Rural","15-19y","Female",17,"Student",4,8,8,2.5,2.5,1,0,0,1,0,0,1,0,0,1,0,0,"3-4"
"596","485-1","Rural","15-19y","Male",19,NA,4,7,7,2,2,1,0,0,1,0,0,0,0,0,0,0,0,"3-4"
"597","485-2","Rural","<6mo","Female",0,"Child",NA,8.5,8.5,3,3,1,1,0,1,0,0,1,0,0,1,0,0,NA
"598","486-1","Rural","40-59y","Female",42,NA,3,2,2,NA,NA,0,0,0,0,0,0,NA,NA,NA,NA,NA,NA,"3-4"
"599","487-1","Rural","30-39y","Male",39,NA,3,10,10,4,4,1,1,0,1,1,0,1,1,0,1,1,0,"3-4"
"600","488-1","Rural","40-59y","Female",52,NA,4,4,3.5,1,0.5,0,0,0,0,0,0,0,0,0,0,0,0,"3-4"
"601","489-1","Rural","20-29y","Female",27,"Child",6,6,6,1,1,0,0,0,0,0,0,0,0,0,0,0,0,"5-6"
"602","489-2","Urban","6-11mo","Female",1,"Child",5,7.5,7.5,3.5,3.5,1,0,0,1,0,0,1,1,0,1,1,0,"5-6"
"603","49-1","Rural","60+y","Female",77,NA,1,1,1,0.5,0.5,0,0,0,0,0,0,0,0,0,0,0,0,"1-2"
"604","490-1","Rural","30-39y","Male",35,NA,6,4,4,NA,NA,0,0,0,0,0,0,NA,NA,NA,NA,NA,NA,"5-6"
"605","491-1","Rural","5-9y","Male",7,"Student",8,6.5,6.5,0.5,0.5,0,0,0,0,0,0,0,0,0,0,0,0,"7+"
"606","492-1","Rural","10-14y","Female",11,"Student",6,8.5,8.5,2.5,2.5,1,1,0,1,0,0,1,0,0,1,0,0,"5-6"
"607","493-1","Rural","20-29y","Male",24,NA,5,4,4.5,NA,0.5,0,0,0,0,0,0,NA,NA,NA,0,0,0,"5-6"
"608","494-1","Rural","30-39y","Female",32,"Child",4,4,5,1.5,2,0,0,0,0,0,0,0,0,0,0,0,0,"3-4"
"609","494-2","Urban","<6mo","Female",0,"Child",4,3.5,3.5,0.5,0.5,0,0,0,0,0,0,0,0,0,0,0,0,"3-4"
"610","495-1","Rural","30-39y","Male",32,NA,2,5,5,2,2,0,0,0,0,0,0,0,0,0,0,0,0,"1-2"
"611","496-1","Rural","30-39y","Male",30,NA,5,4.5,4.5,0.5,0.5,0,0,0,0,0,0,0,0,0,0,0,0,"5-6"
"612","497-1","Urban","5-9y","Female",8,"Student",5,10.5,12,4,5,1,1,1,1,1,1,1,1,0,1,1,1,"5-6"
"613","498-1","Urban","10-14y","Female",11,"Student",4,10,10,3.5,3.5,1,1,0,1,1,0,1,1,0,1,1,0,"3-4"
"614","498-2","Urban","6-11mo","Female",1,"Child",4,8,8,3,3,1,0,0,1,0,0,1,0,0,1,0,0,"3-4"
"615","499-1","Urban","20-29y","Male",28,NA,3,5,5,2,2,0,0,0,0,0,0,0,0,0,0,0,0,"3-4"
"616","5-1","Urban","60+y","Male",65,NA,4,4,4,1,1,0,0,0,0,0,0,0,0,0,0,0,0,"3-4"
"617","50-1","Rural","60+y","Female",79,NA,5,4,4,NA,NA,0,0,0,0,0,0,NA,NA,NA,NA,NA,NA,"5-6"
"618","500-1","Urban","10-14y","Male",11,"Student",5,9.5,9.5,5.5,5.5,1,1,0,1,1,0,1,1,1,1,1,1,"5-6"
"619","501-1","Urban","10-14y","Male",12,"Student",5,8.5,8.5,2.5,2.5,1,1,0,1,0,0,1,0,0,1,0,0,"5-6"
"620","502-1","Urban","20-29y","Male",20,NA,4,7,7,2,2,1,0,0,1,0,0,0,0,0,0,0,0,"3-4"
"621","502-2","Urban","6-11mo","Female",1,"Child",4,8,8,2.5,2.5,1,0,0,1,0,0,1,0,0,1,0,0,"3-4"
"622","503-1","Urban","15-19y","Male",18,NA,4,7.5,7.5,3,3,1,0,0,1,0,0,1,0,0,1,0,0,"3-4"
"623","504-1","Urban","40-59y","Female",49,NA,4,5,3.5,1.5,0,0,0,0,0,0,0,0,0,0,0,0,0,"3-4"
"624","505-1","Urban","30-39y","Female",35,"Child",4,3.5,3.5,0.5,0.5,0,0,0,0,0,0,0,0,0,0,0,0,"3-4"
"625","506-1","Urban","15-19y","Female",15,"Student",6,8,8,2,2,1,0,0,1,0,0,0,0,0,0,0,0,"5-6"
"626","507-1","Urban","40-59y","Female",45,"Child",6,3.5,3.5,1,1,0,0,0,0,0,0,0,0,0,0,0,0,"5-6"
"627","508-1","Urban","15-19y","Female",18,"Student",6,6.5,5.5,1.5,0.5,0,0,0,0,0,0,0,0,0,0,0,0,"5-6"
"628","509-1","Urban","10-14y","Female",12,"Student",4,7,4.5,2.5,1,1,0,0,0,0,0,1,0,0,0,0,0,"3-4"
"629","51-1","Rural","60+y","Male",63,NA,2,1,1,NA,NA,0,0,0,0,0,0,NA,NA,NA,NA,NA,NA,"1-2"
"630","51-2","Rural","1-4y","Female",2,"Child",NA,7.5,7.5,2,2,1,0,0,1,0,0,0,0,0,0,0,0,NA
"631","510-1","Urban","15-19y","Male",18,"Student",3,7.5,6.5,3.5,3,1,0,0,0,0,0,1,1,0,1,0,0,"3-4"
"632","511-1","Urban","10-14y","Female",11,"Student",5,8.5,6,3.5,1.5,1,1,0,0,0,0,1,1,0,0,0,0,"5-6"
"633","512-1","Urban","10-14y","Male",12,"Student",5,11,9.5,5.5,4,1,1,1,1,1,0,1,1,1,1,1,0,"5-6"
"634","514-1","Urban","20-29y","Female",21,NA,4,9.5,8,3.5,2.5,1,1,0,1,0,0,1,1,0,1,0,0,"3-4"
"635","515-1","Rural","5-9y","Male",10,"Student",4,9,8.5,6.5,6,1,1,0,1,0,0,1,1,1,1,1,1,"3-4"
"636","516-1","Rural","10-14y","Male",14,"Student",4,11,12,4.5,4.5,1,1,1,1,1,1,1,1,1,1,1,0,"3-4"
"637","517-1","Rural","30-39y","Male",39,NA,4,2,2,NA,NA,0,0,0,0,0,0,NA,NA,NA,NA,NA,NA,"3-4"
"638","518-1","Rural","15-19y","Male",20,"Student",3,7,7,3,3,1,0,0,1,0,0,1,0,0,1,0,0,"3-4"
"639","519-1","Rural","20-29y","Male",27,NA,3,2,2,NA,NA,0,0,0,0,0,0,NA,NA,NA,NA,NA,NA,"3-4"
"640","519-2","Urban","6-11mo","Female",1,"Child",4,14,14.5,7,7,1,1,1,1,1,1,1,1,1,1,1,1,"3-4"
"641","52-1","Rural","60+y","Male",66,"Retired",4,3.5,4,0.5,1,0,0,0,0,0,0,0,0,0,0,0,0,"3-4"
"642","520-1","Rural","10-14y","Male",13,NA,4,3.5,5,0.5,2,0,0,0,0,0,0,0,0,0,0,0,0,"3-4"
"643","521-1","Rural","20-29y","Male",29,NA,7,6,6,NA,NA,0,0,0,0,0,0,NA,NA,NA,NA,NA,NA,"7+"
"644","522-1","Rural","30-39y","Female",35,NA,5,12,12,4,4,1,1,1,1,1,1,1,1,0,1,1,0,"5-6"
"645","522-2","Rural","6-11mo","Male",1,"Child",NA,5.5,7,1.5,2.5,0,0,0,1,0,0,0,0,0,1,0,0,NA
"646","523-1","Rural","10-14y","Female",14,"Student",5,13,12.5,5,4.5,1,1,1,1,1,1,1,1,1,1,1,0,"5-6"
"647","524-1","Rural","15-19y","Female",15,"Student",5,11.5,14,4,5.5,1,1,1,1,1,1,1,1,0,1,1,1,"5-6"
"648","525-1","Rural","30-39y","Male",34,NA,2,5,5,2,2,0,0,0,0,0,0,0,0,0,0,0,0,"1-2"
"649","526-1","Rural","15-19y","Male",17,NA,4,8,8,2.5,2.5,1,0,0,1,0,0,1,0,0,1,0,0,"3-4"
"650","526-2","Urban","6-11mo","Male",1,"Child",4,6.5,6.5,2,2,0,0,0,0,0,0,0,0,0,0,0,0,"3-4"
"651","527-1","Rural","10-14y","Male",11,"Student",6,10,10,2.5,2.5,1,1,0,1,1,0,1,0,0,1,0,0,"5-6"
"652","528-1","Rural","5-9y","Female",8,"Student",4,8.5,9.5,3.5,4,1,1,0,1,1,0,1,1,0,1,1,0,"3-4"
"653","529-1","Rural","20-29y","Male",29,NA,7,8.5,7.5,2.5,1.5,1,1,0,1,0,0,1,0,0,0,0,0,"7+"
"654","529-2","Urban","1-4y","Male",1,"Child",4,8,8,2.5,2.5,1,0,0,1,0,0,1,0,0,1,0,0,"3-4"
"655","53-1","Rural","60+y","Male",65,NA,6,5,5,NA,NA,0,0,0,0,0,0,NA,NA,NA,NA,NA,NA,"5-6"
"656","530-1","Rural","5-9y","Male",10,"Student",4,7.5,9,3,4.5,1,0,0,1,1,0,1,0,0,1,1,0,"3-4"
"657","531-1","Urban","60+y","Male",83,"Retired",8,7.5,7.5,1,1,1,0,0,1,0,0,0,0,0,0,0,0,"7+"
"658","532-1","Urban","40-59y","Female",44,NA,8,5.5,9.5,0.5,3,0,0,0,1,1,0,0,0,0,1,0,0,"7+"
"659","533-1","Urban","10-14y","Male",12,"Student",6,13.5,11.5,6,4,1,1,1,1,1,1,1,1,1,1,1,0,"5-6"
"660","533-2","Rural","<6mo","Male",0,"Child",NA,6.5,6.5,2.5,2.5,0,0,0,0,0,0,1,0,0,1,0,0,NA
"661","534-1","Urban","15-19y","Female",17,NA,6,3.5,3.5,1,1,0,0,0,0,0,0,0,0,0,0,0,0,"5-6"
"662","535-1","Rural","30-39y","Male",36,NA,10,10.5,11,1.5,2,1,1,1,1,1,1,0,0,0,0,0,0,"7+"
"663","536-1","Rural","30-39y","Female",30,"Child",10,11.5,11.5,2.5,2.5,1,1,1,1,1,1,1,0,0,1,0,0,"7+"
"664","537-1","Rural","5-9y","Male",5,"Student",7,6,6,NA,NA,0,0,0,0,0,0,NA,NA,NA,NA,NA,NA,"7+"
"665","538-1","Rural","30-39y","Male",31,NA,4,5.5,5.5,1.5,1.5,0,0,0,0,0,0,0,0,0,0,0,0,"3-4"
"666","538-2","Urban","<6mo","Female",0,"Child",5,8,8.5,3,3.5,1,0,0,1,0,0,1,0,0,1,1,0,"5-6"
"667","539-1","Urban","10-14y","Female",14,"Student",6,11.5,9.5,6,4,1,1,1,1,1,0,1,1,1,1,1,0,"5-6"
"668","54-1","Rural","60+y","Female",67,NA,7,6,6,NA,NA,0,0,0,0,0,0,NA,NA,NA,NA,NA,NA,"7+"
"669","540-1","Urban","10-14y","Male",14,"Student",5,10,9.5,6,5.5,1,1,0,1,1,0,1,1,1,1,1,1,"5-6"
"670","541-1","Rural","30-39y","Female",30,"Child",6,9.5,9.5,3.5,3.5,1,1,0,1,1,0,1,1,0,1,1,0,"5-6"
"671","542-1","Rural","20-29y","Male",25,NA,5,6.5,5.5,3,2,0,0,0,0,0,0,1,0,0,0,0,0,"5-6"
"672","542-2","Rural","1-4y","Male",2,"Child",4,7,7.5,3.5,4,1,0,0,1,0,0,1,1,0,1,1,0,"3-4"
"673","543-1","Rural","15-19y","Male",20,"Student",5,5.5,6,1.5,2,0,0,0,0,0,0,0,0,0,0,0,0,"5-6"
"674","544-1","Rural","10-14y","Male",12,"Student",4,8.5,9,3,3.5,1,1,0,1,1,0,1,0,0,1,1,0,"3-4"
"675","545-1","Rural","15-19y","Female",20,NA,4,5,5,2.5,2.5,0,0,0,0,0,0,1,0,0,1,0,0,"3-4"
"676","546-1","Rural","15-19y","Male",15,"Student",5,11,11,4.5,4.5,1,1,1,1,1,1,1,1,1,1,1,0,"5-6"
"677","546-2","Rural","<6mo","Female",0,"Child",5,3.5,3.5,0.5,0.5,0,0,0,0,0,0,0,0,0,0,0,0,"5-6"
"678","547-1","Rural","15-19y","Male",15,"Student",5,8,7.5,3.5,3,1,0,0,1,0,0,1,1,0,1,0,0,"5-6"
"679","548-1","Rural","20-29y","Male",28,NA,5,3,3,NA,NA,0,0,0,0,0,0,NA,NA,NA,NA,NA,NA,"5-6"
"680","549-1","Urban","10-14y","Male",11,"Student",4,7.5,6.5,3,2.5,1,0,0,0,0,0,1,0,0,1,0,0,"3-4"
"681","55-1","Rural","40-59y","Female",57,"Child",5,4,4,NA,NA,0,0,0,0,0,0,NA,NA,NA,NA,NA,NA,"5-6"
"682","550-1","Urban","10-14y","Female",15,"Student",4,9,7.5,4,3,1,1,0,1,0,0,1,1,0,1,0,0,"3-4"
"683","550-2","Rural","1-4y","Female",3,"Child",5,7.5,7.5,3.5,3.5,1,0,0,1,0,0,1,1,0,1,1,0,"5-6"
"684","551-1","Urban","15-19y","Male",20,NA,8,13,12.5,4.5,4.5,1,1,1,1,1,1,1,1,1,1,1,0,"7+"
"685","552-1","Urban","30-39y","Male",31,NA,5,4.5,3.5,0.5,NA,0,0,0,0,0,0,0,0,0,NA,NA,NA,"5-6"
"686","554-1","Urban","40-59y","Female",40,NA,3,5,3.5,1.5,1,0,0,0,0,0,0,0,0,0,0,0,0,"3-4"
"687","554-2","Rural","1-4y","Male",3,"Child",5,7,7,4.5,4.5,1,0,0,1,0,0,1,1,1,1,1,0,"5-6"
"688","555-1","Urban","30-39y","Male",36,NA,7,6.5,6.5,0.5,0.5,0,0,0,0,0,0,0,0,0,0,0,0,"7+"
"689","556-1","Urban","15-19y","Male",16,"Student",5,10,10,4,4,1,1,0,1,1,0,1,1,0,1,1,0,"5-6"
"690","558-1","Urban","15-19y","Female",17,"Student",5,6,6,1,1,0,0,0,0,0,0,0,0,0,0,0,0,"5-6"
"691","559-1","Urban","40-59y","Male",47,NA,3,8,6,3.5,2.5,1,0,0,0,0,0,1,1,0,1,0,0,"3-4"
"692","56-1","Urban","60+y","Male",66,NA,3,5.5,6,3,3.5,0,0,0,0,0,0,1,0,0,1,1,0,"3-4"
"693","560-1","Urban","5-9y","Female",7,"Student",3,8,8,3.5,3.5,1,0,0,1,0,0,1,1,0,1,1,0,"3-4"
"694","561-2","Urban","1-4y","Female",2,"Child",4,7.5,7.5,2.5,2.5,1,0,0,1,0,0,1,0,0,1,0,0,"3-4"
"695","562-1","Urban","5-9y","Female",10,"Student",5,7,7,1.5,1.5,1,0,0,1,0,0,0,0,0,0,0,0,"5-6"
"696","564-2","Urban","<6mo","Female",0,"Child",4,4.5,5.5,1.5,2,0,0,0,0,0,0,0,0,0,0,0,0,"3-4"
"697","565-1","Urban","15-19y","Female",17,NA,5,14,14.5,5.5,6,1,1,1,1,1,1,1,1,1,1,1,1,"5-6"
"698","566-1","Urban","40-59y","Female",41,"Child",4,7.5,8,3,3.5,1,0,0,1,0,0,1,0,0,1,1,0,"3-4"
"699","568-1","Urban","30-39y","Female",30,"Child",6,7,7,3,3,1,0,0,1,0,0,1,0,0,1,0,0,"5-6"
"700","568-2","Rural","<6mo","Female",0,"Child",6,5,5,NA,NA,0,0,0,0,0,0,NA,NA,NA,NA,NA,NA,"5-6"
"701","57-1","Urban","60+y","Male",70,NA,2,4,3.5,2.5,2,0,0,0,0,0,0,1,0,0,0,0,0,"1-2"
"702","570-1","Urban","20-29y","Male",22,NA,4,5,5,1,1,0,0,0,0,0,0,0,0,0,0,0,0,"3-4"
"703","571-1","Urban","5-9y","Female",6,"Student",5,6,6,2,2,0,0,0,0,0,0,0,0,0,0,0,0,"5-6"
"704","572-1","Urban","5-9y","Male",9,"Student",6,10,10,2.5,2.5,1,1,0,1,1,0,1,0,0,1,0,0,"5-6"
"705","573-1","Urban","60+y","Male",63,NA,6,8,8,1.5,1.5,1,0,0,1,0,0,0,0,0,0,0,0,"5-6"
"706","574-1","Urban","20-29y","Male",27,NA,3,4.5,4.5,2.5,2.5,0,0,0,0,0,0,1,0,0,1,0,0,"3-4"
"707","574-2","Rural","6-11mo","Male",1,"Child",3,6,6.5,2.5,3,0,0,0,0,0,0,1,0,0,1,0,0,"3-4"
"708","575-1","Urban","5-9y","Female",7,"Student",5,7.5,7.5,3.5,3.5,1,0,0,1,0,0,1,1,0,1,1,0,"5-6"
"709","576-1","Urban","5-9y","Male",7,"Student",5,10.5,7.5,4,2,1,1,1,1,0,0,1,1,0,0,0,0,"5-6"
"710","577-1","Urban","5-9y","Female",9,"Student",5,6.5,5.5,2,1,0,0,0,0,0,0,0,0,0,0,0,0,"5-6"
"711","577-2","Rural","6-11mo","Female",1,"Child",5,7.5,7.5,3,3,1,0,0,1,0,0,1,0,0,1,0,0,"5-6"
"712","578-1","Urban","30-39y","Male",37,NA,6,6,5.5,0.5,0.5,0,0,0,0,0,0,0,0,0,0,0,0,"5-6"
"713","579-1","Urban","15-19y","Male",17,NA,5,8,8,2,2,1,0,0,1,0,0,0,0,0,0,0,0,"5-6"
"714","58-1","Urban","60+y","Female",64,"Child",2,1.5,1.5,0.5,0.5,0,0,0,0,0,0,0,0,0,0,0,0,"1-2"
"715","58-2","Rural","1-4y","Male",2,"Child",NA,9,9,4,4,1,1,0,1,1,0,1,1,0,1,1,0,NA
"716","580-1","Urban","30-39y","Male",32,NA,6,9,9,2,2,1,1,0,1,1,0,0,0,0,0,0,0,"5-6"
"717","581-1","Rural","10-14y","Female",11,"Student",3,6.5,6.5,2.5,2.5,0,0,0,0,0,0,1,0,0,1,0,0,"3-4"
"718","582-1","Rural","10-14y","Female",11,"Student",7,9,9,3,3,1,1,0,1,1,0,1,0,0,1,0,0,"7+"
"719","582-2","Rural","1-4y","Female",2,"Child",6,10,10,4.5,4.5,1,1,0,1,1,0,1,1,1,1,1,0,"5-6"
"720","583-1","Rural","10-14y","Male",14,"Student",4,8.5,8,4,3.5,1,1,0,1,0,0,1,1,0,1,1,0,"3-4"
"721","584-1","Rural","10-14y","Female",11,"Student",4,8,7,3,2.5,1,0,0,1,0,0,1,0,0,1,0,0,"3-4"
"722","585-1","Rural","10-14y","Female",11,"Student",5,10.5,11,4.5,5,1,1,1,1,1,1,1,1,1,1,1,1,"5-6"
"723","586-1","Rural","10-14y","Female",14,"Student",5,10.5,7.5,3,2,1,1,1,1,0,0,1,0,0,0,0,0,"5-6"
"724","587-1","Urban","5-9y","Male",8,"Student",4,10.5,9.5,5,4,1,1,1,1,1,0,1,1,1,1,1,0,"3-4"
"725","588-1","Urban","15-19y","Female",15,"Student",5,9,7,5,3.5,1,1,0,1,0,0,1,1,1,1,1,0,"5-6"
"726","588-2","Rural","<6mo","Male",0,"Child",5,6,6,1,1,0,0,0,0,0,0,0,0,0,0,0,0,"5-6"
"727","589-1","Urban","5-9y","Male",7,"Student",5,6.5,5,2.5,1.5,0,0,0,0,0,0,1,0,0,0,0,0,"5-6"
"728","59-1","Urban","60+y","Female",71,NA,1,4.5,4.5,3,3,0,0,0,0,0,0,1,0,0,1,0,0,"1-2"
"729","590-1","Rural","30-39y","Male",40,NA,4,7,7,2,2,1,0,0,1,0,0,0,0,0,0,0,0,"3-4"
"730","591-1","Rural","10-14y","Male",12,"Student",4,13.5,13.5,6,6,1,1,1,1,1,1,1,1,1,1,1,1,"3-4"
"731","592-1","Rural","10-14y","Male",10,"Student",4,19,19,8,8,1,1,1,1,1,1,1,1,1,1,1,1,"3-4"
"732","593-1","Rural","5-9y","Female",7,"Student",10,12.5,12.5,3.5,3.5,1,1,1,1,1,1,1,1,0,1,1,0,"7+"
"733","593-2","Rural","6-11mo","Male",1,"Child",8,4.5,4.5,1,1,0,0,0,0,0,0,0,0,0,0,0,0,"7+"
"734","594-1","Rural","5-9y","Female",6,"Student",4,4.5,4.5,1.5,1.5,0,0,0,0,0,0,0,0,0,0,0,0,"3-4"
"735","595-1","Urban","5-9y","Female",8,"Student",16,15,12,4,1,1,1,1,1,1,1,1,1,0,0,0,0,"7+"
"736","596-1","Urban","30-39y","Female",37,"Child",16,12.5,12.5,0.5,0.5,1,1,1,1,1,1,0,0,0,0,0,0,"7+"
"737","597-1","Urban","10-14y","Male",13,"Student",6,11,10.5,3.5,3,1,1,1,1,1,0,1,1,0,1,0,0,"5-6"
"738","598-1","Urban","60+y","Male",74,NA,3,4,4,1,1,0,0,0,0,0,0,0,0,0,0,0,0,"3-4"
"739","599-1","Urban","60+y","Male",61,"Retired",5,7,7,2,2,1,0,0,1,0,0,0,0,0,0,0,0,"5-6"
"740","599-2","Rural","6-11mo","Female",1,"Child",NA,6.5,7,2.5,3,0,0,0,1,0,0,1,0,0,1,0,0,NA
"741","6-1","Urban","60+y","Male",60,NA,3,4,4,1.5,1.5,0,0,0,0,0,0,0,0,0,0,0,0,"3-4"
"742","60-1","Urban","60+y","Female",80,NA,2,2,2,1.5,1.5,0,0,0,0,0,0,0,0,0,0,0,0,"1-2"
"743","600-1","Urban","10-14y","Female",13,"Student",4,6,6,1.5,1.5,0,0,0,0,0,0,0,0,0,0,0,0,"3-4"
"744","601-1","Urban","40-59y","Male",42,NA,5,9.5,9,3,2.5,1,1,0,1,1,0,1,0,0,1,0,0,"5-6"
"745","602-1","Urban","5-9y","Male",6,"Student",5,10,10,3,3,1,1,0,1,1,0,1,0,0,1,0,0,"5-6"
"746","603-1","Rural","20-29y","Female",25,NA,4,2,2,NA,NA,0,0,0,0,0,0,NA,NA,NA,NA,NA,NA,"3-4"
"747","603-2","Rural","<6mo","Male",0,"Child",NA,7,7.5,1.5,1.5,1,0,0,1,0,0,0,0,0,0,0,0,NA
"748","604-1","Rural","30-39y","Female",31,"Child",6,8.5,7,2,1,1,1,0,1,0,0,0,0,0,0,0,0,"5-6"
"749","605-1","Rural","30-39y","Male",34,NA,6,9,5,2,NA,1,1,0,0,0,0,0,0,0,NA,NA,NA,"5-6"
"750","606-1","Rural","5-9y","Male",6,"Student",6,7.5,7.5,2.5,2.5,1,0,0,1,0,0,1,0,0,1,0,0,"5-6"
"751","607-1","Rural","5-9y","Male",7,"Student",4,11.5,12,4,4.5,1,1,1,1,1,1,1,1,0,1,1,0,"3-4"
"752","608-1","Rural","10-14y","Female",12,"Student",5,13.5,15,5,5.5,1,1,1,1,1,1,1,1,1,1,1,1,"5-6"
"753","608-2","Rural","6-11mo","Male",1,"Child",NA,10,10,4,4,1,1,0,1,1,0,1,1,0,1,1,0,NA
"754","609-1","Rural","10-14y","Female",12,"Student",2,10,9.5,4.5,4,1,1,0,1,1,0,1,1,1,1,1,0,"1-2"
"755","61-1","Urban","60+y","Female",74,NA,7,6,6,1,1,0,0,0,0,0,0,0,0,0,0,0,0,"7+"
"756","610-1","Rural","20-29y","Male",26,NA,3,10,10,4,4,1,1,0,1,1,0,1,1,0,1,1,0,"3-4"
"757","611-1","Rural","15-19y","Male",18,"Student",3,13,13,5.5,5.5,1,1,1,1,1,1,1,1,1,1,1,1,"3-4"
"758","612-1","Rural","10-14y","Male",12,"Student",6,13.5,15,4,5,1,1,1,1,1,1,1,1,0,1,1,1,"5-6"
"759","613-1","Rural","5-9y","Female",8,"Student",6,10.5,12,3,4,1,1,1,1,1,1,1,0,0,1,1,0,"5-6"
"760","613-2","Rural","<6mo","Male",0,"Child",NA,5,5,1,1,0,0,0,0,0,0,0,0,0,0,0,0,NA
"761","614-1","Rural","15-19y","Male",19,"Student",3,10.5,10.5,4.5,4.5,1,1,1,1,1,0,1,1,1,1,1,0,"3-4"
"762","615-1","Urban","20-29y","Male",27,NA,4,5,5.5,1,1.5,0,0,0,0,0,0,0,0,0,0,0,0,"3-4"
"763","616-1","Urban","10-14y","Male",12,"Student",4,9,9,3,3,1,1,0,1,1,0,1,0,0,1,0,0,"3-4"
"764","617-1","Urban","10-14y","Male",14,"Student",4,9,9,3,3,1,1,0,1,1,0,1,0,0,1,0,0,"3-4"
"765","617-2","Urban","6-11mo","Male",1,"Child",7,6,6,0.5,0.5,0,0,0,0,0,0,0,0,0,0,0,0,"7+"
"766","618-1","Urban","15-19y","Male",16,"Student",4,9,9,3,3,1,1,0,1,1,0,1,0,0,1,0,0,"3-4"
"767","618-2","Urban","6-11mo","Female",1,"Child",5,5,5,0.5,0.5,0,0,0,0,0,0,0,0,0,0,0,0,"5-6"
"768","619-1","Urban","15-19y","Male",16,"Student",5,7.5,8,2.5,3,1,0,0,1,0,0,1,0,0,1,0,0,"5-6"
"769","619-2","Urban","6-11mo","Female",0,"Child",4,3,3,NA,NA,0,0,0,0,0,0,NA,NA,NA,NA,NA,NA,"3-4"
"770","62-1","Urban","60+y","Female",60,"Child",2,2.5,2.5,1,1,0,0,0,0,0,0,0,0,0,0,0,0,"1-2"
"771","620-1","Urban","10-14y","Male",14,"Student",5,9,9,2.5,2.5,1,1,0,1,1,0,1,0,0,1,0,0,"5-6"
"772","621-1","Urban","20-29y","Male",26,NA,6,5,5,NA,NA,0,0,0,0,0,0,NA,NA,NA,NA,NA,NA,"5-6"
"773","621-2","Rural","6-11mo","Female",0,"Child",NA,6,8,2.5,4,0,0,0,1,0,0,1,0,0,1,1,0,NA
"774","622-1","Urban","15-19y","Female",18,"Child",6,8,8,3,3,1,0,0,1,0,0,1,0,0,1,0,0,"5-6"
"775","623-1","Urban","10-14y","Male",11,"Student",6,10,10,2.5,2.5,1,1,0,1,1,0,1,0,0,1,0,0,"5-6"
"776","624-1","Rural","15-19y","Male",17,"Student",4,4,4,0.5,0.5,0,0,0,0,0,0,0,0,0,0,0,0,"3-4"
"777","624-2","Rural","6-11mo","Female",1,"Child",5,6,6,1,1,0,0,0,0,0,0,0,0,0,0,0,0,"5-6"
"778","625-1","Rural","10-14y","Female",15,"Student",4,9,9,3,3,1,1,0,1,1,0,1,0,0,1,0,0,"3-4"
"779","626-1","Urban","10-14y","Male",12,"Student",5,4.5,4,0,NA,0,0,0,0,0,0,0,0,0,NA,NA,NA,"5-6"
"780","627-1","Rural","15-19y","Male",19,NA,3,3,4,0.5,1.5,0,0,0,0,0,0,0,0,0,0,0,0,"3-4"
"781","628-1","Rural","15-19y","Female",17,"Student",5,4,4,NA,NA,0,0,0,0,0,0,NA,NA,NA,NA,NA,NA,"5-6"
"782","628-2","Rural","<6mo","Male",0,"Child",5,6.5,6.5,1.5,1.5,0,0,0,0,0,0,0,0,0,0,0,0,"5-6"
"783","629-1","Rural","15-19y","Male",19,"Student",5,8.5,6,2.5,1,1,1,0,0,0,0,1,0,0,0,0,0,"5-6"
"784","63-1","Urban","60+y","Male",61,NA,3,2.5,2.5,0.5,0.5,0,0,0,0,0,0,0,0,0,0,0,0,"3-4"
"785","63-2","Rural","<6mo","Male",0,"Child",8,4.5,4.5,2,2,0,0,0,0,0,0,0,0,0,0,0,0,"7+"
"786","630-1","Rural","10-14y","Female",10,"Student",6,7,4,1.5,NA,1,0,0,0,0,0,0,0,0,NA,NA,NA,"5-6"
"787","631-1","Rural","10-14y","Female",11,"Student",5,5.5,7.5,1.5,3.5,0,0,0,1,0,0,0,0,0,1,1,0,"5-6"
"788","632-1","Rural","5-9y","Female",8,"Student",5,5.5,4,1.5,NA,0,0,0,0,0,0,0,0,0,NA,NA,NA,"5-6"
"789","633-1","Rural","10-14y","Female",10,"Student",5,9,6.5,2.5,1.5,1,1,0,0,0,0,1,0,0,0,0,0,"5-6"
"790","633-2","Rural","<6mo","Male",0,"Child",NA,7.5,7.5,2.5,2.5,1,0,0,1,0,0,1,0,0,1,0,0,NA
"791","634-1","Rural","30-39y","Female",31,NA,4,4,5.5,0.5,1,0,0,0,0,0,0,0,0,0,0,0,0,"3-4"
"792","635-1","Rural","20-29y","Female",25,NA,2,3,7.5,1.5,3,0,0,0,1,0,0,0,0,0,1,0,0,"1-2"
"793","636-1","Rural","10-14y","Female",11,"Student",5,9.5,11,4.5,6,1,1,0,1,1,1,1,1,1,1,1,1,"5-6"
"794","637-1","Rural","10-14y","Female",13,"Student",5,12.5,20,6,12,1,1,1,1,1,1,1,1,1,1,1,1,"5-6"
"795","637-2","Rural","<6mo","Female",0,"Child",NA,8,8,4,4,1,0,0,1,0,0,1,1,0,1,1,0,NA
"796","638-1","Rural","20-29y","Female",26,"Child",6,5,5,NA,NA,0,0,0,0,0,0,NA,NA,NA,NA,NA,NA,"5-6"
"797","639-1","Rural","30-39y","Female",31,"Child",6,5,5,NA,NA,0,0,0,0,0,0,NA,NA,NA,NA,NA,NA,"5-6"
"798","64-1","Urban","60+y","Male",61,NA,2,3,2,1.5,1,0,0,0,0,0,0,0,0,0,0,0,0,"1-2"
"799","640-1","Urban","5-9y","Male",6,"Student",5,5.5,5.5,1.5,1.5,0,0,0,0,0,0,0,0,0,0,0,0,"5-6"
"800","640-2","Rural","<6mo","Female",0,"Child",NA,7,7,2.5,2.5,1,0,0,1,0,0,1,0,0,1,0,0,NA
"801","641-1","Urban","5-9y","Male",10,"Student",5,9.5,9.5,4,4,1,1,0,1,1,0,1,1,0,1,1,0,"5-6"
"802","642-1","Urban","40-59y","Male",51,NA,5,8,8,2.5,2.5,1,0,0,1,0,0,1,0,0,1,0,0,"5-6"
"803","643-1","Urban","40-59y","Male",43,NA,4,4,4.5,0.5,1,0,0,0,0,0,0,0,0,0,0,0,0,"3-4"
"804","644-1","Rural","10-14y","Male",11,"Student",6,7,5,2,NA,1,0,0,0,0,0,0,0,0,NA,NA,NA,"5-6"
"805","645-1","Rural","5-9y","Female",8,"Student",6,10,5,5,NA,1,1,0,0,0,0,1,1,1,NA,NA,NA,"5-6"
"806","645-2","Rural","<6mo","Male",0,"Child",NA,5,5,1.5,1.5,0,0,0,0,0,0,0,0,0,0,0,0,NA
"807","646-1","Rural","5-9y","Male",8,"Student",4,6,8.5,2.5,4,0,0,0,1,0,0,1,0,0,1,1,0,"3-4"
"808","647-1","Rural","5-9y","Female",6,"Student",5,8,11,2,3.5,1,0,0,1,1,1,0,0,0,1,1,0,"5-6"
"809","648-1","Rural","30-39y","Female",31,"Child",5,7,7,1.5,1.5,1,0,0,1,0,0,0,0,0,0,0,0,"5-6"
"810","649-1","Rural","15-19y","Female",18,"Student",4,5,4.5,2,1.5,0,0,0,0,0,0,0,0,0,0,0,0,"3-4"
"811","649-2","Rural","<6mo","Female",0,"Child",NA,6,6,1.5,1.5,0,0,0,0,0,0,0,0,0,0,0,0,NA
"812","65-1","Urban","60+y","Female",75,NA,1,5.5,5.5,3,3,0,0,0,0,0,0,1,0,0,1,0,0,"1-2"
"813","650-1","Rural","10-14y","Female",14,"Student",4,14.5,14.5,6.5,6.5,1,1,1,1,1,1,1,1,1,1,1,1,"3-4"
"814","651-1","Urban","20-29y","Female",26,"Child",3,3,2.5,1,0.5,0,0,0,0,0,0,0,0,0,0,0,0,"3-4"
"815","652-1","Urban","10-14y","Male",13,"Student",5,9,8,5,4,1,1,0,1,0,0,1,1,1,1,1,0,"5-6"
"816","653-1","Rural","20-29y","Male",23,NA,4,8,7.5,2.5,2,1,0,0,1,0,0,1,0,0,0,0,0,"3-4"
"817","653-2","Rural","<6mo","Male",0,"Child",NA,8,8,2.5,2.5,1,0,0,1,0,0,1,0,0,1,0,0,NA
"818","654-1","Rural","20-29y","Male",28,NA,4,6,6.5,2,2,0,0,0,0,0,0,0,0,0,0,0,0,"3-4"
"819","655-1","Urban","5-9y","Male",7,"Student",4,8,8,3.5,3.5,1,0,0,1,0,0,1,1,0,1,1,0,"3-4"
"820","656-1","Rural","5-9y","Female",6,"Student",4,7,7,2.5,2.5,1,0,0,1,0,0,1,0,0,1,0,0,"3-4"
"821","657-1","Rural","20-29y","Female",22,NA,2,1.5,1,0,NA,0,0,0,0,0,0,0,0,0,NA,NA,NA,"1-2"
"822","658-1","Rural","5-9y","Male",7,"Student",8,11,11,2.5,2.5,1,1,1,1,1,1,1,0,0,1,0,0,"7+"
"823","659-2","Rural","6-11mo","Male",1,"Child",NA,4,5.5,0.5,1.5,0,0,0,0,0,0,0,0,0,0,0,0,NA
"824","66-1","Rural","60+y","Male",73,"Retired",2,3,5.5,2,4.5,0,0,0,0,0,0,0,0,0,1,1,0,"1-2"
"825","660-1","Urban","5-9y","Male",7,"Student",4,6.5,6,3.5,3,0,0,0,0,0,0,1,1,0,1,0,0,"3-4"
"826","662-1","Urban","30-39y","Male",33,NA,5,4,4,NA,NA,0,0,0,0,0,0,NA,NA,NA,NA,NA,NA,"5-6"
"827","663-1","Rural","10-14y","Female",10,"Student",5,8.5,8.5,2.5,2.5,1,1,0,1,0,0,1,0,0,1,0,0,"5-6"
"828","663-2","Rural","<6mo","Female",0,"Child",NA,7.5,7.5,2.5,2.5,1,0,0,1,0,0,1,0,0,1,0,0,NA
"829","664-1","Rural","5-9y","Male",7,"Student",4,8,9,2.5,3,1,0,0,1,1,0,1,0,0,1,0,0,"3-4"
"830","665-1","Rural","5-9y","Female",7,"Student",4,10.5,10.5,6.5,6.5,1,1,1,1,1,0,1,1,1,1,1,1,"3-4"
"831","666-1","Rural","10-14y","Male",11,"Student",6,7,7,2,2,1,0,0,1,0,0,0,0,0,0,0,0,"5-6"
"832","666-2","Rural","<6mo","Male",0,"Child",NA,5.5,5.5,1,1,0,0,0,0,0,0,0,0,0,0,0,0,NA
"833","667-1","Urban","5-9y","Female",7,"Student",5,12,11.5,5,5,1,1,1,1,1,1,1,1,1,1,1,1,"5-6"
"834","668-1","Urban","30-39y","Female",37,NA,6,7,5,1.5,NA,1,0,0,0,0,0,0,0,0,NA,NA,NA,"5-6"
"835","669-1","Urban","60+y","Female",70,NA,3,5.5,5.5,2.5,2.5,0,0,0,0,0,0,1,0,0,1,0,0,"3-4"
"836","67-1","Rural","60+y","Male",79,NA,3,2,2.5,NA,0.5,0,0,0,0,0,0,NA,NA,NA,0,0,0,"3-4"
"837","67-2","Rural","<6mo","Male",0,"Child",4,7,7,2.5,2.5,1,0,0,1,0,0,1,0,0,1,0,0,"3-4"
"838","670-1","Urban","5-9y","Female",6,"Student",5,6.5,6,2.5,2,0,0,0,0,0,0,1,0,0,0,0,0,"5-6"
"839","670-2","Urban","1-4y","Male",1,"Child",6,5.5,9,0,2,0,0,0,1,1,0,0,0,0,0,0,0,"5-6"
"840","671-1","Urban","10-14y","Male",12,"Student",5,6.5,6,2.5,2,0,0,0,0,0,0,1,0,0,0,0,0,"5-6"
"841","674-1","Urban","5-9y","Male",5,"Student",5,8,8,2,2,1,0,0,1,0,0,0,0,0,0,0,0,"5-6"
"842","675-1","Rural","15-19y","Male",16,"Student",6,9.5,9,2,2,1,1,0,1,1,0,0,0,0,0,0,0,"5-6"
"843","675-2","Urban","<6mo","Male",0,"Child",5,3,4,NA,0.5,0,0,0,0,0,0,NA,NA,NA,0,0,0,"5-6"
"844","676-1","Rural","60+y","Male",65,NA,5,7,7,1.5,1.5,1,0,0,1,0,0,0,0,0,0,0,0,"5-6"
"845","677-1","Rural","60+y","Male",79,NA,6,6.5,6.5,2,2,0,0,0,0,0,0,0,0,0,0,0,0,"5-6"
"846","678-1","Rural","60+y","Male",78,NA,6,5,6,NA,0.5,0,0,0,0,0,0,NA,NA,NA,0,0,0,"5-6"
"847","679-1","Rural","10-14y","Female",14,"Student",6,7.5,7.5,2.5,2.5,1,0,0,1,0,0,1,0,0,1,0,0,"5-6"
"848","679-2","Urban","6-11mo","Female",0,"Child",5,6,6,1,1,0,0,0,0,0,0,0,0,0,0,0,0,"5-6"
"849","68-1","Rural","60+y","Female",76,"Child",4,3,3,NA,NA,0,0,0,0,0,0,NA,NA,NA,NA,NA,NA,"3-4"
"850","680-1","Rural","15-19y","Male",19,NA,5,8,5,3.5,1,1,0,0,0,0,0,1,1,0,0,0,0,"5-6"
"851","681-1","Rural","15-19y","Male",19,NA,4,4,4,2,2,0,0,0,0,0,0,0,0,0,0,0,0,"3-4"
"852","682-1","Rural","15-19y","Male",17,"Student",5,4.5,5.5,1.5,2.5,0,0,0,0,0,0,0,0,0,1,0,0,"5-6"
"853","683-1","Rural","60+y","Male",67,NA,2,3,2.5,1.5,1,0,0,0,0,0,0,0,0,0,0,0,0,"1-2"
"854","683-2","Urban","<6mo","Male",0,"Child",3,5,5,1.5,1.5,0,0,0,0,0,0,0,0,0,0,0,0,"3-4"
"855","684-1","Rural","60+y","Male",61,NA,7,7.5,7.5,1,1,1,0,0,1,0,0,0,0,0,0,0,0,"7+"
"856","685-1","Rural","15-19y","Male",17,NA,4,3,8,NA,2.5,0,0,0,1,0,0,NA,NA,NA,1,0,0,"3-4"
"857","685-2","Urban","<6mo","Male",0,"Child",7,7,7,2,2,1,0,0,1,0,0,0,0,0,0,0,0,"7+"
"858","686-1","Rural","15-19y","Male",16,"Student",4,11.5,9,8.5,6,1,1,1,1,1,0,1,1,1,1,1,1,"3-4"
"859","687-1","Rural","5-9y","Male",6,"Student",6,10,13.5,3.5,6.5,1,1,0,1,1,1,1,1,0,1,1,1,"5-6"
"860","688-1","Rural","20-29y","Female",25,"Child",5,5,5,0.5,0.5,0,0,0,0,0,0,0,0,0,0,0,0,"5-6"
"861","688-2","Urban","6-11mo","Female",1,"Child",5,7,7,2,2,1,0,0,1,0,0,0,0,0,0,0,0,"5-6"
"862","689-1","Rural","20-29y","Male",27,NA,2,9.5,3,7,1.5,1,1,0,0,0,0,1,1,1,0,0,0,"1-2"
"863","69-1","Rural","60+y","Female",67,"Child",4,1,1,NA,NA,0,0,0,0,0,0,NA,NA,NA,NA,NA,NA,"3-4"
"864","690-1","Urban","60+y","Female",62,NA,1,4.5,4.5,2.5,2.5,0,0,0,0,0,0,1,0,0,1,0,0,"1-2"
"865","691-1","Urban","60+y","Male",61,NA,5,4.5,4,0,NA,0,0,0,0,0,0,0,0,0,NA,NA,NA,"5-6"
"866","691-2","Urban","<6mo","Male",0,"Child",4,8,8,2.5,2.5,1,0,0,1,0,0,1,0,0,1,0,0,"3-4"
"867","692-1","Urban","30-39y","Male",37,NA,6,5.5,5,0,NA,0,0,0,0,0,0,0,0,0,NA,NA,NA,"5-6"
"868","693-1","Urban","10-14y","Female",10,"Student",6,7.5,6.5,2,1,1,0,0,0,0,0,0,0,0,0,0,0,"5-6"
"869","694-1","Urban","20-29y","Male",24,NA,4,3,3,NA,NA,0,0,0,0,0,0,NA,NA,NA,NA,NA,NA,"3-4"
"870","695-1","Urban","20-29y","Male",26,NA,4,8,8,3,3,1,0,0,1,0,0,1,0,0,1,0,0,"3-4"
"871","696-1","Urban","20-29y","Male",23,NA,2,6,6,3,3,0,0,0,0,0,0,1,0,0,1,0,0,"1-2"
"872","697-1","Rural","10-14y","Female",15,"Student",4,7.5,7.5,2.5,2.5,1,0,0,1,0,0,1,0,0,1,0,0,"3-4"
"873","697-2","Urban","6-11mo","Female",1,"Child",3,7,7,2.5,2.5,1,0,0,1,0,0,1,0,0,1,0,0,"3-4"
"874","698-1","Rural","10-14y","Female",10,"Student",4,12.5,14.5,9,11,1,1,1,1,1,1,1,1,1,1,1,1,"3-4"
"875","699-1","Rural","10-14y","Male",15,"Student",4,14.5,14.5,8,8,1,1,1,1,1,1,1,1,1,1,1,1,"3-4"
"876","7-1","Urban","60+y","Female",62,NA,5,11.5,9.5,5.5,3.5,1,1,1,1,1,0,1,1,1,1,1,0,"5-6"
"877","70-1","Rural","40-59y","Male",60,NA,3,2,3.5,NA,1.5,0,0,0,0,0,0,NA,NA,NA,0,0,0,"3-4"
"878","70-2","Rural","<6mo","Female",0,"Child",4,3.5,3.5,0.5,0.5,0,0,0,0,0,0,0,0,0,0,0,0,"3-4"
"879","700-1","Urban","5-9y","Female",8,"Student",10,13.5,12.5,3,2.5,1,1,1,1,1,1,1,0,0,1,0,0,"7+"
"880","700-2","Urban","6-11mo","Male",1,"Child",3,6,6,2,2,0,0,0,0,0,0,0,0,0,0,0,0,"3-4"
"881","701-1","Urban","5-9y","Female",6,"Student",10,13.5,11.5,2.5,1.5,1,1,1,1,1,1,1,0,0,0,0,0,"7+"
"882","702-1","Rural","15-19y","Female",18,"Student",13,12,13,NA,1,1,1,1,1,1,1,NA,NA,NA,0,0,0,"7+"
"883","703-1","Rural","10-14y","Male",13,"Student",13,13,14.5,0.5,2,1,1,1,1,1,1,0,0,0,0,0,0,"7+"
"884","703-2","Urban","<6mo","Male",0,"Child",5,3,3,NA,NA,0,0,0,0,0,0,NA,NA,NA,NA,NA,NA,"5-6"
"885","704-1","Rural","60+y","Male",62,NA,4,5.5,6,1,1.5,0,0,0,0,0,0,0,0,0,0,0,0,"3-4"
"886","705-1","Urban","20-29y","Female",29,"Child",5,4.5,4.5,0.5,0.5,0,0,0,0,0,0,0,0,0,0,0,0,"5-6"
"887","706-1","Urban","15-19y","Female",17,"Student",5,9,7,3.5,2,1,1,0,1,0,0,1,1,0,0,0,0,"5-6"
"888","707-1","Urban","20-29y","Female",21,"Child",7,7,6.5,1.5,1,1,0,0,0,0,0,0,0,0,0,0,0,"7+"
"889","708-1","Rural","15-19y","Male",18,"Student",7,9,9,2,2,1,1,0,1,1,0,0,0,0,0,0,0,"7+"
"890","708-2","Urban","<6mo","Male",0,"Child",5,8,8,2,2,1,0,0,1,0,0,0,0,0,0,0,0,"5-6"
"891","709-1","Urban","10-14y","Female",11,"Student",7,10,6,2,0,1,1,0,0,0,0,0,0,0,0,0,0,"7+"
"892","71-1","Rural","30-39y","Male",34,NA,3,2,5,NA,3,0,0,0,0,0,0,NA,NA,NA,1,0,0,"3-4"
"893","710-1","Urban","30-39y","Female",31,"Child",3,2.5,2.5,0.5,0.5,0,0,0,0,0,0,0,0,0,0,0,0,"3-4"
"894","711-1","Rural","30-39y","Male",33,NA,3,6,4,2,1,0,0,0,0,0,0,0,0,0,0,0,0,"3-4"
"895","712-1","Rural","15-19y","Male",17,"Student",3,7.5,8.5,4,5,1,0,0,1,0,0,1,1,0,1,1,1,"3-4"
"896","713-1","Rural","10-14y","Male",10,"Student",8,7.5,9.5,0,1,1,0,0,1,1,0,0,0,0,0,0,0,"7+"
"897","714-1","Rural","10-14y","Male",11,"Student",8,12,12,2.5,2.5,1,1,1,1,1,1,1,0,0,1,0,0,"7+"
"898","715-1","Rural","5-9y","Male",7,"Student",5,10,12.5,3,4,1,1,0,1,1,1,1,0,0,1,1,0,"5-6"
"899","716-1","Rural","15-19y","Male",18,NA,5,5,7,1.5,3,0,0,0,1,0,0,0,0,0,1,0,0,"5-6"
"900","717-1","Rural","15-19y","Female",16,"Student",5,16.5,16.5,6,6,1,1,1,1,1,1,1,1,1,1,1,1,"5-6"
"901","718-1","Urban","5-9y","Female",10,"Student",6,7.5,6.5,2,1,1,0,0,0,0,0,0,0,0,0,0,0,"5-6"
"902","719-1","Urban","10-14y","Female",14,"Student",3,5,3,1.5,0.5,0,0,0,0,0,0,0,0,0,0,0,0,"3-4"
"903","72-1","Rural","30-39y","Female",36,NA,4,3,3.5,NA,0.5,0,0,0,0,0,0,NA,NA,NA,0,0,0,"3-4"
"904","720-1","Urban","10-14y","Female",13,"Student",4,5.5,4,2,0.5,0,0,0,0,0,0,0,0,0,0,0,0,"3-4"
"905","721-1","Urban","20-29y","Female",25,"Child",8,8,7.5,1.5,1,1,0,0,1,0,0,0,0,0,0,0,0,"7+"
"906","722-1","Rural","30-39y","Female",35,"Child",NA,5,6,0.5,1.5,0,0,0,0,0,0,0,0,0,0,0,0,NA
"907","723-1","Rural","30-39y","Female",32,NA,NA,3,3,NA,NA,0,0,0,0,0,0,NA,NA,NA,NA,NA,NA,NA
"908","724-1","Urban","15-19y","Female",18,"Student",6,13,13,4.5,4.5,1,1,1,1,1,1,1,1,1,1,1,0,"5-6"
"909","725-1","Urban","30-39y","Female",37,"Child",3,3,4,0.5,1,0,0,0,0,0,0,0,0,0,0,0,0,"3-4"
"910","725-2","Urban","<6mo","Female",0,"Child",5,4,4,NA,NA,0,0,0,0,0,0,NA,NA,NA,NA,NA,NA,"5-6"
"911","726-1","Rural","5-9y","Male",7,"Student",4,5,5,2,2,0,0,0,0,0,0,0,0,0,0,0,0,"3-4"
"912","727-1","Rural","20-29y","Male",28,NA,3,3,2,0.5,NA,0,0,0,0,0,0,0,0,0,NA,NA,NA,"3-4"
"913","728-1","Rural","20-29y","Female",26,"Child",5,3,3,0.5,0.5,0,0,0,0,0,0,0,0,0,0,0,0,"5-6"
"914","729-1","Urban","10-14y","Female",13,"Student",5,8,8,2.5,2.5,1,0,0,1,0,0,1,0,0,1,0,0,"5-6"
"915","729-2","Urban","<6mo","Female",0,"Child",6,5,5,NA,NA,0,0,0,0,0,0,NA,NA,NA,NA,NA,NA,"5-6"
"916","73-1","Urban","40-59y","Female",52,NA,2,3.5,3.5,2,2,0,0,0,0,0,0,0,0,0,0,0,0,"1-2"
"917","730-1","Urban","10-14y","Female",13,"Student",4,6.5,4,2.5,0.5,0,0,0,0,0,0,1,0,0,0,0,0,"3-4"
"918","731-1","Urban","5-9y","Female",8,"Student",5,7,8,2,3,1,0,0,1,0,0,0,0,0,1,0,0,"5-6"
"919","732-1","Urban","5-9y","Female",10,"Student",5,8,8,2.5,2,1,0,0,1,0,0,1,0,0,0,0,0,"5-6"
"920","733-1","Rural","10-14y","Male",14,"Student",4,7,7,3.5,3.5,1,0,0,1,0,0,1,1,0,1,1,0,"3-4"
"921","734-1","Urban","30-39y","Female",30,NA,4,11,11,4.5,4.5,1,1,1,1,1,1,1,1,1,1,1,0,"3-4"
"922","734-2","Urban","<6mo","Male",0,"Child",4,3,3,NA,NA,0,0,0,0,0,0,NA,NA,NA,NA,NA,NA,"3-4"
"923","735-1","Urban","10-14y","Female",13,"Student",5,9.5,9.5,3,3,1,1,0,1,1,0,1,0,0,1,0,0,"5-6"
"924","736-1","Urban","15-19y","Female",16,"Student",7,13,13,3.5,3.5,1,1,1,1,1,1,1,1,0,1,1,0,"7+"
"925","737-1","Urban","15-19y","Male",16,"Student",5,11,11,3.5,3.5,1,1,1,1,1,1,1,1,0,1,1,0,"5-6"
"926","737-2","Urban","<6mo","Female",0,"Child",3,2,5,NA,1.5,0,0,0,0,0,0,NA,NA,NA,0,0,0,"3-4"
"927","738-1","Urban","10-14y","Female",10,"Student",5,4,4,NA,NA,0,0,0,0,0,0,NA,NA,NA,NA,NA,NA,"5-6"
"928","738-2","Urban","<6mo","Male",0,"Child",6,6,6,1.5,1.5,0,0,0,0,0,0,0,0,0,0,0,0,"5-6"
"929","739-1","Urban","15-19y","Female",16,"Student",6,7,7,1,1,1,0,0,1,0,0,0,0,0,0,0,0,"5-6"
"930","74-1","Urban","40-59y","Female",57,NA,2,5.5,5.5,3,3,0,0,0,0,0,0,1,0,0,1,0,0,"1-2"
"931","740-1","Rural","30-39y","Female",38,NA,NA,5,5,2,2,0,0,0,0,0,0,0,0,0,0,0,0,NA
"932","741-1","Urban","20-29y","Male",30,NA,6,7,7.5,2,2.5,1,0,0,1,0,0,0,0,0,1,0,0,"5-6"
"933","741-2","Urban","<6mo","Male",0,"Child",5,6,6,1.5,1.5,0,0,0,0,0,0,0,0,0,0,0,0,"5-6"
"934","742-1","Urban","15-19y","Male",19,NA,5,9,9,3,3,1,1,0,1,1,0,1,0,0,1,0,0,"5-6"
"935","743-1","Urban","15-19y","Male",16,"Student",5,7.5,7.5,3.5,3.5,1,0,0,1,0,0,1,1,0,1,1,0,"5-6"
"936","744-1","Urban","20-29y","Male",20,"Student",5,9,9,2.5,2.5,1,1,0,1,1,0,1,0,0,1,0,0,"5-6"
"937","744-2","Urban","6-11mo","Male",1,"Child",4,3,8,NA,2.5,0,0,0,1,0,0,NA,NA,NA,1,0,0,"3-4"
"938","745-1","Urban","15-19y","Female",19,"Child",4,7.5,7.5,3,3,1,0,0,1,0,0,1,0,0,1,0,0,"3-4"
"939","746-1","Urban","10-14y","Female",12,"Student",6,15,15,8.5,8.5,1,1,1,1,1,1,1,1,1,1,1,1,"5-6"
"940","747-1","Urban","30-39y","Female",40,"Child",4,8,8,3,3,1,0,0,1,0,0,1,0,0,1,0,0,"3-4"
"941","747-2","Urban","<6mo","Female",0,"Child",4,7.5,8,2,2.5,1,0,0,1,0,0,0,0,0,1,0,0,"3-4"
"942","748-1","Urban","15-19y","Female",17,"Student",4,6,6,2,2,0,0,0,0,0,0,0,0,0,0,0,0,"3-4"
"943","749-1","Urban","15-19y","Male",20,NA,4,5,3.5,1,0,0,0,0,0,0,0,0,0,0,0,0,0,"3-4"
"944","75-1","Urban","30-39y","Male",40,NA,6,8.5,6.5,2,1,1,1,0,0,0,0,0,0,0,0,0,0,"5-6"
"945","75-2","Rural","<6mo","Male",0,"Child",5,5,5,0.5,0.5,0,0,0,0,0,0,0,0,0,0,0,0,"5-6"
"946","750-1","Urban","15-19y","Female",19,NA,8,8.5,7.5,1,0.5,1,1,0,1,0,0,0,0,0,0,0,0,"7+"
"947","751-1","Rural","20-29y","Male",21,NA,NA,3.5,4,0.5,1,0,0,0,0,0,0,0,0,0,0,0,0,NA
"948","751-2","Urban","<6mo","Female",0,"Child",6,4,4,NA,NA,0,0,0,0,0,0,NA,NA,NA,NA,NA,NA,"5-6"
"949","753-1","Rural","20-29y","Male",21,NA,4,4.5,4.5,1,1,0,0,0,0,0,0,0,0,0,0,0,0,"3-4"
"950","754-1","Rural","15-19y","Male",17,"Student",4,5,5.5,1.5,2,0,0,0,0,0,0,0,0,0,0,0,0,"3-4"
"951","755-1","Rural","10-14y","Male",13,"Student",4,14,14,5.5,5.5,1,1,1,1,1,1,1,1,1,1,1,1,"3-4"
"952","755-2","Urban","6-11mo","Male",1,"Child",4,5,5,1,1,0,0,0,0,0,0,0,0,0,0,0,0,"3-4"
"953","756-1","Urban","30-39y","Female",35,"Child",4,5,5,1,1,0,0,0,0,0,0,0,0,0,0,0,0,"3-4"
"954","757-1","Urban","10-14y","Female",12,"Student",4,11,11,4,4,1,1,1,1,1,1,1,1,0,1,1,0,"3-4"
"955","758-1","Urban","15-19y","Female",16,"Student",5,11,11,3.5,3.5,1,1,1,1,1,1,1,1,0,1,1,0,"5-6"
"956","759-1","Urban","30-39y","Female",34,"Child",5,5.5,5.5,1.5,1.5,0,0,0,0,0,0,0,0,0,0,0,0,"5-6"
"957","76-1","Urban","40-59y","Female",55,NA,4,5.5,5.5,1.5,1.5,0,0,0,0,0,0,0,0,0,0,0,0,"3-4"
"958","760-1","Rural","10-14y","Female",15,"Student",5,9.5,9.5,4.5,4.5,1,1,0,1,1,0,1,1,1,1,1,0,"5-6"
"959","761-1","Rural","10-14y","Female",12,"Student",7,7.5,7.5,1.5,1.5,1,0,0,1,0,0,0,0,0,0,0,0,"7+"
"960","761-2","Urban","<6mo","Female",0,"Child",5,5,5,1,1,0,0,0,0,0,0,0,0,0,0,0,0,"5-6"
"961","762-1","Rural","10-14y","Female",13,"Student",4,6.5,6.5,2,2,0,0,0,0,0,0,0,0,0,0,0,0,"3-4"
"962","763-1","Rural","30-39y","Female",31,"Child",4,10,10,5.5,5.5,1,1,0,1,1,0,1,1,1,1,1,1,"3-4"
"963","764-1","Rural","1-4y","Female",1,"Child",7,6,6,NA,NA,0,0,0,0,0,0,NA,NA,NA,NA,NA,NA,"7+"
"964","764-2","Urban","6-11mo","Male",1,"Child",4,5,5,1,1,0,0,0,0,0,0,0,0,0,0,0,0,"3-4"
"965","765-1","Rural","15-19y","Female",16,"Student",5,9,10,5,6,1,1,0,1,1,0,1,1,1,1,1,1,"5-6"
"966","766-1","Rural","15-19y","Female",16,"Student",5,12.5,12.5,7.5,7.5,1,1,1,1,1,1,1,1,1,1,1,1,"5-6"
"967","767-1","Rural","1-4y","Male",2,"Child",7,6,6,NA,NA,0,0,0,0,0,0,NA,NA,NA,NA,NA,NA,"7+"
"968","767-2","Rural","6-11mo","Female",1,"Child",NA,7,7,2,2,1,0,0,1,0,0,0,0,0,0,0,0,NA
"969","768-1","Urban","15-19y","Female",19,NA,4,3.5,3,0,NA,0,0,0,0,0,0,0,0,0,NA,NA,NA,"3-4"
"970","769-1","Urban","20-29y","Female",27,"Child",2,2.5,2,1,0.5,0,0,0,0,0,0,0,0,0,0,0,0,"1-2"
"971","77-1","Urban","40-59y","Female",52,"Child",5,8,6,2.5,1.5,1,0,0,0,0,0,1,0,0,0,0,0,"5-6"
"972","770-1","Urban","5-9y","Female",10,"Student",5,7,7,2.5,2.5,1,0,0,1,0,0,1,0,0,1,0,0,"5-6"
"973","770-2","Rural","6-11mo","Male",1,"Child",NA,5.5,5.5,2,2,0,0,0,0,0,0,0,0,0,0,0,0,NA
"974","771-1","Rural","20-29y","Female",21,NA,NA,4,4,1,1,0,0,0,0,0,0,0,0,0,0,0,0,NA
"975","772-1","Rural","30-39y","Female",32,"Child",NA,4,4,1,1,0,0,0,0,0,0,0,0,0,0,0,0,NA
"976","773-1","Urban","20-29y","Female",28,"Child",5,8,8,2,2,1,0,0,1,0,0,0,0,0,0,0,0,"5-6"
"977","773-2","Rural","6-11mo","Male",1,"Child",NA,4,4,0.5,0.5,0,0,0,0,0,0,0,0,0,0,0,0,NA
"978","774-1","Urban","10-14y","Female",13,"Student",5,9,9,4.5,4.5,1,1,0,1,1,0,1,1,1,1,1,0,"5-6"
"979","775-1","Urban","15-19y","Female",16,"Student",4,11,11,4,4,1,1,1,1,1,1,1,1,0,1,1,0,"3-4"
"980","776-1","Urban","10-14y","Female",10,"Student",4,9,11,3,4,1,1,0,1,1,1,1,0,0,1,1,0,"3-4"
"981","776-2","Rural","6-11mo","Female",1,"Child",6,5,5,NA,NA,0,0,0,0,0,0,NA,NA,NA,NA,NA,NA,"5-6"
"982","777-1","Rural","10-14y","Male",12,"Student",4,10.5,12,5.5,6.5,1,1,1,1,1,1,1,1,1,1,1,1,"3-4"
"983","778-1","Rural","5-9y","Female",7,"Student",4,7,8,3.5,4.5,1,0,0,1,0,0,1,1,0,1,1,0,"3-4"
"984","779-1","Rural","1-4y","Female",2,"Child",4,8,8,2.5,2.5,1,0,0,1,0,0,1,0,0,1,0,0,"3-4"
"985","78-1","Urban","40-59y","Female",47,NA,3,5,4.5,2,1.5,0,0,0,0,0,0,0,0,0,0,0,0,"3-4"
"986","780-1","Rural","20-29y","Female",23,"Student",NA,11.5,10.5,8.5,8,1,1,1,1,1,0,1,1,1,1,1,1,NA
"987","781-1","Urban","15-19y","Female",16,"Student",5,7.5,8.5,2.5,3,1,0,0,1,0,0,1,0,0,1,0,0,"5-6"
"988","781-2","Rural","6-11mo","Female",1,"Child",NA,9,9,4,4,1,1,0,1,1,0,1,1,0,1,1,0,NA
"989","782-1","Urban","15-19y","Female",15,"Student",5,10,9.5,3.5,3,1,1,0,1,1,0,1,1,0,1,0,0,"5-6"
"990","783-1","Rural","20-29y","Female",23,NA,NA,4.5,12,NA,7.5,0,0,0,1,1,1,NA,NA,NA,1,1,1,NA
"991","784-1","Urban","30-39y","Male",39,NA,4,9.5,9.5,4,4,1,1,0,1,1,0,1,1,0,1,1,0,"3-4"
"992","784-2","Rural","6-11mo","Male",1,"Child",NA,6,6,2,2,0,0,0,0,0,0,0,0,0,0,0,0,NA
"993","785-1","Urban","5-9y","Female",8,"Student",4,10,10,4,4,1,1,0,1,1,0,1,1,0,1,1,0,"3-4"
"994","786-1","Urban","15-19y","Female",18,"Student",4,9,9,3,3,1,1,0,1,1,0,1,0,0,1,0,0,"3-4"
"995","787-1","Urban","15-19y","Male",15,"Student",7,11,11,2.5,2.5,1,1,1,1,1,1,1,0,0,1,0,0,"7+"
"996","787-2","Urban","6-11mo","Male",1,"Child",5,4.5,4.5,1,1,0,0,0,0,0,0,0,0,0,0,0,0,"5-6"
"997","788-1","Urban","5-9y","Female",6,"Student",5,4.5,5.5,0.5,1,0,0,0,0,0,0,0,0,0,0,0,0,"5-6"
"998","789-1","Urban","30-39y","Male",32,NA,5,19,19,7.5,7.5,1,1,1,1,1,1,1,1,1,1,1,1,"5-6"
"999","79-1","Rural","20-29y","Male",20,"Student",4,8,8,2.5,2.5,1,0,0,1,0,0,1,0,0,1,0,0,"3-4"
"1000","790-1","Urban","5-9y","Female",7,"Student",5,6,6,1,1,0,0,0,0,0,0,0,0,0,0,0,0,"5-6"
"1001","790-2","Urban","<6mo","Female",0,"Child",3,8.5,9,3,3.5,1,1,0,1,1,0,1,0,0,1,1,0,"3-4"
"1002","791-1","Urban","15-19y","Female",18,"Student",7,12,12,3,3,1,1,1,1,1,1,1,0,0,1,0,0,"7+"
"1003","792-1","Urban","15-19y","Female",19,"Child",4,6.5,6.5,3.5,3.5,0,0,0,0,0,0,1,1,0,1,1,0,"3-4"
"1004","792-2","Urban","<6mo","Female",0,"Child",3,6,6,2,2,0,0,0,0,0,0,0,0,0,0,0,0,"3-4"
"1005","793-1","Urban","20-29y","Female",22,"Student",3,5.5,5.5,2,2,0,0,0,0,0,0,0,0,0,0,0,0,"3-4"
"1006","794-1","Urban","10-14y","Female",14,"Student",4,8,8,2.5,2.5,1,0,0,1,0,0,1,0,0,1,0,0,"3-4"
"1007","794-2","Urban","<6mo","Female",0,"Child",3,6,6,2,2,0,0,0,0,0,0,0,0,0,0,0,0,"3-4"
"1008","795-1","Urban","20-29y","Female",26,"Child",7,9,9,2,2,1,1,0,1,1,0,0,0,0,0,0,0,"7+"
"1009","796-1","Urban","15-19y","Male",16,"Student",4,9,9,3.5,3.5,1,1,0,1,1,0,1,1,0,1,1,0,"3-4"
"1010","797-1","Urban","5-9y","Male",8,"Student",4,9,10,3,3.5,1,1,0,1,1,0,1,0,0,1,1,0,"3-4"
"1011","797-2","Urban","<6mo","Female",0,"Child",5,7,7,1.5,1.5,1,0,0,1,0,0,0,0,0,0,0,0,"5-6"
"1012","798-1","Urban","5-9y","Female",9,"Student",6,11,12,3,3.5,1,1,1,1,1,1,1,0,0,1,1,0,"5-6"
"1013","799-1","Urban","30-39y","Male",36,NA,4,7,7,2,2,1,0,0,1,0,0,0,0,0,0,0,0,"3-4"
"1014","8-1","Urban","60+y","Female",67,"Child",2,1,2,NA,0.5,0,0,0,0,0,0,NA,NA,NA,0,0,0,"1-2"
"1015","80-1","Rural","20-29y","Female",28,NA,4,6.5,8,4.5,5.5,0,0,0,1,0,0,1,1,1,1,1,1,"3-4"
"1016","800-1","Urban","20-29y","Male",26,NA,5,9,9,2.5,2.5,1,1,0,1,1,0,1,0,0,1,0,0,"5-6"
"1017","801-1","Urban","10-14y","Male",14,"Student",6,9,9,2,2,1,1,0,1,1,0,0,0,0,0,0,0,"5-6"
"1018","802-1","Urban","30-39y","Male",38,NA,3,7,7,2.5,2.5,1,0,0,1,0,0,1,0,0,1,0,0,"3-4"
"1019","803-1","Rural","30-39y","Female",30,"Child",5,3,3,NA,NA,0,0,0,0,0,0,NA,NA,NA,NA,NA,NA,"5-6"
"1020","804-1","Urban","10-14y","Female",14,"Student",6,15,14.5,5,5,1,1,1,1,1,1,1,1,1,1,1,1,"5-6"
"1021","805-1","Urban","5-9y","Female",8,"Student",4,6,6,1.5,1.5,0,0,0,0,0,0,0,0,0,0,0,0,"3-4"
"1022","806-1","Urban","5-9y","Female",6,"Student",4,5,5,1.5,1.5,0,0,0,0,0,0,0,0,0,0,0,0,"3-4"
"1023","807-1","Rural","<6mo","Male",0,"Child",5,5,5,0.5,0.5,0,0,0,0,0,0,0,0,0,0,0,0,"5-6"
"1024","808-1","Rural","1-4y","Female",1,"Child",3,3,5,0.5,1.5,0,0,0,0,0,0,0,0,0,0,0,0,"3-4"
"1025","809-1","Rural","5-9y","Male",8,"Student",9,10.5,10.5,2.5,2.5,1,1,1,1,1,0,1,0,0,1,0,0,"7+"
"1026","81-1","Rural","40-59y","Male",46,NA,6,6.5,6.5,1.5,1.5,0,0,0,0,0,0,0,0,0,0,0,0,"5-6"
"1027","810-1","Rural","5-9y","Female",7,"Student",5,12,12,4,4,1,1,1,1,1,1,1,1,0,1,1,0,"5-6"
"1028","811-1","Urban","6-11mo","Male",1,"Child",12,8,8,0.5,0.5,1,0,0,1,0,0,0,0,0,0,0,0,"7+"
"1029","812-1","Urban","1-4y","Female",4,"Child",8,5.5,5.5,0.5,0.5,0,0,0,0,0,0,0,0,0,0,0,0,"7+"
"1030","813-1","Urban","15-19y","Female",17,"Student",3,6,6,4,4,0,0,0,0,0,0,1,1,0,1,1,0,"3-4"
"1031","814-1","Urban","10-14y","Female",12,"Student",3,4.5,4.5,2.5,2.5,0,0,0,0,0,0,1,0,0,1,0,0,"3-4"
"1032","815-1","Urban","10-14y","Male",13,"Student",6,8.5,11.5,3,4.5,1,1,0,1,1,1,1,0,0,1,1,0,"5-6"
"1033","816-1","Urban","10-14y","Male",13,"Student",5,9,9,3.5,3.5,1,1,0,1,1,0,1,1,0,1,1,0,"5-6"
"1034","817-1","Urban","5-9y","Male",8,"Student",5,9,9,3,3,1,1,0,1,1,0,1,0,0,1,0,0,"5-6"
"1035","818-1","Rural","30-39y","Female",32,"Child",NA,4.5,5,1,1.5,0,0,0,0,0,0,0,0,0,0,0,0,NA
"1036","819-1","Rural","30-39y","Female",30,"Child",NA,6.5,6.5,1,1,0,0,0,0,0,0,0,0,0,0,0,0,NA
"1037","82-1","Rural","40-59y","Male",48,NA,9,8,10,NA,1.5,1,0,0,1,1,0,NA,NA,NA,0,0,0,"7+"
"1038","820-1","Rural","<6mo","Male",0,"Child",5,4,4,NA,NA,0,0,0,0,0,0,NA,NA,NA,NA,NA,NA,"5-6"
"1039","821-1","Rural","<6mo","Male",0,"Child",4,4,4,1.5,1.5,0,0,0,0,0,0,0,0,0,0,0,0,"3-4"
"1040","822-1","Rural","30-39y","Female",38,"Child",6,9,9,2,2,1,1,0,1,1,0,0,0,0,0,0,0,"5-6"
"1041","824-1","Rural","1-4y","Female",1,"Child",4,3,3,NA,NA,0,0,0,0,0,0,NA,NA,NA,NA,NA,NA,"3-4"
"1042","825-1","Rural","15-19y","Female",15,"Student",5,12.5,13,4,4.5,1,1,1,1,1,1,1,1,0,1,1,0,"5-6"
"1043","826-1","Rural","5-9y","Male",8,"Student",5,4,4,NA,NA,0,0,0,0,0,0,NA,NA,NA,NA,NA,NA,"5-6"
"1044","827-1","Rural","<6mo","Male",0,"Child",7,6,6,0.5,0.5,0,0,0,0,0,0,0,0,0,0,0,0,"7+"
"1045","828-1","Rural","<6mo","Female",0,"Child",5,6,6,1,1,0,0,0,0,0,0,0,0,0,0,0,0,"5-6"
"1046","829-1","Rural","1-4y","Male",3,"Child",6,5,5.5,NA,0.5,0,0,0,0,0,0,NA,NA,NA,0,0,0,"5-6"
"1047","83-1","Rural","30-39y","Male",35,NA,4,3.5,5,0,1.5,0,0,0,0,0,0,0,0,0,0,0,0,"3-4"
"1048","830-1","Rural","5-9y","Male",9,"Student",NA,7,7,1,1,1,0,0,1,0,0,0,0,0,0,0,0,NA
"1049","831-1","Rural","5-9y","Male",8,"Student",NA,4.5,4.5,1.5,1.5,0,0,0,0,0,0,0,0,0,0,0,0,NA
"1050","832-1","Rural","<6mo","Female",0,"Child",NA,3,3,0.5,0.5,0,0,0,0,0,0,0,0,0,0,0,0,NA
"1051","833-1","Urban","20-29y","Female",27,NA,4,6,4,1.5,0.5,0,0,0,0,0,0,0,0,0,0,0,0,"3-4"
"1052","834-1","Urban","10-14y","Female",15,"Student",4,7,7,2,2,1,0,0,1,0,0,0,0,0,0,0,0,"3-4"
"1053","835-1","Urban","10-14y","Male",11,"Student",4,11,11,4,4,1,1,1,1,1,1,1,1,0,1,1,0,"3-4"
"1054","836-1","Urban","20-29y","Female",24,NA,6,8,7.5,1.5,1,1,0,0,1,0,0,0,0,0,0,0,0,"5-6"
"1055","837-1","Rural","5-9y","Female",9,"Student",5,6.5,6.5,2.5,2.5,0,0,0,0,0,0,1,0,0,1,0,0,"5-6"
"1056","838-1","Rural","15-19y","Female",17,"Student",5,5,6,2,3,0,0,0,0,0,0,0,0,0,1,0,0,"5-6"
"1057","839-1","Rural","5-9y","Female",8,"Student",5,4,4,NA,NA,0,0,0,0,0,0,NA,NA,NA,NA,NA,NA,"5-6"
"1058","84-1","Urban","30-39y","Female",33,NA,4,5,5,1,1,0,0,0,0,0,0,0,0,0,0,0,0,"3-4"
"1059","84-2","Rural","<6mo","Male",0,"Child",6,5,5,NA,NA,0,0,0,0,0,0,NA,NA,NA,NA,NA,NA,"5-6"
"1060","840-1","Rural","15-19y","Female",15,"Student",4,9,9,3.5,3.5,1,1,0,1,1,0,1,1,0,1,1,0,"3-4"
"1061","841-1","Rural","15-19y","Female",15,"Student",NA,4.5,4.5,1.5,1.5,0,0,0,0,0,0,0,0,0,0,0,0,NA
"1062","842-1","Rural","15-19y","Female",15,"Student",NA,5,5,0.5,0.5,0,0,0,0,0,0,0,0,0,0,0,0,NA
"1063","843-1","Rural","1-4y","Male",3,"Child",4,4.5,5,1,1,0,0,0,0,0,0,0,0,0,0,0,0,"3-4"
"1064","844-1","Rural","5-9y","Female",7,"Student",4,9.5,9.5,6,6,1,1,0,1,1,0,1,1,1,1,1,1,"3-4"
"1065","845-1","Rural","5-9y","Female",6,"Student",6,12.5,16.5,5,7,1,1,1,1,1,1,1,1,1,1,1,1,"5-6"
"1066","846-1","Rural","1-4y","Female",2,"Child",6,12,14,4,4.5,1,1,1,1,1,1,1,1,0,1,1,0,"5-6"
"1067","847-1","Rural","5-9y","Female",10,"Student",5,15.5,18.5,6,7.5,1,1,1,1,1,1,1,1,1,1,1,1,"5-6"
"1068","848-1","Urban","10-14y","Male",12,"Student",4,9.5,10.5,3,4,1,1,0,1,1,0,1,0,0,1,1,0,"3-4"
"1069","849-1","Urban","20-29y","Male",20,"Student",5,7.5,8,2,2,1,0,0,1,0,0,0,0,0,0,0,0,"5-6"
"1070","85-1","Urban","30-39y","Female",32,"Child",3,2.5,2.5,0.5,0.5,0,0,0,0,0,0,0,0,0,0,0,0,"3-4"
"1071","850-1","Urban","10-14y","Male",15,"Student",4,8,9,2.5,3,1,0,0,1,1,0,1,0,0,1,0,0,"3-4"
"1072","851-1","Urban","5-9y","Male",6,"Student",4,7,7,2,2,1,0,0,1,0,0,0,0,0,0,0,0,"3-4"
"1073","852-1","Urban","5-9y","Female",8,"Student",4,9,9,3,3,1,1,0,1,1,0,1,0,0,1,0,0,"3-4"
"1074","853-1","Urban","20-29y","Female",29,NA,4,5,5,1.5,1.5,0,0,0,0,0,0,0,0,0,0,0,0,"3-4"
"1075","854-1","Urban","15-19y","Male",15,"Student",4,13,13,5,5,1,1,1,1,1,1,1,1,1,1,1,1,"3-4"
"1076","855-1","Rural","15-19y","Female",15,"Student",NA,10.5,10.5,6.5,6.5,1,1,1,1,1,0,1,1,1,1,1,1,NA
"1077","856-1","Rural","15-19y","Female",15,"Student",NA,5.5,5.5,1.5,1.5,0,0,0,0,0,0,0,0,0,0,0,0,NA
"1078","857-1","Rural","15-19y","Female",16,"Student",4,8.5,9,4,5,1,1,0,1,1,0,1,1,0,1,1,1,"3-4"
"1079","858-1","Rural","5-9y","Male",10,"Student",5,7.5,7.5,3.5,3.5,1,0,0,1,0,0,1,1,0,1,1,0,"5-6"
"1080","859-1","Rural","5-9y","Female",6,"Student",5,6.5,6.5,2.5,2.5,0,0,0,0,0,0,1,0,0,1,0,0,"5-6"
"1081","86-1","Urban","30-39y","Female",34,"Child",6,5.5,5.5,0.5,0.5,0,0,0,0,0,0,0,0,0,0,0,0,"5-6"
"1082","860-1","Urban","6-11mo","Male",0,"Child",9,5.5,5.5,0.5,0.5,0,0,0,0,0,0,0,0,0,0,0,0,"7+"
"1083","861-1","Urban","1-4y","Female",4,"Child",6,9,9,2.5,2.5,1,1,0,1,1,0,1,0,0,1,0,0,"5-6"
"1084","862-1","Urban","6-11mo","Female",1,"Child",6,5.5,5.5,0.5,0.5,0,0,0,0,0,0,0,0,0,0,0,0,"5-6"
"1085","863-1","Urban","6-11mo","Female",1,"Child",6,4.5,4.5,0.5,0.5,0,0,0,0,0,0,0,0,0,0,0,0,"5-6"
"1086","864-1","Urban","1-4y","Female",2,"Child",4,7,7,3,3,1,0,0,1,0,0,1,0,0,1,0,0,"3-4"
"1087","865-1","Urban","15-19y","Female",18,NA,6,9,9,2.5,2.5,1,1,0,1,1,0,1,0,0,1,0,0,"5-6"
"1088","866-1","Urban","20-29y","Male",25,NA,5,5.5,5,1,0.5,0,0,0,0,0,0,0,0,0,0,0,0,"5-6"
"1089","867-1","Urban","10-14y","Male",12,"Student",6,7,10.5,3.5,6,1,0,0,1,1,0,1,1,0,1,1,1,"5-6"
"1090","868-1","Urban","15-19y","Female",18,"Student",6,3,3,1.5,1.5,0,0,0,0,0,0,0,0,0,0,0,0,"5-6"
"1091","869-1","Urban","15-19y","Male",15,"Student",6,4,4,2,2,0,0,0,0,0,0,0,0,0,0,0,0,"5-6"
"1092","87-1","Rural","20-29y","Female",28,"Child",4,3.5,3.5,0.5,0.5,0,0,0,0,0,0,0,0,0,0,0,0,"3-4"
"1093","870-1","Urban","10-14y","Female",13,"Student",5,5,5,2,2,0,0,0,0,0,0,0,0,0,0,0,0,"5-6"
"1094","871-1","Urban","10-14y","Male",14,"Student",5,4.5,4.5,3,3,0,0,0,0,0,0,1,0,0,1,0,0,"5-6"
"1095","872-1","Urban","10-14y","Male",12,"Student",5,5,5,2.5,2.5,0,0,0,0,0,0,1,0,0,1,0,0,"5-6"
"1096","873-1","Urban","5-9y","Male",9,"Student",4,5,5,1,1,0,0,0,0,0,0,0,0,0,0,0,0,"3-4"
"1097","874-1","Urban","5-9y","Female",7,"Student",4,5,5,1,1,0,0,0,0,0,0,0,0,0,0,0,0,"3-4"
"1098","875-1","Urban","10-14y","Female",12,"Student",6,6,6,0.5,0.5,0,0,0,0,0,0,0,0,0,0,0,0,"5-6"
"1099","876-1","Urban","5-9y","Male",10,"Student",4,7.5,7.5,4,4,1,0,0,1,0,0,1,1,0,1,1,0,"3-4"
"1100","877-1","Urban","<6mo","Male",0,"Child",5,5,5,0.5,0.5,0,0,0,0,0,0,0,0,0,0,0,0,"5-6"
"1101","878-1","Urban","20-29y","Female",26,"Child",5,6.5,7,1,1.5,0,0,0,1,0,0,0,0,0,0,0,0,"5-6"
"1102","879-1","Urban","1-4y","Male",2,"Child",5,7,7,1.5,1.5,1,0,0,1,0,0,0,0,0,0,0,0,"5-6"
"1103","88-1","Rural","20-29y","Male",24,NA,5,5,6.5,2,3.5,0,0,0,0,0,0,0,0,0,1,1,0,"5-6"
"1104","880-1","Urban","20-29y","Female",21,"Child",7,9.5,9.5,2,2,1,1,0,1,1,0,0,0,0,0,0,0,"7+"
"1105","881-1","Urban","6-11mo","Female",0,"Child",7,9,9,1.5,1.5,1,1,0,1,1,0,0,0,0,0,0,0,"7+"
"1106","882-1","Urban","1-4y","Male",3,"Child",6,6,6,0.5,0.5,0,0,0,0,0,0,0,0,0,0,0,0,"5-6"
"1107","883-1","Urban","20-29y","Female",21,NA,3,5,5,1.5,1.5,0,0,0,0,0,0,0,0,0,0,0,0,"3-4"
"1108","884-1","Urban","20-29y","Male",25,NA,5,8,8,2,2,1,0,0,1,0,0,0,0,0,0,0,0,"5-6"
"1109","885-1","Urban","15-19y","Male",20,NA,5,8,8,2,2,1,0,0,1,0,0,0,0,0,0,0,0,"5-6"
"1110","886-1","Urban","20-29y","Male",22,NA,5,9,9,2.5,2.5,1,1,0,1,1,0,1,0,0,1,0,0,"5-6"
"1111","887-1","Urban","15-19y","Male",20,"Student",5,9,9,2.5,2.5,1,1,0,1,1,0,1,0,0,1,0,0,"5-6"
"1112","888-1","Urban","6-11mo","Male",1,"Child",6,5,5,NA,NA,0,0,0,0,0,0,NA,NA,NA,NA,NA,NA,"5-6"
"1113","889-1","Urban","6-11mo","Female",0,"Child",6,7,7,1,1,1,0,0,1,0,0,0,0,0,0,0,0,"5-6"
"1114","89-1","Rural","40-59y","Female",45,"Child",4,4,4,0.5,0.5,0,0,0,0,0,0,0,0,0,0,0,0,"3-4"
"1115","890-1","Urban","1-4y","Female",2,"Child",6,7,7,1,1,1,0,0,1,0,0,0,0,0,0,0,0,"5-6"
"1116","891-1","Rural","15-19y","Female",16,"Student",7,16,16,5,5,1,1,1,1,1,1,1,1,1,1,1,1,"7+"
"1117","892-1","Rural","1-4y","Female",1,"Child",7,6,6,NA,NA,0,0,0,0,0,0,NA,NA,NA,NA,NA,NA,"7+"
"1118","893-1","Rural","15-19y","Female",17,"Student",5,4,10,NA,3,0,0,0,1,1,0,NA,NA,NA,1,0,0,"5-6"
"1119","894-1","Rural","15-19y","Female",19,NA,3,6,5.5,3,2.5,0,0,0,0,0,0,1,0,0,1,0,0,"3-4"
"1120","895-1","Urban","5-9y","Male",7,"Student",6,8,8,2,2,1,0,0,1,0,0,0,0,0,0,0,0,"5-6"
"1121","896-1","Urban","5-9y","Male",6,"Student",6,10,10,2.5,2.5,1,1,0,1,1,0,1,0,0,1,0,0,"5-6"
"1122","897-1","Urban","15-19y","Male",19,NA,3,6,6,2,2,0,0,0,0,0,0,0,0,0,0,0,0,"3-4"
"1123","898-1","Urban","10-14y","Male",12,"Student",5,8,8,3,3,1,0,0,1,0,0,1,0,0,1,0,0,"5-6"
"1124","899-1","Urban","30-39y","Male",31,NA,4,8,8,2.5,2.5,1,0,0,1,0,0,1,0,0,1,0,0,"3-4"
"1125","9-1","Urban","60+y","Male",76,NA,2,2.5,2.5,1,1,0,0,0,0,0,0,0,0,0,0,0,0,"1-2"
"1126","90-1","Rural","40-59y","Male",59,NA,6,7.5,9.5,2.5,4.5,1,0,0,1,1,0,1,0,0,1,1,0,"5-6"
"1127","900-1","Urban","20-29y","Female",23,"Child",6,6.5,6.5,1,1,0,0,0,0,0,0,0,0,0,0,0,0,"5-6"
"1128","901-1","Urban","20-29y","Male",22,NA,3,4,4,2,2,0,0,0,0,0,0,0,0,0,0,0,0,"3-4"
"1129","902-1","Urban","20-29y","Female",22,"Student",4,5.5,5.5,1.5,1.5,0,0,0,0,0,0,0,0,0,0,0,0,"3-4"
"1130","903-1","Urban","20-29y","Male",29,NA,4,5.5,5.5,1.5,1.5,0,0,0,0,0,0,0,0,0,0,0,0,"3-4"
"1131","904-1","Urban","15-19y","Female",17,"Student",4,8,8,2.5,2.5,1,0,0,1,0,0,1,0,0,1,0,0,"3-4"
"1132","905-1","Urban","10-14y","Male",11,"Student",4,9.5,9.5,5,5,1,1,0,1,1,0,1,1,1,1,1,1,"3-4"
"1133","906-1","Urban","20-29y","Female",21,"Child",5,15,15,5.5,5.5,1,1,1,1,1,1,1,1,1,1,1,1,"5-6"
"1134","907-1","Urban","5-9y","Male",7,"Student",4,3,3,NA,NA,0,0,0,0,0,0,NA,NA,NA,NA,NA,NA,"3-4"
"1135","908-1","Urban","15-19y","Male",16,"Student",5,10,10,3,3,1,1,0,1,1,0,1,0,0,1,0,0,"5-6"
"1136","909-1","Urban","15-19y","Female",20,NA,4,3,7,NA,2,0,0,0,1,0,0,NA,NA,NA,0,0,0,"3-4"
"1137","91-1","Rural","30-39y","Female",33,NA,6,6.5,7,1.5,2,0,0,0,1,0,0,0,0,0,0,0,0,"5-6"
"1138","910-1","Urban","15-19y","Male",19,"Student",4,7,7,3,3,1,0,0,1,0,0,1,0,0,1,0,0,"3-4"
"1139","911-1","Urban","15-19y","Female",20,NA,6,10,10,2.5,2.5,1,1,0,1,1,0,1,0,0,1,0,0,"5-6"
"1140","912-1","Urban","<6mo","Female",0,"Child",4,1,1,0.5,0.5,0,0,0,0,0,0,0,0,0,0,0,0,"3-4"
"1141","913-1","Urban","20-29y","Female",29,"Child",6,5,5,NA,NA,0,0,0,0,0,0,NA,NA,NA,NA,NA,NA,"5-6"
"1142","914-1","Urban","5-9y","Male",7,"Student",4,9,9,3,3,1,1,0,1,1,0,1,0,0,1,0,0,"3-4"
"1143","915-1","Urban","20-29y","Female",21,NA,6,9,9,2,2,1,1,0,1,1,0,0,0,0,0,0,0,"5-6"
"1144","916-1","Urban","20-29y","Male",20,NA,6,11,11,3.5,3.5,1,1,1,1,1,1,1,1,0,1,1,0,"5-6"
"1145","917-1","Urban","20-29y","Female",24,"Child",2,8.5,8,4,3.5,1,1,0,1,0,0,1,1,0,1,1,0,"1-2"
"1146","918-1","Urban","20-29y","Male",29,NA,3,2,3,NA,1,0,0,0,0,0,0,NA,NA,NA,0,0,0,"3-4"
"1147","919-1","Urban","15-19y","Male",19,NA,5,6.5,7.5,2,2.5,0,0,0,1,0,0,0,0,0,1,0,0,"5-6"
"1148","92-1","Rural","30-39y","Female",36,NA,7,8,6,2,NA,1,0,0,0,0,0,0,0,0,NA,NA,NA,"7+"
"1149","920-1","Urban","10-14y","Male",14,"Student",5,10,10,3,3,1,1,0,1,1,0,1,0,0,1,0,0,"5-6"
"1150","921-1","Urban","1-4y","Male",3,"Child",4,6,6,3,3,0,0,0,0,0,0,1,0,0,1,0,0,"3-4"
"1151","922-1","Urban","1-4y","Female",3,"Child",6,5,6,NA,0.5,0,0,0,0,0,0,NA,NA,NA,0,0,0,"5-6"
"1152","923-1","Urban","<6mo","Male",0,"Child",6,5,5,NA,NA,0,0,0,0,0,0,NA,NA,NA,NA,NA,NA,"5-6"
"1153","924-1","Urban","15-19y","Male",19,NA,3,5,5,1.5,1.5,0,0,0,0,0,0,0,0,0,0,0,0,"3-4"
"1154","925-1","Urban","5-9y","Male",8,"Student",4,3,3,NA,NA,0,0,0,0,0,0,NA,NA,NA,NA,NA,NA,"3-4"
"1155","926-1","Urban","15-19y","Male",18,"Student",5,9,9,2.5,2.5,1,1,0,1,1,0,1,0,0,1,0,0,"5-6"
"1156","927-1","Urban","15-19y","Male",17,"Student",4,5,8,1,2.5,0,0,0,1,0,0,0,0,0,1,0,0,"3-4"
"1157","928-1","Urban","20-29y","Male",25,NA,4,5,5,1,1,0,0,0,0,0,0,0,0,0,0,0,0,"3-4"
"1158","929-1","Urban","6-11mo","Female",1,"Child",4,5,5,1,1,0,0,0,0,0,0,0,0,0,0,0,0,"3-4"
"1159","930-1","Urban","20-29y","Male",23,NA,5,11,11,3.5,3.5,1,1,1,1,1,1,1,1,0,1,1,0,"5-6"
"1160","931-1","Urban","1-4y","Female",3,"Child",5,4.5,4.5,0.5,0.5,0,0,0,0,0,0,0,0,0,0,0,0,"5-6"
"1161","932-1","Urban","1-4y","Female",2,"Child",6,5.5,5.5,0.5,0.5,0,0,0,0,0,0,0,0,0,0,0,0,"5-6"
"1162","933-1","Urban","5-9y","Male",7,"Student",6,10,9.5,4,3.5,1,1,0,1,1,0,1,1,0,1,1,0,"5-6"
"1163","934-1","Rural","15-19y","Female",17,"Student",NA,5,11,1.5,5.5,0,0,0,1,1,1,0,0,0,1,1,1,NA
"1164","935-1","Rural","1-4y","Male",1,"Child",NA,4.5,5.5,0,1,0,0,0,0,0,0,0,0,0,0,0,0,NA
"1165","936-1","Rural","15-19y","Female",18,"Student",4,5,5,1.5,1.5,0,0,0,0,0,0,0,0,0,0,0,0,"3-4"
"1166","937-1","Rural","15-19y","Female",19,"Student",2,7,5,3,2,1,0,0,0,0,0,1,0,0,0,0,0,"1-2"
"1167","938-1","Rural","5-9y","Female",7,"Student",4,9,9,3,3,1,1,0,1,1,0,1,0,0,1,0,0,"3-4"
"1168","939-1","Rural","5-9y","Female",7,"Student",7,7.5,7.5,1.5,1.5,1,0,0,1,0,0,0,0,0,0,0,0,"7+"
"1169","940-1","Rural","5-9y","Female",9,"Student",4,14,15,6.5,6.5,1,1,1,1,1,1,1,1,1,1,1,1,"3-4"
"1170","941-1","Rural","15-19y","Female",19,"Student",3,13,13,6.5,6.5,1,1,1,1,1,1,1,1,1,1,1,1,"3-4"
"1171","942-1","Rural","6-11mo","Female",1,"Child",4,3,3,NA,NA,0,0,0,0,0,0,NA,NA,NA,NA,NA,NA,"3-4"
"1172","943-1","Rural","1-4y","Male",5,"Child",4,6,8.5,3,5.5,0,0,0,1,0,0,1,0,0,1,1,1,"3-4"
"1173","944-1","Rural","1-4y","Female",2,"Child",NA,2.5,4.5,0,1.5,0,0,0,0,0,0,0,0,0,0,0,0,NA
"1174","945-1","Rural","1-4y","Male",5,"Child",NA,8,8,2.5,2.5,1,0,0,1,0,0,1,0,0,1,0,0,NA
"1175","946-1","Rural","1-4y","Female",4,"Child",4,5.5,7,3,4.5,0,0,0,1,0,0,1,0,0,1,1,0,"3-4"
"1176","947-1","Rural","1-4y","Female",1,"Child",7,6,6,NA,NA,0,0,0,0,0,0,NA,NA,NA,NA,NA,NA,"7+"
"1177","948-1","Rural","<6mo","Female",0,"Child",5,6,7,1,2,0,0,0,1,0,0,0,0,0,0,0,0,"5-6"
"1178","949-1","Rural","1-4y","Female",3,"Child",NA,3.5,5.5,1,2.5,0,0,0,0,0,0,0,0,0,1,0,0,NA
"1179","95-1","Rural","40-59y","Female",49,NA,1,2,1.5,1,1,0,0,0,0,0,0,0,0,0,0,0,0,"1-2"
"1180","950-1","Rural","<6mo","Female",0,"Child",6,5,5,NA,NA,0,0,0,0,0,0,NA,NA,NA,NA,NA,NA,"5-6"
"1181","952-1","Rural","<6mo","Male",0,"Child",5,4,4,NA,NA,0,0,0,0,0,0,NA,NA,NA,NA,NA,NA,"5-6"
"1182","953-1","Rural","1-4y","Female",1,"Child",NA,4,5.5,0.5,1.5,0,0,0,0,0,0,0,0,0,0,0,0,NA
"1183","954-1","Rural","1-4y","Female",2,"Child",NA,5.5,7,2.5,4,0,0,0,1,0,0,1,0,0,1,1,0,NA
"1184","955-1","Rural","1-4y","Female",2,"Child",NA,6.5,10.5,1.5,4,0,0,0,1,1,0,0,0,0,1,1,0,NA
"1185","956-1","Rural","1-4y","Male",3,"Child",5,4,4,NA,NA,0,0,0,0,0,0,NA,NA,NA,NA,NA,NA,"5-6"
"1186","957-1","Rural","1-4y","Male",5,"Child",6,6,6,1,1,0,0,0,0,0,0,0,0,0,0,0,0,"5-6"
"1187","958-1","Rural","6-11mo","Male",1,"Child",5,4,4,NA,NA,0,0,0,0,0,0,NA,NA,NA,NA,NA,NA,"5-6"
"1188","959-1","Rural","1-4y","Male",2,"Child",4,6,6,1.5,1.5,0,0,0,0,0,0,0,0,0,0,0,0,"3-4"
"1189","96-1","Rural","40-59y","Female",49,"Child",4,6,6,2.5,2.5,0,0,0,0,0,0,1,0,0,1,0,0,"3-4"
"1190","960-1","Rural","1-4y","Female",4,"Child",4,5,5,1.5,1.5,0,0,0,0,0,0,0,0,0,0,0,0,"3-4"
"1191","961-1","Rural","1-4y","Male",4,"Child",7,8.5,8.5,2.5,2.5,1,1,0,1,0,0,1,0,0,1,0,0,"7+"
"1192","962-1","Rural","1-4y","Female",2,"Child",5,4,4,NA,NA,0,0,0,0,0,0,NA,NA,NA,NA,NA,NA,"5-6"
"1193","963-1","Rural","1-4y","Female",3,"Child",3,8,8,4,4,1,0,0,1,0,0,1,1,0,1,1,0,"3-4"
"1194","964-1","Rural","1-4y","Male",2,"Child",5,9,9.5,2.5,3,1,1,0,1,1,0,1,0,0,1,0,0,"5-6"
"1195","965-1","Rural","1-4y","Male",2,"Child",4,8,11,2.5,4,1,0,0,1,1,1,1,0,0,1,1,0,"3-4"
"1196","966-1","Rural","1-4y","Male",3,"Child",6,12,12,3.5,3.5,1,1,1,1,1,1,1,1,0,1,1,0,"5-6"
"1197","967-1","Rural","<6mo","Female",0,"Child",5,5,5,0.5,0.5,0,0,0,0,0,0,0,0,0,0,0,0,"5-6"
"1198","968-1","Rural","1-4y","Male",5,"Child",6,5,5,NA,NA,0,0,0,0,0,0,NA,NA,NA,NA,NA,NA,"5-6"
"1199","969-1","Rural","<6mo","Female",0,"Child",6,7,7,2,2,1,0,0,1,0,0,0,0,0,0,0,0,"5-6"
"1200","97-1","Rural","15-19y","Male",20,"Student",4,5.5,11,3.5,7.5,0,0,0,1,1,1,1,1,0,1,1,1,"3-4"
"1201","970-1","Rural","1-4y","Male",3,"Child",6,6,6,2,2,0,0,0,0,0,0,0,0,0,0,0,0,"5-6"
"1202","971-1","Urban","15-19y","Male",15,"Student",5,6,6,1,1,0,0,0,0,0,0,0,0,0,0,0,0,"5-6"
"1203","972-1","Urban","6-11mo","Female",1,"Child",5,5,7,0.5,1.5,0,0,0,1,0,0,0,0,0,0,0,0,"5-6"
"1204","973-1","Urban","20-29y","Male",25,NA,3,8,8,3,3,1,0,0,1,0,0,1,0,0,1,0,0,"3-4"
"1205","974-1","Urban","6-11mo","Female",1,"Child",3,5.5,5.5,2,2,0,0,0,0,0,0,0,0,0,0,0,0,"3-4"
"1206","975-1","Urban","6-11mo","Male",0,"Child",5,4,4,1,1,0,0,0,0,0,0,0,0,0,0,0,0,"5-6"
"1207","976-1","Urban","<6mo","Female",0,"Child",5,5,5,2.5,2.5,0,0,0,0,0,0,1,0,0,1,0,0,"5-6"
"1208","977-1","Urban","6-11mo","Female",1,"Child",9,10,10,NA,NA,1,1,0,1,1,0,NA,NA,NA,NA,NA,NA,"7+"
"1209","978-1","Urban","<6mo","Female",0,"Child",6,9,9,2,2,1,1,0,1,1,0,0,0,0,0,0,0,"5-6"
"1210","979-1","Urban","1-4y","Female",2,"Child",4,5,5,2,2,0,0,0,0,0,0,0,0,0,0,0,0,"3-4"
"1211","98-1","Urban","30-39y","Female",38,"Child",4,3.5,3,1,0.5,0,0,0,0,0,0,0,0,0,0,0,0,"3-4"
"1212","980-1","Urban","1-4y","Female",4,"Child",11,3.5,5,2,2.5,0,0,0,0,0,0,0,0,0,1,0,0,"7+"
"1213","981-1","Urban","1-4y","Male",4,"Child",4,6,6,1.5,1.5,0,0,0,0,0,0,0,0,0,0,0,0,"3-4"
"1214","982-1","Urban","1-4y","Male",2,"Child",4,6,6,1.5,1.5,0,0,0,0,0,0,0,0,0,0,0,0,"3-4"
"1215","983-1","Urban","1-4y","Male",1,"Child",4,6,6,1.5,1.5,0,0,0,0,0,0,0,0,0,0,0,0,"3-4"
"1216","984-1","Urban","30-39y","Male",37,NA,4,2,2,1,1,0,0,0,0,0,0,0,0,0,0,0,0,"3-4"
"1217","985-1","Urban","20-29y","Male",25,NA,3,4,4,2,2,0,0,0,0,0,0,0,0,0,0,0,0,"3-4"
"1218","986-1","Urban","5-9y","Male",10,"Student",5,4.5,7,0,1.5,0,0,0,1,0,0,0,0,0,0,0,0,"5-6"
"1219","987-1","Urban","6-11mo","Male",1,"Child",5,4,5,NA,0.5,0,0,0,0,0,0,NA,NA,NA,0,0,0,"5-6"
"1220","988-1","Urban","1-4y","Female",1,"Child",6,7,11,1,3,1,0,0,1,1,1,0,0,0,1,0,0,"5-6"
"1221","989-1","Urban","<6mo","Female",0,"Child",5,4,4,NA,NA,0,0,0,0,0,0,NA,NA,NA,NA,NA,NA,"5-6"
"1222","99-1","Rural","40-59y","Male",47,NA,5,4,5.5,NA,1.5,0,0,0,0,0,0,NA,NA,NA,0,0,0,"5-6"
"1223","990-1","Urban","1-4y","Female",3,"Child",5,8,8,2,2,1,0,0,1,0,0,0,0,0,0,0,0,"5-6"
"1224","991-1","Urban","6-11mo","Male",0,"Child",5,4.5,7,0,1.5,0,0,0,1,0,0,0,0,0,0,0,0,"5-6"
"1225","992-1","Urban","1-4y","Male",2,"Child",3,3,4,1.5,2,0,0,0,0,0,0,0,0,0,0,0,0,"3-4"
"1226","994-1","Urban","1-4y","Female",3,"Child",6,5,5,NA,NA,0,0,0,0,0,0,NA,NA,NA,NA,NA,NA,"5-6"
"1227","995-1","Urban","6-11mo","Male",1,"Child",3,3.5,6,2,3,0,0,0,0,0,0,0,0,0,1,0,0,"3-4"
"1228","996-1","Urban","1-4y","Male",4,"Child",4,5,5,1,1,0,0,0,0,0,0,0,0,0,0,0,0,"3-4"
"1229","998-1","Urban","1-4y","Female",4,"Child",4,8,8,2.5,2.5,1,0,0,1,0,0,1,0,0,1,0,0,"3-4"
"1230","999-1","Urban","1-4y","Female",3,"Child",5,3,3,1,1,0,0,0,0,0,0,0,0,0,0,0,0,"5-6"
