"","rec_id","study_site","participant_age","participant_sex","age","occupation","hh_occupants","avg_daily_resp_contacts","avg_daily_ent_contacts","avg_unique_resp_contacts","avg_unique_ent_contacts","daily_resp_mean_outlier","daily_resp_q75_outlier","daily_resp_q90_outlier","daily_ent_mean_outlier","daily_ent_q75_outlier","daily_ent_q90_outlier","unique_resp_mean_outlier","unique_resp_q75_outlier","unique_resp_q90_outlier","unique_ent_mean_outlier","unique_ent_q75_outlier","unique_ent_q90_outlier","hhsize","p_age"
"1","1-1","Urban","60+y","Female",75,"Unemployed adult",4,6,6,4.5,4.5,0,0,0,0,0,0,1,0,0,1,0,0,"3-4","60+y"
"2","10-1","Urban","60+y","Male",72,"Unskilled laborer",4,6.5,6,4,3.5,0,0,0,0,0,0,1,0,0,0,0,0,"3-4","60+y"
"3","100-1","Rural","40-59y","Male",41,"Skilled laborer",4,4,4.5,2,3,0,0,0,0,0,0,0,0,0,0,0,0,"3-4","40-49y"
"4","1000-1","Urban","1-4y","Male",2,"Child",6,6,6,3,3,0,0,0,0,0,0,0,0,0,0,0,0,"5-6","<4y"
"5","1002-1","Urban","<6mo","Male",0,"Child",3,5,5,2.5,2.5,0,0,0,0,0,0,0,0,0,0,0,0,"3-4","<4y"
"6","1004-1","Rural","<6mo","Male",0,"Child",5,4,4,2,2,0,0,0,0,0,0,0,0,0,0,0,0,"5-6","<4y"
"7","1005-1","Rural","1-4y","Male",4,"Child",6,10,10.5,5,5,1,1,0,1,1,0,1,1,0,1,0,0,"5-6","<4y"
"8","1006-1","Rural","6-11mo","Male",1,"Child",6,5,5,2.5,2.5,0,0,0,0,0,0,0,0,0,0,0,0,"5-6","<4y"
"9","1007-1","Rural","1-4y","Male",2,"Child",6,5,7,3,4,0,0,0,1,0,0,0,0,0,1,0,0,"5-6","<4y"
"10","1008-1","Rural","1-4y","Female",3,"Child",3,9,9,4.5,4.5,1,1,0,1,1,0,1,0,0,1,0,0,"3-4","<4y"
"11","1009-1","Rural","1-4y","Male",2,"Child",NA,3.5,6,2,3.5,0,0,0,0,0,0,0,0,0,0,0,0,NA,"<4y"
"12","101-1","Rural","20-29y","Female",29,"Child",6,6.5,6.5,4,4,0,0,0,0,0,0,1,0,0,1,0,0,"5-6","20-29y"
"13","1010-1","Rural","1-4y","Male",2,"Child",NA,5,6,3,4,0,0,0,0,0,0,0,0,0,1,0,0,NA,"<4y"
"14","1011-1","Rural","<6mo","Male",0,"Child",NA,3,3,3,3,0,0,0,0,0,0,0,0,0,0,0,0,NA,"<4y"
"15","1012-1","Rural","1-4y","Male",4,"Child",7,9.5,9.5,5,5,1,1,0,1,1,0,1,1,0,1,0,0,"7+","<4y"
"16","1013-1","Rural","1-4y","Female",3,"Child",8,5,5,2.5,2.5,0,0,0,0,0,0,0,0,0,0,0,0,"7+","<4y"
"17","1014-1","Rural","1-4y","Female",4,"Child",5,10,10,7,7,1,1,0,1,1,0,1,1,1,1,1,1,"5-6","<4y"
"18","1015-1","Urban","6-11mo","Female",0,"Child",4,4,4,2,2,0,0,0,0,0,0,0,0,0,0,0,0,"3-4","<4y"
"19","1016-1","Urban","1-4y","Female",1,"Child",6,3,3,1.5,1.5,0,0,0,0,0,0,0,0,0,0,0,0,"5-6","<4y"
"20","1017-1","Urban","6-11mo","Male",0,"Child",5,4,4,2,2,0,0,0,0,0,0,0,0,0,0,0,0,"5-6","<4y"
"21","1018-1","Urban","1-4y","Female",4,"Child",8,5,5,2.5,2.5,0,0,0,0,0,0,0,0,0,0,0,0,"7+","<4y"
"22","1019-1","Urban","6-11mo","Male",1,"Child",8,4,4,3,3,0,0,0,0,0,0,0,0,0,0,0,0,"7+","<4y"
"23","102-1","Rural","20-29y","Female",25,"Farmer/ Clerk/ Shopkeeper",6,6.5,7,4,4.5,0,0,0,1,0,0,1,0,0,1,0,0,"5-6","20-29y"
"24","1020-1","Urban","60+y","Female",62,"Unemployed adult",5,8,8,4,4,1,0,0,1,0,0,1,0,0,1,0,0,"5-6","60+y"
"25","1022-1","Urban","1-4y","Male",3,"Child",5,8,8,4,4,1,0,0,1,0,0,1,0,0,1,0,0,"5-6","<4y"
"26","1023-1","Urban","30-39y","Male",33,"Professional",5,9,9,4.5,4.5,1,1,0,1,1,0,1,0,0,1,0,0,"5-6","30-39y"
"27","1024-1","Urban","1-4y","Male",4,"Child",7,8,8,4,4,1,0,0,1,0,0,1,0,0,1,0,0,"7+","<4y"
"28","1025-1","Urban","1-4y","Male",2,"Child",7,8,8,4,4,1,0,0,1,0,0,1,0,0,1,0,0,"7+","<4y"
"29","1026-1","Urban","1-4y","Male",3,"Child",5,5,5,2.5,2.5,0,0,0,0,0,0,0,0,0,0,0,0,"5-6","<4y"
"30","1027-1","Urban","30-39y","Male",32,"Skilled laborer",7,10,10,5,5,1,1,0,1,1,0,1,1,0,1,0,0,"7+","30-39y"
"31","1028-1","Urban","1-4y","Female",3,"Child",7,8,8,4,4,1,0,0,1,0,0,1,0,0,1,0,0,"7+","<4y"
"32","1029-1","Urban","30-39y","Female",33,"Semiskilled laborer",4,14,14,7.5,7.5,1,1,1,1,1,1,1,1,1,1,1,1,"3-4","30-39y"
"33","103-2","Urban","<6mo","Female",0,"Child",4,7,8,3.5,4.5,1,0,0,1,0,0,0,0,0,1,0,0,"3-4","<4y"
"34","1030-1","Urban","1-4y","Female",2,"Child",4,9,9,4.5,4.5,1,1,0,1,1,0,1,0,0,1,0,0,"3-4","<4y"
"35","1031-1","Urban","1-4y","Female",3,"Child",5,8,7.5,4,4,1,0,0,1,0,0,1,0,0,1,0,0,"5-6","<4y"
"36","1032-1","Urban","1-4y","Male",4,"Child",5,8,8,4,4,1,0,0,1,0,0,1,0,0,1,0,0,"5-6","<4y"
"37","1033-1","Urban","5-9y","Male",8,"Student",4,13,13,6.5,6.5,1,1,1,1,1,1,1,1,1,1,1,0,"3-4","5-9y"
"38","1034-1","Urban","20-29y","Male",25,"Unskilled laborer",3,9,9,4.5,4.5,1,1,0,1,1,0,1,0,0,1,0,0,"3-4","20-29y"
"39","1035-1","Urban","1-4y","Female",2,"Child",3,5.5,5.5,3,3,0,0,0,0,0,0,0,0,0,0,0,0,"3-4","<4y"
"40","1036-1","Urban","1-4y","Female",3,"Child",6,7,7,4,4,1,0,0,1,0,0,1,0,0,1,0,0,"5-6","<4y"
"41","1037-1","Urban","1-4y","Male",1,"Child",4,2.5,2,2,1.5,0,0,0,0,0,0,0,0,0,0,0,0,"3-4","<4y"
"42","1038-1","Urban","1-4y","Female",4,"Child",12,12.5,12.5,7,7,1,1,1,1,1,1,1,1,1,1,1,1,"7+","<4y"
"43","1039-1","Urban","6-11mo","Female",1,"Child",5,3.5,3.5,2,2,0,0,0,0,0,0,0,0,0,0,0,0,"5-6","<4y"
"44","1040-1","Urban","1-4y","Female",2,"Child",6,7.5,7.5,4.5,4.5,1,0,0,1,0,0,1,0,0,1,0,0,"5-6","<4y"
"45","1041-1","Urban","1-4y","Female",3,"Child",4,5.5,5.5,3,3,0,0,0,0,0,0,0,0,0,0,0,0,"3-4","<4y"
"46","1042-1","Urban","1-4y","Female",4,"Child",6,6,6,3.5,3.5,0,0,0,0,0,0,0,0,0,0,0,0,"5-6","<4y"
"47","1043-1","Urban","1-4y","Female",3,"Child",9,8.5,8.5,5,5,1,1,0,1,0,0,1,1,0,1,0,0,"7+","<4y"
"48","1044-1","Urban","1-4y","Male",4,"Child",9,9,7.5,5,4,1,1,0,1,0,0,1,1,0,1,0,0,"7+","<4y"
"49","1045-1","Urban","1-4y","Male",4,"Child",16,17.5,19,9,10,1,1,1,1,1,1,1,1,1,1,1,1,"7+","<4y"
"50","1046-1","Urban","1-4y","Male",3,"Child",4,5.5,6,3,3.5,0,0,0,0,0,0,0,0,0,0,0,0,"3-4","<4y"
"51","1047-1","Urban","1-4y","Female",4,"Child",7,2,2,1,1,0,0,0,0,0,0,0,0,0,0,0,0,"7+","<4y"
"52","1048-1","Urban","1-4y","Male",3,"Child",7,3.5,3.5,2,2,0,0,0,0,0,0,0,0,0,0,0,0,"7+","<4y"
"53","1049-1","Urban","<6mo","Male",0,"Child",6,5,5,2.5,2.5,0,0,0,0,0,0,0,0,0,0,0,0,"5-6","<4y"
"54","1050-1","Urban","20-29y","Male",23,"Unskilled laborer",3,4,4,2,2,0,0,0,0,0,0,0,0,0,0,0,0,"3-4","20-29y"
"55","1051-1","Urban","20-29y","Male",26,"Unskilled laborer",4,6,6,3,3,0,0,0,0,0,0,0,0,0,0,0,0,"3-4","20-29y"
"56","1052-1","Urban","<6mo","Male",0,"Child",4,7,7,3.5,3.5,1,0,0,1,0,0,0,0,0,0,0,0,"3-4","<4y"
"57","1053-1","Urban","20-29y","Male",29,"Unskilled laborer",4,4,1,4,0.5,0,0,0,0,0,0,1,0,0,0,0,0,"3-4","20-29y"
"58","1054-1","Rural","6-11mo","Female",1,"Child",NA,7,9,3.5,4.5,1,0,0,1,1,0,0,0,0,1,0,0,NA,"<4y"
"59","1055-1","Rural","6-11mo","Female",0,"Child",6,5,5,2.5,2.5,0,0,0,0,0,0,0,0,0,0,0,0,"5-6","<4y"
"60","1056-1","Rural","<6mo","Male",0,"Child",NA,7,8.5,3.5,4.5,1,0,0,1,0,0,0,0,0,1,0,0,NA,"<4y"
"61","1057-1","Urban","20-29y","Male",21,"Unskilled laborer",4,8,8,4,4,1,0,0,1,0,0,1,0,0,1,0,0,"3-4","20-29y"
"62","1058-1","Rural","6-11mo","Female",0,"Child",4,3,3,1.5,1.5,0,0,0,0,0,0,0,0,0,0,0,0,"3-4","<4y"
"63","1059-1","Rural","<6mo","Male",0,"Child",5,6,6,3,3,0,0,0,0,0,0,0,0,0,0,0,0,"5-6","<4y"
"64","106-1","Rural","40-59y","Female",45,"Farmer/ Clerk/ Shopkeeper",4,9,8.5,6,5.5,1,1,0,1,0,0,1,1,0,1,1,0,"3-4","40-49y"
"65","1060-1","Urban","60+y","Male",66,"Unemployed adult",5,4.5,4.5,2.5,2.5,0,0,0,0,0,0,0,0,0,0,0,0,"5-6","60+y"
"66","1061-1","Urban","40-59y","Male",41,"Semiprofessional",5,6.5,6,3.5,3.5,0,0,0,0,0,0,0,0,0,0,0,0,"5-6","40-49y"
"67","1062-1","Urban","30-39y","Male",31,"Semiskilled laborer",6,5,5,2.5,2.5,0,0,0,0,0,0,0,0,0,0,0,0,"5-6","30-39y"
"68","1063-1","Urban","60+y","Male",73,"Unemployed adult",2,1.5,1.5,1,1,0,0,0,0,0,0,0,0,0,0,0,0,"2","60+y"
"69","1064-1","Urban","15-19y","Female",16,"Student",5,9.5,9.5,5,5,1,1,0,1,1,0,1,1,0,1,0,0,"5-6","10-19y"
"70","1065-1","Urban","15-19y","Female",18,"Unemployed adult",3,7,7,4,4,1,0,0,1,0,0,1,0,0,1,0,0,"3-4","10-19y"
"71","1066-1","Urban","40-59y","Male",41,"Semiskilled laborer",8,6.5,7,4,4,0,0,0,1,0,0,1,0,0,1,0,0,"7+","40-49y"
"72","1067-1","Urban","40-59y","Male",48,"Semiprofessional",4,3.5,3.5,2,2,0,0,0,0,0,0,0,0,0,0,0,0,"3-4","40-49y"
"73","1068-1","Urban","40-59y","Male",49,"Unemployed adult",5,5,4.5,2.5,2.5,0,0,0,0,0,0,0,0,0,0,0,0,"5-6","40-49y"
"74","1069-1","Urban","40-59y","Male",46,"Semiskilled laborer",6,10.5,10.5,6,6,1,1,1,1,1,0,1,1,0,1,1,0,"5-6","40-49y"
"75","107-1","Rural","40-59y","Female",53,"Child",7,8.5,8.5,5,5,1,1,0,1,0,0,1,1,0,1,0,0,"7+","50-59y"
"76","1070-1","Urban","40-59y","Male",60,"Unemployed adult",6,5,5,3.5,3.5,0,0,0,0,0,0,0,0,0,0,0,0,"5-6","50-59y"
"77","1071-1","Urban","30-39y","Male",36,"Semiprofessional",5,8,7,4.5,3.5,1,0,0,1,0,0,1,0,0,0,0,0,"5-6","30-39y"
"78","1072-1","Urban","30-39y","Male",38,"Semiprofessional",5,6.5,4.5,4,2.5,0,0,0,0,0,0,1,0,0,0,0,0,"5-6","30-39y"
"79","1073-1","Rural","<6mo","Female",0,"Child",NA,1,1,0.5,0.5,0,0,0,0,0,0,0,0,0,0,0,0,NA,"<4y"
"80","1074-1","Rural","<6mo","Male",0,"Child",NA,1.5,1.5,1,1,0,0,0,0,0,0,0,0,0,0,0,0,NA,"<4y"
"81","1075-1","Rural","<6mo","Female",0,"Child",NA,2.5,2.5,1.5,1.5,0,0,0,0,0,0,0,0,0,0,0,0,NA,"<4y"
"82","1076-1","Urban","6-11mo","Female",1,"Child",4,6.5,7,3,3.5,0,0,0,1,0,0,0,0,0,0,0,0,"3-4","<4y"
"83","1077-1","Urban","6-11mo","Male",1,"Child",5,2,2,1,1,0,0,0,0,0,0,0,0,0,0,0,0,"5-6","<4y"
"84","1078-1","Urban","6-11mo","Female",1,"Child",5,2,2,1,1,0,0,0,0,0,0,0,0,0,0,0,0,"5-6","<4y"
"85","1079-1","Urban","6-11mo","Female",1,"Child",6,6,6,3,3,0,0,0,0,0,0,0,0,0,0,0,0,"5-6","<4y"
"86","108-1","Rural","40-59y","Male",54,"Farmer/ Clerk/ Shopkeeper",5,3.5,3,2,1.5,0,0,0,0,0,0,0,0,0,0,0,0,"5-6","50-59y"
"87","108-2","Urban","<6mo","Male",0,"Child",3,7.5,8,4,4,1,0,0,1,0,0,1,0,0,1,0,0,"3-4","<4y"
"88","1080-1","Urban","6-11mo","Female",1,"Child",3,9,9,4.5,4.5,1,1,0,1,1,0,1,0,0,1,0,0,"3-4","<4y"
"89","1081-1","Rural","6-11mo","Male",1,"Child",NA,1,1,0.5,0.5,0,0,0,0,0,0,0,0,0,0,0,0,NA,"<4y"
"90","1083-1","Rural","6-11mo","Female",1,"Child",NA,2,2,1,1,0,0,0,0,0,0,0,0,0,0,0,0,NA,"<4y"
"91","1085-1","Rural","6-11mo","Male",0,"Child",7,4,4,2,2,0,0,0,0,0,0,0,0,0,0,0,0,"7+","<4y"
"92","1087-1","Urban","6-11mo","Male",1,"Child",4,4,4,2,2,0,0,0,0,0,0,0,0,0,0,0,0,"3-4","<4y"
"93","1088-1","Urban","15-19y","Male",20,"Semiskilled laborer",4,4,4,2,2,0,0,0,0,0,0,0,0,0,0,0,0,"3-4","10-19y"
"94","1089-1","Urban","6-11mo","Female",0,"Child",6,5,5,2.5,2.5,0,0,0,0,0,0,0,0,0,0,0,0,"5-6","<4y"
"95","109-1","Rural","20-29y","Female",23,"Skilled laborer",4,9,9,5.5,5.5,1,1,0,1,1,0,1,1,0,1,1,0,"3-4","20-29y"
"96","1090-1","Rural","6-11mo","Female",0,"Child",NA,1,1,0,0.5,0,0,0,0,0,0,0,0,0,0,0,0,NA,"<4y"
"97","1091-1","Rural","6-11mo","Male",1,"Child",4,4,5,2,2.5,0,0,0,0,0,0,0,0,0,0,0,0,"3-4","<4y"
"98","1092-1","Rural","6-11mo","Female",1,"Child",5,1,1,0.5,0.5,0,0,0,0,0,0,0,0,0,0,0,0,"5-6","<4y"
"99","1093-1","Rural","6-11mo","Male",0,"Child",NA,1.5,1.5,1,1,0,0,0,0,0,0,0,0,0,0,0,0,NA,"<4y"
"100","1094-1","Rural","6-11mo","Male",1,"Child",NA,1,1,0.5,0.5,0,0,0,0,0,0,0,0,0,0,0,0,NA,"<4y"
"101","1095-1","Rural","6-11mo","Male",1,"Child",NA,1,1,0.5,0.5,0,0,0,0,0,0,0,0,0,0,0,0,NA,"<4y"
"102","1096-1","Rural","6-11mo","Female",1,"Child",NA,1,1,0.5,0.5,0,0,0,0,0,0,0,0,0,0,0,0,NA,"<4y"
"103","1098-1","Rural","6-11mo","Female",0,"Child",NA,2.5,2.5,2,2,0,0,0,0,0,0,0,0,0,0,0,0,NA,"<4y"
"104","1099-1","Rural","6-11mo","Male",1,"Child",6,2.5,3,2,2.5,0,0,0,0,0,0,0,0,0,0,0,0,"5-6","<4y"
"105","11-1","Urban","60+y","Male",72,"Skilled laborer",5,4.5,5,2,2.5,0,0,0,0,0,0,0,0,0,0,0,0,"5-6","60+y"
"106","110-1","Rural","20-29y","Male",23,"Unemployed adult",6,8,8,4.5,4.5,1,0,0,1,0,0,1,0,0,1,0,0,"5-6","20-29y"
"107","1101-1","Rural","6-11mo","Male",1,"Child",8,1,1,0.5,0.5,0,0,0,0,0,0,0,0,0,0,0,0,"7+","<4y"
"108","1102-1","Rural","6-11mo","Female",0,"Child",5,2,3,1.5,2.5,0,0,0,0,0,0,0,0,0,0,0,0,"5-6","<4y"
"109","1103-1","Rural","6-11mo","Female",1,"Child",5,8,8,4,4,1,0,0,1,0,0,1,0,0,1,0,0,"5-6","<4y"
"110","1104-1","Rural","6-11mo","Female",1,"Child",NA,2,2,1,1,0,0,0,0,0,0,0,0,0,0,0,0,NA,"<4y"
"111","1105-1","Rural","6-11mo","Female",1,"Child",NA,2,2,1,1,0,0,0,0,0,0,0,0,0,0,0,0,NA,"<4y"
"112","1106-1","Rural","6-11mo","Female",1,"Child",NA,2,2,1,2,0,0,0,0,0,0,0,0,0,0,0,0,NA,"<4y"
"113","1107-1","Rural","6-11mo","Male",1,"Child",7,2,2,1,1,0,0,0,0,0,0,0,0,0,0,0,0,"7+","<4y"
"114","1108-1","Rural","6-11mo","Female",1,"Child",NA,1,1,0.5,0.5,0,0,0,0,0,0,0,0,0,0,0,0,NA,"<4y"
"115","1109-1","Rural","6-11mo","Female",0,"Child",5,3,5,1.5,2.5,0,0,0,0,0,0,0,0,0,0,0,0,"5-6","<4y"
"116","111-1","Rural","40-59y","Female",51,"Child",7,6,6,3.5,3.5,0,0,0,0,0,0,0,0,0,0,0,0,"7+","50-59y"
"117","111-2","Urban","1-4y","Female",2,"Child",3,8.5,9,6.5,7,1,1,0,1,1,0,1,1,1,1,1,1,"3-4","<4y"
"118","1110-1","Rural","6-11mo","Female",0,"Child",4,2,2,1,1,0,0,0,0,0,0,0,0,0,0,0,0,"3-4","<4y"
"119","1111-1","Urban","20-29y","Female",22,"Child",4,4,4,2,2,0,0,0,0,0,0,0,0,0,0,0,0,"3-4","20-29y"
"120","1112-1","Urban","20-29y","Female",26,"Unemployed adult",5,6,6,3,3,0,0,0,0,0,0,0,0,0,0,0,0,"5-6","20-29y"
"121","112-1","Rural","40-59y","Female",50,"Farmer/ Clerk/ Shopkeeper",2,5,1.5,2.5,1,0,0,0,0,0,0,0,0,0,0,0,0,"2","50-59y"
"122","113-1","Rural","40-59y","Male",53,"Farmer/ Clerk/ Shopkeeper",4,3,3,1.5,1.5,0,0,0,0,0,0,0,0,0,0,0,0,"3-4","50-59y"
"123","114-1","Rural","40-59y","Male",58,"Skilled laborer",2,3,3,1.5,1.5,0,0,0,0,0,0,0,0,0,0,0,0,"2","50-59y"
"124","115-1","Urban","30-39y","Male",36,"Unskilled laborer",4,4,3.5,2.5,2,0,0,0,0,0,0,0,0,0,0,0,0,"3-4","30-39y"
"125","116-1","Urban","30-39y","Female",35,"Child",4,6,4,3,2,0,0,0,0,0,0,0,0,0,0,0,0,"3-4","30-39y"
"126","117-1","Urban","30-39y","Female",37,"Child",5,5.5,5.5,3,3,0,0,0,0,0,0,0,0,0,0,0,0,"5-6","30-39y"
"127","117-2","Urban","<6mo","Male",0,"Child",7,7,7.5,3.5,4,1,0,0,1,0,0,0,0,0,1,0,0,"7+","<4y"
"128","118-1","Urban","30-39y","Male",36,"Unemployed adult",7,5,5,2.5,2.5,0,0,0,0,0,0,0,0,0,0,0,0,"7+","30-39y"
"129","119-1","Urban","30-39y","Male",36,"Unemployed adult",4,3.5,3.5,2,2,0,0,0,0,0,0,0,0,0,0,0,0,"3-4","30-39y"
"130","119-2","Urban","1-4y","Female",1,"Child",5,5.5,6,3,3,0,0,0,0,0,0,0,0,0,0,0,0,"5-6","<4y"
"131","12-1","Urban","60+y","Female",60,"Unskilled laborer",2,2,3.5,1.5,2,0,0,0,0,0,0,0,0,0,0,0,0,"2","60+y"
"132","121-1","Urban","40-59y","Female",43,"Child",4,4,4,2.5,2.5,0,0,0,0,0,0,0,0,0,0,0,0,"3-4","40-49y"
"133","122-1","Urban","30-39y","Female",32,"Child",5,8,7,5,4.5,1,0,0,1,0,0,1,1,0,1,0,0,"5-6","30-39y"
"134","123-1","Urban","30-39y","Female",35,"Unemployed adult",9,5.5,5.5,3,3,0,0,0,0,0,0,0,0,0,0,0,0,"7+","30-39y"
"135","124-1","Rural","40-59y","Male",41,"Semiskilled laborer",4,4,2,3,1,0,0,0,0,0,0,0,0,0,0,0,0,"3-4","40-49y"
"136","124-2","Urban","6-11mo","Male",1,"Child",6,5.5,8.5,3,4.5,0,0,0,1,0,0,0,0,0,1,0,0,"5-6","<4y"
"137","125-1","Rural","30-39y","Male",33,"Unskilled laborer",3,2,2,1,1,0,0,0,0,0,0,0,0,0,0,0,0,"3-4","30-39y"
"138","125-2","Urban","6-11mo","Male",1,"Child",5,6,6.5,3.5,4,0,0,0,0,0,0,0,0,0,1,0,0,"5-6","<4y"
"139","126-1","Rural","30-39y","Female",37,"Unskilled laborer",6,2.5,NA,1.5,NA,0,0,0,NA,NA,NA,0,0,0,NA,NA,NA,"5-6","30-39y"
"140","127-1","Rural","30-39y","Male",34,"Semiskilled laborer",2,7,1,4.5,0.5,1,0,0,0,0,0,1,0,0,0,0,0,"2","30-39y"
"141","128-1","Rural","30-39y","Female",36,"Child",10,9,9,4.5,4.5,1,1,0,1,1,0,1,0,0,1,0,0,"7+","30-39y"
"142","129-1","Rural","30-39y","Female",31,"Child",5,2,3.5,1,2.5,0,0,0,0,0,0,0,0,0,0,0,0,"5-6","30-39y"
"143","129-2","Urban","1-4y","Male",4,"Child",5,8,8,4.5,4.5,1,0,0,1,0,0,1,0,0,1,0,0,"5-6","<4y"
"144","13-1","Urban","60+y","Female",63,"Child",5,6.5,6.5,3.5,3.5,0,0,0,0,0,0,0,0,0,0,0,0,"5-6","60+y"
"145","130-1","Rural","60+y","Female",72,"Unskilled laborer",2,1,2,0.5,1.5,0,0,0,0,0,0,0,0,0,0,0,0,"2","60+y"
"146","131-1","Rural","40-59y","Male",49,"Farmer/ Clerk/ Shopkeeper",4,6.5,7.5,4,5,0,0,0,1,0,0,1,0,0,1,0,0,"3-4","40-49y"
"147","132-1","Rural","40-59y","Male",56,"Farmer/ Clerk/ Shopkeeper",6,5,5,2.5,2.5,0,0,0,0,0,0,0,0,0,0,0,0,"5-6","50-59y"
"148","133-1","Rural","40-59y","Female",58,"Farmer/ Clerk/ Shopkeeper",4,5,3,2.5,1.5,0,0,0,0,0,0,0,0,0,0,0,0,"3-4","50-59y"
"149","133-2","Urban","<6mo","Female",0,"Child",5,7,7,4,4,1,0,0,1,0,0,1,0,0,1,0,0,"5-6","<4y"
"150","134-1","Rural","20-29y","Male",22,"Skilled laborer",5,6,4.5,3.5,2.5,0,0,0,0,0,0,0,0,0,0,0,0,"5-6","20-29y"
"151","135-1","Rural","20-29y","Male",27,"Farmer/ Clerk/ Shopkeeper",3,3,2.5,2,1.5,0,0,0,0,0,0,0,0,0,0,0,0,"3-4","20-29y"
"152","136-1","Rural","20-29y","Male",25,"Skilled laborer",4,2,5.5,1,4,0,0,0,0,0,0,0,0,0,1,0,0,"3-4","20-29y"
"153","137-1","Rural","20-29y","Male",21,"Unemployed adult",6,5,4.5,2.5,2,0,0,0,0,0,0,0,0,0,0,0,0,"5-6","20-29y"
"154","138-1","Rural","20-29y","Female",28,"Child",6,8,5,4,2.5,1,0,0,0,0,0,1,0,0,0,0,0,"5-6","20-29y"
"155","138-2","Rural","<6mo","Female",0,"Child",NA,9.5,9.5,5,5,1,1,0,1,1,0,1,1,0,1,0,0,NA,"<4y"
"156","139-1","Urban","40-59y","Female",48,"Unskilled laborer",6,8.5,6,5,3.5,1,1,0,0,0,0,1,1,0,0,0,0,"5-6","40-49y"
"157","14-1","Urban","60+y","Male",66,"Farmer/ Clerk/ Shopkeeper",3,2.5,2,1.5,1,0,0,0,0,0,0,0,0,0,0,0,0,"3-4","60+y"
"158","140-1","Urban","40-59y","Male",57,"Skilled laborer",7,8.5,8.5,4.5,5,1,1,0,1,0,0,1,0,0,1,0,0,"7+","50-59y"
"159","141-1","Urban","40-59y","Female",49,"Retired",1,2.5,2.5,1.5,1.5,0,0,0,0,0,0,0,0,0,0,0,0,"2","40-49y"
"160","142-1","Urban","40-59y","Female",49,"Child",5,4.5,4.5,2.5,2.5,0,0,0,0,0,0,0,0,0,0,0,0,"5-6","40-49y"
"161","143-1","Urban","40-59y","Female",44,"Semiskilled laborer",3,7.5,7,5.5,5,1,0,0,1,0,0,1,1,0,1,0,0,"3-4","40-49y"
"162","144-1","Urban","40-59y","Male",50,"Semiprofessional",5,8,9,4.5,4.5,1,0,0,1,1,0,1,0,0,1,0,0,"5-6","50-59y"
"163","145-1","Urban","40-59y","Female",41,"Child",5,6.5,6,3.5,3.5,0,0,0,0,0,0,0,0,0,0,0,0,"5-6","40-49y"
"164","146-1","Urban","40-59y","Male",45,"Unskilled laborer",4,5.5,5.5,3,3,0,0,0,0,0,0,0,0,0,0,0,0,"3-4","40-49y"
"165","147-1","Urban","40-59y","Female",58,"Child",6,6.5,6.5,3.5,3.5,0,0,0,0,0,0,0,0,0,0,0,0,"5-6","50-59y"
"166","147-2","Rural","<6mo","Female",0,"Child",7,6.5,6.5,3.5,3.5,0,0,0,0,0,0,0,0,0,0,0,0,"7+","<4y"
"167","148-1","Urban","40-59y","Female",46,"Child",3,6,6,3.5,3.5,0,0,0,0,0,0,0,0,0,0,0,0,"3-4","40-49y"
"168","149-1","Urban","40-59y","Female",59,"Unemployed adult",6,8,6.5,4.5,4,1,0,0,0,0,0,1,0,0,1,0,0,"5-6","50-59y"
"169","15-1","Urban","60+y","Female",70,"Unemployed adult",5,5.5,5.5,3,3,0,0,0,0,0,0,0,0,0,0,0,0,"5-6","60+y"
"170","150-1","Urban","40-59y","Female",48,"Child",6,5,5,2.5,2.5,0,0,0,0,0,0,0,0,0,0,0,0,"5-6","40-49y"
"171","151-1","Urban","40-59y","Female",53,"Child",2,2.5,2.5,2,1.5,0,0,0,0,0,0,0,0,0,0,0,0,"2","50-59y"
"172","152-1","Urban","40-59y","Female",42,"Unskilled laborer",1,4,4,2,2,0,0,0,0,0,0,0,0,0,0,0,0,"2","40-49y"
"173","153-1","Urban","40-59y","Female",55,"Child",2,2.5,1,1,0.5,0,0,0,0,0,0,0,0,0,0,0,0,"2","50-59y"
"174","154-1","Urban","40-59y","Female",50,"Unskilled laborer",5,8.5,8.5,5.5,5.5,1,1,0,1,0,0,1,1,0,1,1,0,"5-6","50-59y"
"175","154-2","Urban","<6mo","Male",0,"Child",5,4.5,6.5,2.5,3.5,0,0,0,0,0,0,0,0,0,0,0,0,"5-6","<4y"
"176","155-1","Urban","40-59y","Female",40,"Child",3,3.5,2.5,2,1.5,0,0,0,0,0,0,0,0,0,0,0,0,"3-4","40-49y"
"177","156-1","Urban","40-59y","Female",55,"Unemployed adult",3,3,3,2,2,0,0,0,0,0,0,0,0,0,0,0,0,"3-4","50-59y"
"178","157-1","Urban","40-59y","Female",50,"Child",5,5,6,3,4,0,0,0,0,0,0,0,0,0,1,0,0,"5-6","50-59y"
"179","157-2","Rural","<6mo","Female",0,"Child",4,4,4,2.5,2.5,0,0,0,0,0,0,0,0,0,0,0,0,"3-4","<4y"
"180","158-1","Urban","40-59y","Female",47,"Child",4,5,4.5,2.5,2.5,0,0,0,0,0,0,0,0,0,0,0,0,"3-4","40-49y"
"181","159-1","Urban","40-59y","Female",57,"Unemployed adult",1,2,2,1,1,0,0,0,0,0,0,0,0,0,0,0,0,"2","50-59y"
"182","16-1","Urban","60+y","Male",60,"Unskilled laborer",2,7.5,6.5,4,3.5,1,0,0,0,0,0,1,0,0,0,0,0,"2","60+y"
"183","160-1","Urban","40-59y","Male",46,"Semiprofessional",5,5,5,2.5,2.5,0,0,0,0,0,0,0,0,0,0,0,0,"5-6","40-49y"
"184","161-1","Urban","40-59y","Female",56,"Child",2,2,1.5,1,1,0,0,0,0,0,0,0,0,0,0,0,0,"2","50-59y"
"185","161-2","Rural","<6mo","Male",0,"Child",8,3,3,1.5,1.5,0,0,0,0,0,0,0,0,0,0,0,0,"7+","<4y"
"186","162-1","Rural","20-29y","Female",28,"Farmer/ Clerk/ Shopkeeper",8,8.5,8.5,5.5,5.5,1,1,0,1,0,0,1,1,0,1,1,0,"7+","20-29y"
"187","163-1","Rural","20-29y","Female",26,"Child",7,7.5,7.5,4.5,4.5,1,0,0,1,0,0,1,0,0,1,0,0,"7+","20-29y"
"188","164-1","Rural","20-29y","Female",24,"Unemployed adult",5,8,8,4,4,1,0,0,1,0,0,1,0,0,1,0,0,"5-6","20-29y"
"189","165-1","Rural","20-29y","Female",28,"Child",5,7,8,4.5,5.5,1,0,0,1,0,0,1,0,0,1,1,0,"5-6","20-29y"
"190","168-2","Urban","6-11mo","Female",1,"Child",4,5,6.5,2.5,3.5,0,0,0,0,0,0,0,0,0,0,0,0,"3-4","<4y"
"191","17-1","Rural","60+y","Female",71,"Unskilled laborer",6,6.5,5.5,4,3,0,0,0,0,0,0,1,0,0,0,0,0,"5-6","60+y"
"192","17-2","Rural","<6mo","Female",0,"Child",5,3.5,4.5,2,3,0,0,0,0,0,0,0,0,0,0,0,0,"5-6","<4y"
"193","171-1","Rural","40-59y","Female",52,"Farmer/ Clerk/ Shopkeeper",3,2,2,1,1,0,0,0,0,0,0,0,0,0,0,0,0,"3-4","50-59y"
"194","172-1","Rural","40-59y","Male",52,"Semiprofessional",7,7.5,6,4,3,1,0,0,0,0,0,1,0,0,0,0,0,"7+","50-59y"
"195","172-2","Rural","<6mo","Male",0,"Child",6,6,6,3.5,3.5,0,0,0,0,0,0,0,0,0,0,0,0,"5-6","<4y"
"196","173-1","Rural","40-59y","Female",41,"Child",3,6,6.5,3.5,3.5,0,0,0,0,0,0,0,0,0,0,0,0,"3-4","40-49y"
"197","174-1","Rural","40-59y","Male",42,"Farmer/ Clerk/ Shopkeeper",5,5,4,2.5,2,0,0,0,0,0,0,0,0,0,0,0,0,"5-6","40-49y"
"198","175-1","Rural","40-59y","Male",50,"Unemployed adult",4,4.5,6,2.5,4,0,0,0,0,0,0,0,0,0,1,0,0,"3-4","50-59y"
"199","176-1","Rural","40-59y","Male",52,"Semiskilled laborer",5,6.5,5,4,3,0,0,0,0,0,0,1,0,0,0,0,0,"5-6","50-59y"
"200","177-1","Rural","40-59y","Female",57,"Child",6,6,6,3.5,3.5,0,0,0,0,0,0,0,0,0,0,0,0,"5-6","50-59y"
"201","178-1","Rural","20-29y","Female",21,"Child",4,5,6.5,2.5,3.5,0,0,0,0,0,0,0,0,0,0,0,0,"3-4","20-29y"
"202","179-1","Urban","40-59y","Male",40,"Skilled laborer",3,7,5.5,3.5,3,1,0,0,0,0,0,0,0,0,0,0,0,"3-4","40-49y"
"203","18-1","Rural","60+y","Female",69,"Unskilled laborer",5,9,9,7,7,1,1,0,1,1,0,1,1,1,1,1,1,"5-6","60+y"
"204","180-1","Urban","40-59y","Male",49,"Unskilled laborer",2,5.5,5.5,3,3,0,0,0,0,0,0,0,0,0,0,0,0,"2","40-49y"
"205","181-1","Urban","40-59y","Female",53,"Unemployed adult",5,5,4.5,2.5,2.5,0,0,0,0,0,0,0,0,0,0,0,0,"5-6","50-59y"
"206","181-2","Urban","6-11mo","Male",1,"Child",NA,7.5,7.5,4,4,1,0,0,1,0,0,1,0,0,1,0,0,NA,"<4y"
"207","182-1","Rural","30-39y","Female",34,"Child",4,5.5,3,3,1.5,0,0,0,0,0,0,0,0,0,0,0,0,"3-4","30-39y"
"208","183-1","Rural","30-39y","Male",36,"Farmer/ Clerk/ Shopkeeper",4,4,NA,4,NA,0,0,0,NA,NA,NA,1,0,0,NA,NA,NA,"3-4","30-39y"
"209","184-1","Rural","30-39y","Male",38,"Semiskilled laborer",5,7,2.5,4.5,1,1,0,0,0,0,0,1,0,0,0,0,0,"5-6","30-39y"
"210","185-1","Rural","30-39y","Male",32,"Professional",7,5.5,6.5,3,4,0,0,0,0,0,0,0,0,0,1,0,0,"7+","30-39y"
"211","186-1","Rural","30-39y","Female",37,"Unskilled laborer",4,3,3,1.5,1.5,0,0,0,0,0,0,0,0,0,0,0,0,"3-4","30-39y"
"212","186-2","Urban","<6mo","Male",0,"Child",4,4,4.5,2.5,2.5,0,0,0,0,0,0,0,0,0,0,0,0,"3-4","<4y"
"213","187-1","Rural","40-59y","Male",40,"Farmer/ Clerk/ Shopkeeper",5,6.5,8,4,5.5,0,0,0,1,0,0,1,0,0,1,1,0,"5-6","40-49y"
"214","188-1","Rural","30-39y","Male",35,"Skilled laborer",5,4,4,2,2,0,0,0,0,0,0,0,0,0,0,0,0,"5-6","30-39y"
"215","189-2","Rural","<6mo","Female",0,"Child",NA,6,6.5,3.5,4,0,0,0,0,0,0,0,0,0,1,0,0,NA,"<4y"
"216","19-1","Rural","60+y","Female",85,"Unemployed adult",5,3,7,1.5,5.5,0,0,0,1,0,0,0,0,0,1,1,0,"5-6","60+y"
"217","19-2","Rural","6-11mo","Male",1,"Child",6,6.5,6.5,4,4,0,0,0,0,0,0,1,0,0,1,0,0,"5-6","<4y"
"218","190-1","Urban","40-59y","Male",41,"Semiprofessional",5,5,4.5,3,2.5,0,0,0,0,0,0,0,0,0,0,0,0,"5-6","40-49y"
"219","191-1","Urban","30-39y","Female",35,"Child",4,4.5,4,2.5,2,0,0,0,0,0,0,0,0,0,0,0,0,"3-4","30-39y"
"220","192-1","Urban","30-39y","Female",35,"Child",3,7,6.5,4,4,1,0,0,0,0,0,1,0,0,1,0,0,"3-4","30-39y"
"221","194-1","Urban","30-39y","Male",35,"Semiskilled laborer",4,5,5,3.5,3.5,0,0,0,0,0,0,0,0,0,0,0,0,"3-4","30-39y"
"222","196-1","Urban","30-39y","Female",31,"Unemployed adult",4,4.5,4,3,2.5,0,0,0,0,0,0,0,0,0,0,0,0,"3-4","30-39y"
"223","197-1","Rural","20-29y","Male",26,"Semiprofessional",4,6,6,3,3,0,0,0,0,0,0,0,0,0,0,0,0,"3-4","20-29y"
"224","198-1","Rural","20-29y","Male",20,"Unemployed adult",4,3,4,1.5,2.5,0,0,0,0,0,0,0,0,0,0,0,0,"3-4","20-29y"
"225","199-1","Rural","60+y","Female",75,"Child",5,6,6,3,3,0,0,0,0,0,0,0,0,0,0,0,0,"5-6","60+y"
"226","199-2","Urban","6-11mo","Male",1,"Child",5,5.5,5.5,3,3,0,0,0,0,0,0,0,0,0,0,0,0,"5-6","<4y"
"227","2-1","Urban","60+y","Female",75,"Unemployed adult",7,6.5,7,4,4.5,0,0,0,1,0,0,1,0,0,1,0,0,"7+","60+y"
"228","20-1","Rural","40-59y","Female",57,"Unemployed adult",1,5,4.5,2.5,4.5,0,0,0,0,0,0,0,0,0,1,0,0,"2","50-59y"
"229","200-1","Rural","40-59y","Female",52,"Farmer/ Clerk/ Shopkeeper",6,5.5,5,3,2.5,0,0,0,0,0,0,0,0,0,0,0,0,"5-6","50-59y"
"230","201-1","Rural","40-59y","Male",50,"Farmer/ Clerk/ Shopkeeper",4,6,6,3,3.5,0,0,0,0,0,0,0,0,0,0,0,0,"3-4","50-59y"
"231","202-1","Rural","40-59y","Male",53,"Unemployed adult",3,3.5,3,2,1.5,0,0,0,0,0,0,0,0,0,0,0,0,"3-4","50-59y"
"232","203-1","Rural","40-59y","Female",53,"Farmer/ Clerk/ Shopkeeper",5,8,8,4,4,1,0,0,1,0,0,1,0,0,1,0,0,"5-6","50-59y"
"233","204-1","Rural","40-59y","Female",51,"Child",4,2.5,4,1,2,0,0,0,0,0,0,0,0,0,0,0,0,"3-4","50-59y"
"234","205-1","Rural","20-29y","Female",29,"Child",6,5.5,4.5,3.5,2.5,0,0,0,0,0,0,0,0,0,0,0,0,"5-6","20-29y"
"235","206-1","Rural","30-39y","Female",36,"Farmer/ Clerk/ Shopkeeper",4,3,3,1.5,1.5,0,0,0,0,0,0,0,0,0,0,0,0,"3-4","30-39y"
"236","206-2","Urban","1-4y","Female",2,"Child",4,7,10,3.5,5,1,0,0,1,1,0,0,0,0,1,0,0,"3-4","<4y"
"237","207-1","Rural","30-39y","Female",36,"Semiskilled laborer",5,6,6,3,3,0,0,0,0,0,0,0,0,0,0,0,0,"5-6","30-39y"
"238","207-2","Urban","<6mo","Female",0,"Child",5,5.5,5.5,3,3,0,0,0,0,0,0,0,0,0,0,0,0,"5-6","<4y"
"239","208-1","Rural","20-29y","Male",20,"Student",5,8.5,8,4.5,4,1,1,0,1,0,0,1,0,0,1,0,0,"5-6","20-29y"
"240","209-1","Rural","20-29y","Male",30,"Farmer/ Clerk/ Shopkeeper",3,4,4,2,2,0,0,0,0,0,0,0,0,0,0,0,0,"3-4","20-29y"
"241","21-1","Rural","60+y","Female",73,"Unemployed adult",3,7.5,2,4,1,1,0,0,0,0,0,1,0,0,0,0,0,"3-4","60+y"
"242","210-1","Rural","20-29y","Male",20,"Skilled laborer",5,10,10,5,5.5,1,1,0,1,1,0,1,1,0,1,1,0,"5-6","20-29y"
"243","210-2","Rural","6-11mo","Male",1,"Child",5,4.5,5,2.5,2.5,0,0,0,0,0,0,0,0,0,0,0,0,"5-6","<4y"
"244","211-1","Urban","30-39y","Female",34,"Child",4,5.5,5,4,3.5,0,0,0,0,0,0,1,0,0,0,0,0,"3-4","30-39y"
"245","212-1","Urban","30-39y","Male",34,"Skilled laborer",3,4.5,3.5,3,2,0,0,0,0,0,0,0,0,0,0,0,0,"3-4","30-39y"
"246","213-1","Urban","30-39y","Male",39,"Skilled laborer",3,2,2,1,1,0,0,0,0,0,0,0,0,0,0,0,0,"3-4","30-39y"
"247","214-1","Urban","40-59y","Male",52,"Skilled laborer",4,7,5.5,3.5,3,1,0,0,0,0,0,0,0,0,0,0,0,"3-4","50-59y"
"248","214-2","Urban","1-4y","Male",2,"Child",4,4.5,7.5,2.5,4.5,0,0,0,1,0,0,0,0,0,1,0,0,"3-4","<4y"
"249","215-1","Urban","40-59y","Female",52,"Unskilled laborer",2,3,3,1.5,1.5,0,0,0,0,0,0,0,0,0,0,0,0,"2","50-59y"
"250","216-1","Urban","40-59y","Female",48,"Skilled laborer",3,11,12.5,6.5,7,1,1,1,1,1,1,1,1,1,1,1,1,"3-4","40-49y"
"251","217-1","Rural","60+y","Female",60,"Unskilled laborer",1,9,6,5.5,1.5,1,1,0,0,0,0,1,1,0,0,0,0,"2","60+y"
"252","217-2","Urban","<6mo","Female",0,"Child",5,5.5,5.5,3,3,0,0,0,0,0,0,0,0,0,0,0,0,"5-6","<4y"
"253","218-1","Rural","60+y","Female",72,"Farmer/ Clerk/ Shopkeeper",2,4,9,2,5.5,0,0,0,1,1,0,0,0,0,1,1,0,"2","60+y"
"254","218-2","Rural","1-4y","Female",4,"Child",NA,7,7,4.5,4.5,1,0,0,1,0,0,1,0,0,1,0,0,NA,"<4y"
"255","219-1","Rural","60+y","Female",77,"Child",4,3,2.5,1.5,1,0,0,0,0,0,0,0,0,0,0,0,0,"3-4","60+y"
"256","22-1","Rural","60+y","Male",66,"Farmer/ Clerk/ Shopkeeper",7,5,5,2.5,2.5,0,0,0,0,0,0,0,0,0,0,0,0,"7+","60+y"
"257","220-1","Rural","60+y","Female",67,"Unemployed adult",1,10,9.5,8,7.5,1,1,0,1,1,0,1,1,1,1,1,1,"2","60+y"
"258","221-1","Rural","60+y","Female",64,"Child",1,3,3,2,2,0,0,0,0,0,0,0,0,0,0,0,0,"2","60+y"
"259","222-1","Rural","40-59y","Female",49,"Farmer/ Clerk/ Shopkeeper",4,4,4,2.5,2.5,0,0,0,0,0,0,0,0,0,0,0,0,"3-4","40-49y"
"260","222-2","Rural","1-4y","Male",2,"Child",4,3.5,5,2.5,4,0,0,0,0,0,0,0,0,0,1,0,0,"3-4","<4y"
"261","223-1","Rural","40-59y","Male",41,"Farmer/ Clerk/ Shopkeeper",6,5,5,2.5,2.5,0,0,0,0,0,0,0,0,0,0,0,0,"5-6","40-49y"
"262","224-1","Rural","40-59y","Female",59,"Child",7,6,6,3,3,0,0,0,0,0,0,0,0,0,0,0,0,"7+","50-59y"
"263","225-1","Rural","40-59y","Female",42,"Semiskilled laborer",4,5,5.5,3.5,4,0,0,0,0,0,0,0,0,0,1,0,0,"3-4","40-49y"
"264","226-1","Rural","60+y","Male",80,"Retired",2,2,2,1,1,0,0,0,0,0,0,0,0,0,0,0,0,"2","60+y"
"265","228-1","Rural","60+y","Male",68,"Unskilled laborer",4,5.5,5.5,3,3,0,0,0,0,0,0,0,0,0,0,0,0,"3-4","60+y"
"266","229-1","Rural","60+y","Male",61,"Unskilled laborer",6,7,7,4.5,4.5,1,0,0,1,0,0,1,0,0,1,0,0,"5-6","60+y"
"267","229-2","Rural","1-4y","Male",1,"Child",NA,4,4,2,2,0,0,0,0,0,0,0,0,0,0,0,0,NA,"<4y"
"268","230-1","Rural","60+y","Male",65,"Unemployed adult",2,1.5,1,1,0.5,0,0,0,0,0,0,0,0,0,0,0,0,"2","60+y"
"269","231-1","Rural","40-59y","Male",59,"Unemployed adult",3,2,2,1,1,0,0,0,0,0,0,0,0,0,0,0,0,"3-4","50-59y"
"270","232-1","Urban","30-39y","Male",32,"Unemployed adult",2,4,4,2,2,0,0,0,0,0,0,0,0,0,0,0,0,"2","30-39y"
"271","233-1","Urban","30-39y","Female",30,"Unemployed adult",2,3,3,2,2,0,0,0,0,0,0,0,0,0,0,0,0,"2","30-39y"
"272","234-1","Urban","30-39y","Female",39,"Child",4,3.5,2.5,2,1.5,0,0,0,0,0,0,0,0,0,0,0,0,"3-4","30-39y"
"273","234-2","Urban","6-11mo","Female",0,"Child",4,7.5,7,5,4.5,1,0,0,1,0,0,1,1,0,1,0,0,"3-4","<4y"
"274","235-1","Urban","30-39y","Female",33,"Child",4,4.5,4.5,3,3,0,0,0,0,0,0,0,0,0,0,0,0,"3-4","30-39y"
"275","237-1","Rural","40-59y","Female",41,"Child",4,4,3,2,1.5,0,0,0,0,0,0,0,0,0,0,0,0,"3-4","40-49y"
"276","237-2","Urban","<6mo","Male",0,"Child",3,4,5.5,2.5,3.5,0,0,0,0,0,0,0,0,0,0,0,0,"3-4","<4y"
"277","238-1","Rural","40-59y","Female",50,"Child",2,2,2,1,1,0,0,0,0,0,0,0,0,0,0,0,0,"2","50-59y"
"278","239-1","Rural","60+y","Female",87,"Child",1,2,1,1,0.5,0,0,0,0,0,0,0,0,0,0,0,0,"2","60+y"
"279","239-2","Rural","1-4y","Female",2,"Child",NA,3,4.5,1.5,3,0,0,0,0,0,0,0,0,0,0,0,0,NA,"<4y"
"280","24-1","Urban","60+y","Female",75,"Unemployed adult",5,6.5,6.5,3.5,3.5,0,0,0,0,0,0,0,0,0,0,0,0,"5-6","60+y"
"281","24-2","Rural","<6mo","Female",0,"Child",5,6,6,3.5,3.5,0,0,0,0,0,0,0,0,0,0,0,0,"5-6","<4y"
"282","240-1","Rural","60+y","Female",68,"Child",4,6,6,3.5,3.5,0,0,0,0,0,0,0,0,0,0,0,0,"3-4","60+y"
"283","241-1","Rural","60+y","Female",65,"Child",5,4,4,2,2,0,0,0,0,0,0,0,0,0,0,0,0,"5-6","60+y"
"284","242-1","Rural","60+y","Male",81,"Unemployed adult",2,1,1,0.5,0.5,0,0,0,0,0,0,0,0,0,0,0,0,"2","60+y"
"285","242-2","Rural","<6mo","Male",0,"Child",4,10.5,10.5,8,8,1,1,1,1,1,0,1,1,1,1,1,1,"3-4","<4y"
"286","243-1","Rural","60+y","Male",64,"Farmer/ Clerk/ Shopkeeper",2,1.5,1.5,1,1,0,0,0,0,0,0,0,0,0,0,0,0,"2","60+y"
"287","244-1","Rural","60+y","Male",68,"Unskilled laborer",4,3,3,1.5,1.5,0,0,0,0,0,0,0,0,0,0,0,0,"3-4","60+y"
"288","245-1","Rural","40-59y","Female",46,"Farmer/ Clerk/ Shopkeeper",4,3.5,4,2,2.5,0,0,0,0,0,0,0,0,0,0,0,0,"3-4","40-49y"
"289","246-1","Rural","40-59y","Female",51,"Child",4,4.5,4.5,3.5,3.5,0,0,0,0,0,0,0,0,0,0,0,0,"3-4","50-59y"
"290","246-2","Urban","<6mo","Female",0,"Child",4,7.5,7.5,4.5,4.5,1,0,0,1,0,0,1,0,0,1,0,0,"3-4","<4y"
"291","247-1","Rural","20-29y","Female",29,"Child",6,5.5,5.5,3,3,0,0,0,0,0,0,0,0,0,0,0,0,"5-6","20-29y"
"292","248-1","Rural","60+y","Male",81,"Unemployed adult",2,2.5,2.5,2,2,0,0,0,0,0,0,0,0,0,0,0,0,"2","60+y"
"293","249-1","Rural","60+y","Male",62,"Unemployed adult",4,3,3,1.5,1.5,0,0,0,0,0,0,0,0,0,0,0,0,"3-4","60+y"
"294","249-2","Urban","6-11mo","Female",1,"Child",6,9,9,4.5,4.5,1,1,0,1,1,0,1,0,0,1,0,0,"5-6","<4y"
"295","25-1","Urban","60+y","Female",60,"Child",9,5.5,5.5,3,3,0,0,0,0,0,0,0,0,0,0,0,0,"7+","60+y"
"296","250-1","Rural","40-59y","Male",43,"Semiskilled laborer",3,4,2,2,1,0,0,0,0,0,0,0,0,0,0,0,0,"3-4","40-49y"
"297","251-1","Rural","40-59y","Female",47,"Child",4,1,1,0.5,0.5,0,0,0,0,0,0,0,0,0,0,0,0,"3-4","40-49y"
"298","252-1","Rural","40-59y","Female",48,"Unskilled laborer",3,6,6,3,3,0,0,0,0,0,0,0,0,0,0,0,0,"3-4","40-49y"
"299","253-1","Rural","60+y","Female",65,"Child",7,6,6,3,3,0,0,0,0,0,0,0,0,0,0,0,0,"7+","60+y"
"300","254-1","Rural","40-59y","Male",54,"Farmer/ Clerk/ Shopkeeper",12,10.5,10.5,5.5,5.5,1,1,1,1,1,0,1,1,0,1,1,0,"7+","50-59y"
"301","254-2","Rural","<6mo","Male",0,"Child",5,5,5,3,3,0,0,0,0,0,0,0,0,0,0,0,0,"5-6","<4y"
"302","255-1","Rural","20-29y","Male",22,"Student",12,11,11.5,5.5,6,1,1,1,1,1,1,1,1,0,1,1,0,"7+","20-29y"
"303","256-1","Rural","60+y","Male",75,"Unemployed adult",5,4,4,2,2,0,0,0,0,0,0,0,0,0,0,0,0,"5-6","60+y"
"304","257-1","Rural","30-39y","Male",32,"Unskilled laborer",5,5,5,2.5,2.5,0,0,0,0,0,0,0,0,0,0,0,0,"5-6","30-39y"
"305","258-1","Rural","5-9y","Male",8,"Student",5,14,14,7,7,1,1,1,1,1,1,1,1,1,1,1,1,"5-6","5-9y"
"306","259-1","Rural","40-59y","Male",46,"Farmer/ Clerk/ Shopkeeper",4,7,3,3.5,1.5,1,0,0,0,0,0,0,0,0,0,0,0,"3-4","40-49y"
"307","259-2","Urban","<6mo","Male",0,"Child",5,4.5,5.5,2.5,3.5,0,0,0,0,0,0,0,0,0,0,0,0,"5-6","<4y"
"308","26-1","Urban","60+y","Male",60,"Retired",5,4.5,6.5,2.5,3.5,0,0,0,0,0,0,0,0,0,0,0,0,"5-6","60+y"
"309","260-1","Rural","20-29y","Female",23,"Child",4,3.5,6.5,2.5,4,0,0,0,0,0,0,0,0,0,1,0,0,"3-4","20-29y"
"310","261-1","Rural","5-9y","Male",6,"Student",4,9.5,10,6,6.5,1,1,0,1,1,0,1,1,0,1,1,0,"3-4","5-9y"
"311","262-1","Rural","60+y","Male",78,"Unemployed adult",3,3,3,1.5,1.5,0,0,0,0,0,0,0,0,0,0,0,0,"3-4","60+y"
"312","263-1","Rural","60+y","Male",61,"Unskilled laborer",3,2,2,1,1,0,0,0,0,0,0,0,0,0,0,0,0,"3-4","60+y"
"313","263-2","Urban","<6mo","Male",0,"Child",6,5,6.5,2.5,4,0,0,0,0,0,0,0,0,0,1,0,0,"5-6","<4y"
"314","264-1","Rural","40-59y","Female",48,"Child",3,2,2,1,1,0,0,0,0,0,0,0,0,0,0,0,0,"3-4","40-49y"
"315","265-1","Rural","30-39y","Male",35,"Unskilled laborer",6,5,5,2.5,2.5,0,0,0,0,0,0,0,0,0,0,0,0,"5-6","30-39y"
"316","266-1","Rural","10-14y","Female",15,"Student",7,8,8,5,5,1,0,0,1,0,0,1,1,0,1,0,0,"7+","10-19y"
"317","267-1","Rural","15-19y","Female",19,"Student",7,6.5,6.5,3.5,3.5,0,0,0,0,0,0,0,0,0,0,0,0,"7+","10-19y"
"318","268-1","Rural","15-19y","Male",16,"Student",7,10,10,6,6,1,1,0,1,1,0,1,1,0,1,1,0,"7+","10-19y"
"319","269-1","Rural","30-39y","Male",30,"Semiskilled laborer",4,5,5,3.5,3.5,0,0,0,0,0,0,0,0,0,0,0,0,"3-4","30-39y"
"320","27-1","Urban","60+y","Female",69,"Child",5,5,6.5,3,4.5,0,0,0,0,0,0,0,0,0,1,0,0,"5-6","60+y"
"321","270-1","Rural","20-29y","Female",26,"Child",4,3,3,1.5,1.5,0,0,0,0,0,0,0,0,0,0,0,0,"3-4","20-29y"
"322","271-1","Rural","30-39y","Female",33,"Child",4,3,3,1.5,1.5,0,0,0,0,0,0,0,0,0,0,0,0,"3-4","30-39y"
"323","272-1","Rural","5-9y","Female",8,"Student",4,10,11.5,5.5,6.5,1,1,0,1,1,1,1,1,0,1,1,0,"3-4","5-9y"
"324","273-2","Rural","1-4y","Female",4,"Child",NA,8,8.5,5.5,6,1,0,0,1,0,0,1,1,0,1,1,0,NA,"<4y"
"325","274-1","Rural","15-19y","Female",19,"Student",9,13,13,6.5,6.5,1,1,1,1,1,1,1,1,1,1,1,0,"7+","10-19y"
"326","275-1","Rural","20-29y","Female",22,"Unemployed adult",3,2.5,3,2,2.5,0,0,0,0,0,0,0,0,0,0,0,0,"3-4","20-29y"
"327","276-1","Rural","40-59y","Male",49,"Farmer/ Clerk/ Shopkeeper",10,9,9,4.5,4.5,1,1,0,1,1,0,1,0,0,1,0,0,"7+","40-49y"
"328","277-1","Rural","30-39y","Male",38,"Unskilled laborer",6,6.5,6.5,4,4,0,0,0,0,0,0,1,0,0,1,0,0,"5-6","30-39y"
"329","278-1","Rural","10-14y","Male",11,"Student",6,14,14,7,7,1,1,1,1,1,1,1,1,1,1,1,1,"5-6","10-19y"
"330","279-1","Rural","5-9y","Male",8,"Student",6,14,11.5,7,6,1,1,1,1,1,1,1,1,1,1,1,0,"5-6","5-9y"
"331","28-1","Urban","60+y","Female",75,"Unskilled laborer",2,1.5,1.5,1,1,0,0,0,0,0,0,0,0,0,0,0,0,"2","60+y"
"332","280-1","Urban","30-39y","Female",38,"Child",4,6,6,3.5,3.5,0,0,0,0,0,0,0,0,0,0,0,0,"3-4","30-39y"
"333","281-1","Urban","30-39y","Female",39,"Unemployed adult",1,2.5,3,2,2.5,0,0,0,0,0,0,0,0,0,0,0,0,"2","30-39y"
"334","282-1","Urban","15-19y","Male",16,"Unemployed adult",4,5.5,5.5,3.5,3.5,0,0,0,0,0,0,0,0,0,0,0,0,"3-4","10-19y"
"335","283-1","Urban","5-9y","Female",6,"Student",4,8,7.5,4.5,4,1,0,0,1,0,0,1,0,0,1,0,0,"3-4","5-9y"
"336","284-1","Urban","10-14y","Female",14,"Student",5,8.5,7,5,3.5,1,1,0,1,0,0,1,1,0,0,0,0,"5-6","10-19y"
"337","285-1","Urban","40-59y","Male",58,"Skilled laborer",1,2.5,NA,1,NA,0,0,0,NA,NA,NA,0,0,0,NA,NA,NA,"2","50-59y"
"338","286-1","Urban","60+y","Female",62,"Unemployed adult",6,5,5,2.5,2.5,0,0,0,0,0,0,0,0,0,0,0,0,"5-6","60+y"
"339","287-1","Urban","40-59y","Female",50,"Unemployed adult",7,9,7,5,3.5,1,1,0,1,0,0,1,1,0,0,0,0,"7+","50-59y"
"340","288-1","Urban","60+y","Female",63,"Unemployed adult",1,4.5,4.5,3,3,0,0,0,0,0,0,0,0,0,0,0,0,"2","60+y"
"341","29-1","Urban","60+y","Female",68,"Unemployed adult",1,5.5,5.5,3.5,3.5,0,0,0,0,0,0,0,0,0,0,0,0,"2","60+y"
"342","290-1","Urban","30-39y","Male",35,"Unemployed adult",6,7,6.5,4.5,4,1,0,0,0,0,0,1,0,0,1,0,0,"5-6","30-39y"
"343","291-1","Urban","5-9y","Male",10,"Student",4,5.5,4.5,3,3,0,0,0,0,0,0,0,0,0,0,0,0,"3-4","5-9y"
"344","292-1","Urban","40-59y","Female",40,"Child",3,5.5,5.5,3,3,0,0,0,0,0,0,0,0,0,0,0,0,"3-4","40-49y"
"345","293-1","Urban","5-9y","Female",10,"Student",5,8.5,8.5,6,6,1,1,0,1,0,0,1,1,0,1,1,0,"5-6","5-9y"
"346","294-1","Rural","15-19y","Female",18,"Student",3,14,9,7.5,4.5,1,1,1,1,1,0,1,1,1,1,0,0,"3-4","10-19y"
"347","294-2","Urban","6-11mo","Male",1,"Child",5,6.5,6.5,3.5,3.5,0,0,0,0,0,0,0,0,0,0,0,0,"5-6","<4y"
"348","295-1","Rural","10-14y","Male",12,"Student",5,17,17,9.5,9.5,1,1,1,1,1,1,1,1,1,1,1,1,"5-6","10-19y"
"349","296-1","Rural","40-59y","Female",48,"Unskilled laborer",2,5.5,1,3,0.5,0,0,0,0,0,0,0,0,0,0,0,0,"2","40-49y"
"350","297-1","Rural","60+y","Male",67,"Farmer/ Clerk/ Shopkeeper",7,6,6,3,3,0,0,0,0,0,0,0,0,0,0,0,0,"7+","60+y"
"351","298-1","Rural","30-39y","Male",37,"Farmer/ Clerk/ Shopkeeper",7,8.5,6.5,5.5,3.5,1,1,0,0,0,0,1,1,0,0,0,0,"7+","30-39y"
"352","299-1","Rural","40-59y","Female",52,"Unskilled laborer",2,1,3,0.5,1.5,0,0,0,0,0,0,0,0,0,0,0,0,"2","50-59y"
"353","299-2","Rural","1-4y","Female",1,"Child",NA,6,9,3.5,6.5,0,0,0,1,1,0,0,0,0,1,1,0,NA,"<4y"
"354","3-1","Urban","60+y","Male",60,"Skilled laborer",4,2.5,3.5,1,2,0,0,0,0,0,0,0,0,0,0,0,0,"3-4","60+y"
"355","30-1","Urban","60+y","Male",79,"Unemployed adult",2,4.5,5.5,3,3.5,0,0,0,0,0,0,0,0,0,0,0,0,"2","60+y"
"356","300-1","Rural","5-9y","Male",7,"Student",4,11,11,6.5,6.5,1,1,1,1,1,1,1,1,1,1,1,0,"3-4","5-9y"
"357","301-1","Rural","30-39y","Female",35,"Unskilled laborer",4,5.5,5,3.5,3.5,0,0,0,0,0,0,0,0,0,0,0,0,"3-4","30-39y"
"358","302-1","Rural","40-59y","Male",45,"Skilled laborer",2,4.5,4,2,2,0,0,0,0,0,0,0,0,0,0,0,0,"2","40-49y"
"359","303-1","Rural","5-9y","Male",9,"Student",6,7.5,10,4.5,6.5,1,0,0,1,1,0,1,0,0,1,1,0,"5-6","5-9y"
"360","303-2","Rural","1-4y","Female",2,"Child",NA,7,9,3.5,4.5,1,0,0,1,1,0,0,0,0,1,0,0,NA,"<4y"
"361","304-1","Rural","40-59y","Male",50,"Farmer/ Clerk/ Shopkeeper",10,6,5,3.5,3.5,0,0,0,0,0,0,0,0,0,0,0,0,"7+","50-59y"
"362","305-1","Rural","30-39y","Female",31,"Child",3,2,2,1,1,0,0,0,0,0,0,0,0,0,0,0,0,"3-4","30-39y"
"363","306-1","Rural","40-59y","Female",40,"Unskilled laborer",7,8,6,5,3,1,0,0,0,0,0,1,1,0,0,0,0,"7+","40-49y"
"364","306-2","Rural","1-4y","Male",2,"Child",3,2,7,1,3.5,0,0,0,1,0,0,0,0,0,0,0,0,"3-4","<4y"
"365","307-1","Rural","15-19y","Female",16,"Student",7,10.5,8.5,5.5,4.5,1,1,1,1,0,0,1,1,0,1,0,0,"7+","10-19y"
"366","308-1","Rural","30-39y","Male",37,"Farmer/ Clerk/ Shopkeeper",3,1,3.5,0.5,3,0,0,0,0,0,0,0,0,0,0,0,0,"3-4","30-39y"
"367","309-1","Urban","40-59y","Female",48,"Child",4,6,6,3.5,3.5,0,0,0,0,0,0,0,0,0,0,0,0,"3-4","40-49y"
"368","309-2","Rural","1-4y","Female",4,"Child",3,9,9,5.5,5.5,1,1,0,1,1,0,1,1,0,1,1,0,"3-4","<4y"
"369","31-1","Rural","40-59y","Male",59,"Farmer/ Clerk/ Shopkeeper",4,3,3,1.5,1.5,0,0,0,0,0,0,0,0,0,0,0,0,"3-4","50-59y"
"370","31-2","Rural","<6mo","Male",0,"Child",6,6,6,3.5,3.5,0,0,0,0,0,0,0,0,0,0,0,0,"5-6","<4y"
"371","310-1","Urban","60+y","Female",65,"Unemployed adult",2,2.5,2.5,2,2,0,0,0,0,0,0,0,0,0,0,0,0,"2","60+y"
"372","311-1","Rural","20-29y","Male",23,"Unemployed adult",4,3,3,1.5,1.5,0,0,0,0,0,0,0,0,0,0,0,0,"3-4","20-29y"
"373","312-1","Rural","60+y","Male",77,"Retired",2,3,3,2.5,2.5,0,0,0,0,0,0,0,0,0,0,0,0,"2","60+y"
"374","312-2","Rural","1-4y","Female",3,"Child",4,7.5,7.5,4.5,4.5,1,0,0,1,0,0,1,0,0,1,0,0,"3-4","<4y"
"375","313-1","Rural","40-59y","Female",50,"Unskilled laborer",4,5,5.5,2.5,3,0,0,0,0,0,0,0,0,0,0,0,0,"3-4","50-59y"
"376","315-1","Rural","20-29y","Male",23,"Skilled laborer",4,7.5,7,4.5,4.5,1,0,0,1,0,0,1,0,0,1,0,0,"3-4","20-29y"
"377","316-1","Rural","20-29y","Female",21,"Student",9,8,8,4,4,1,0,0,1,0,0,1,0,0,1,0,0,"7+","20-29y"
"378","316-2","Rural","1-4y","Female",3,"Child",6,9,9,4.5,4.5,1,1,0,1,1,0,1,0,0,1,0,0,"5-6","<4y"
"379","317-1","Rural","20-29y","Male",28,"Farmer/ Clerk/ Shopkeeper",2,9,1.5,5,1,1,1,0,0,0,0,1,1,0,0,0,0,"2","20-29y"
"380","318-1","Rural","20-29y","Male",23,"Skilled laborer",4,8,8,4,4,1,0,0,1,0,0,1,0,0,1,0,0,"3-4","20-29y"
"381","319-1","Rural","5-9y","Male",9,"Student",5,10,12,5.5,6.5,1,1,0,1,1,1,1,1,0,1,1,0,"5-6","5-9y"
"382","319-2","Urban","<6mo","Female",0,"Child",5,7.5,7.5,5,5,1,0,0,1,0,0,1,1,0,1,0,0,"5-6","<4y"
"383","32-1","Rural","60+y","Male",82,"Unemployed adult",4,3.5,3.5,2,2,0,0,0,0,0,0,0,0,0,0,0,0,"3-4","60+y"
"384","320-1","Rural","10-14y","Male",11,"Student",7,16,16,8,8,1,1,1,1,1,1,1,1,1,1,1,1,"7+","10-19y"
"385","321-1","Rural","5-9y","Female",9,"Student",6,11,10.5,6,6,1,1,1,1,1,0,1,1,0,1,1,0,"5-6","5-9y"
"386","321-2","Urban","<6mo","Female",0,"Child",6,6.5,6.5,3.5,3.5,0,0,0,0,0,0,0,0,0,0,0,0,"5-6","<4y"
"387","322-1","Rural","20-29y","Female",22,"Student",5,11,14,5.5,7,1,1,1,1,1,1,1,1,0,1,1,1,"5-6","20-29y"
"388","322-2","Rural","<6mo","Male",0,"Child",NA,8,11,4.5,7.5,1,0,0,1,1,1,1,0,0,1,1,1,NA,"<4y"
"389","323-1","Urban","10-14y","Male",11,"Student",5,10,9.5,5.5,6,1,1,0,1,1,0,1,1,0,1,1,0,"5-6","10-19y"
"390","324-1","Urban","10-14y","Male",11,"Student",5,3.5,3.5,2,2,0,0,0,0,0,0,0,0,0,0,0,0,"5-6","10-19y"
"391","325-1","Urban","30-39y","Male",36,"Semiskilled laborer",6,5.5,4,3,2,0,0,0,0,0,0,0,0,0,0,0,0,"5-6","30-39y"
"392","326-1","Urban","20-29y","Female",24,"Child",7,6.5,6,4,3.5,0,0,0,0,0,0,1,0,0,0,0,0,"7+","20-29y"
"393","327-1","Rural","10-14y","Female",12,"Student",5,8,9.5,5.5,6.5,1,0,0,1,1,0,1,1,0,1,1,0,"5-6","10-19y"
"394","328-1","Rural","40-59y","Female",51,"Child",2,8,8,4,4,1,0,0,1,0,0,1,0,0,1,0,0,"2","50-59y"
"395","328-2","Rural","1-4y","Male",1,"Child",NA,5,8,3.5,5,0,0,0,1,0,0,0,0,0,1,0,0,NA,"<4y"
"396","329-1","Rural","30-39y","Male",35,"Semiskilled laborer",5,4.5,4.5,2.5,2.5,0,0,0,0,0,0,0,0,0,0,0,0,"5-6","30-39y"
"397","33-1","Rural","60+y","Male",73,"Unemployed adult",3,3,3,2,2,0,0,0,0,0,0,0,0,0,0,0,0,"3-4","60+y"
"398","330-1","Rural","20-29y","Female",20,"Child",5,4,4,2,2,0,0,0,0,0,0,0,0,0,0,0,0,"5-6","20-29y"
"399","331-1","Rural","20-29y","Male",21,"Student",7,6,6,3,3,0,0,0,0,0,0,0,0,0,0,0,0,"7+","20-29y"
"400","331-2","Urban","1-4y","Male",2,"Child",4,6,6,3,3,0,0,0,0,0,0,0,0,0,0,0,0,"3-4","<4y"
"401","332-1","Rural","40-59y","Male",54,"Skilled laborer",3,2.5,2.5,1.5,1.5,0,0,0,0,0,0,0,0,0,0,0,0,"3-4","50-59y"
"402","333-1","Rural","10-14y","Male",10,"Unskilled laborer",2,4,9.5,3,7,0,0,0,1,1,0,0,0,0,1,1,1,"2","10-19y"
"403","334-1","Rural","5-9y","Female",5,"Student",9,13,18,6.5,9,1,1,1,1,1,1,1,1,1,1,1,1,"7+","5-9y"
"404","334-2","Urban","<6mo","Male",0,"Child",NA,7.5,7.5,4,4,1,0,0,1,0,0,1,0,0,1,0,0,NA,"<4y"
"405","335-1","Rural","40-59y","Female",55,"Unskilled laborer",3,2,2,1,1,0,0,0,0,0,0,0,0,0,0,0,0,"3-4","50-59y"
"406","336-1","Rural","15-19y","Male",17,"Unemployed adult",3,6,6,5,5,0,0,0,0,0,0,1,1,0,1,0,0,"3-4","10-19y"
"407","337-1","Rural","20-29y","Female",26,"Child",6,4.5,6,2.5,3.5,0,0,0,0,0,0,0,0,0,0,0,0,"5-6","20-29y"
"408","338-1","Rural","30-39y","Female",33,"Unskilled laborer",6,10,10,5,5,1,1,0,1,1,0,1,1,0,1,0,0,"5-6","30-39y"
"409","338-2","Urban","1-4y","Female",2,"Child",5,5.5,5.5,3,3,0,0,0,0,0,0,0,0,0,0,0,0,"5-6","<4y"
"410","339-1","Rural","30-39y","Male",34,"Unemployed adult",5,4,4,2,2,0,0,0,0,0,0,0,0,0,0,0,0,"5-6","30-39y"
"411","34-1","Urban","60+y","Female",81,"Unemployed adult",2,7.5,7.5,4,4,1,0,0,1,0,0,1,0,0,1,0,0,"2","60+y"
"412","340-1","Rural","15-19y","Male",19,"Unemployed adult",5,9.5,9,7,6.5,1,1,0,1,1,0,1,1,1,1,1,0,"5-6","10-19y"
"413","341-1","Urban","30-39y","Male",32,"Skilled laborer",4,3.5,3.5,2,2,0,0,0,0,0,0,0,0,0,0,0,0,"3-4","30-39y"
"414","342-1","Urban","10-14y","Female",12,"Student",6,8,8.5,4.5,4.5,1,0,0,1,0,0,1,0,0,1,0,0,"5-6","10-19y"
"415","343-1","Urban","5-9y","Male",8,"Student",5,7.5,7,5,4.5,1,0,0,1,0,0,1,1,0,1,0,0,"5-6","5-9y"
"416","345-1","Urban","60+y","Male",68,"Unskilled laborer",4,6.5,5.5,3.5,3,0,0,0,0,0,0,0,0,0,0,0,0,"3-4","60+y"
"417","346-1","Urban","20-29y","Female",25,"Child",4,5,5,3,3,0,0,0,0,0,0,0,0,0,0,0,0,"3-4","20-29y"
"418","347-1","Urban","5-9y","Female",7,"Student",4,7,8,3.5,4.5,1,0,0,1,0,0,0,0,0,1,0,0,"3-4","5-9y"
"419","348-1","Urban","15-19y","Female",17,"Student",4,6.5,5,3.5,2.5,0,0,0,0,0,0,0,0,0,0,0,0,"3-4","10-19y"
"420","349-1","Urban","40-59y","Female",44,"Child",5,4.5,4.5,2.5,2.5,0,0,0,0,0,0,0,0,0,0,0,0,"5-6","40-49y"
"421","35-1","Rural","40-59y","Female",57,"Unskilled laborer",5,4.5,4.5,2.5,2.5,0,0,0,0,0,0,0,0,0,0,0,0,"5-6","50-59y"
"422","350-1","Urban","20-29y","Female",26,"Child",10,16.5,14.5,8.5,7.5,1,1,1,1,1,1,1,1,1,1,1,1,"7+","20-29y"
"423","351-1","Urban","5-9y","Male",10,"Student",5,11,11.5,6,6,1,1,1,1,1,1,1,1,0,1,1,0,"5-6","5-9y"
"424","352-1","Urban","5-9y","Female",6,"Student",6,11,11.5,7.5,7.5,1,1,1,1,1,1,1,1,1,1,1,1,"5-6","5-9y"
"425","352-2","Urban","<6mo","Male",0,"Child",4,5,6,3.5,4.5,0,0,0,0,0,0,0,0,0,1,0,0,"3-4","<4y"
"426","353-1","Urban","40-59y","Female",50,"Child",6,3,2.5,1.5,1,0,0,0,0,0,0,0,0,0,0,0,0,"5-6","50-59y"
"427","354-1","Urban","30-39y","Female",37,"Farmer/ Clerk/ Shopkeeper",4,7.5,5,4,2.5,1,0,0,0,0,0,1,0,0,0,0,0,"3-4","30-39y"
"428","355-1","Urban","10-14y","Female",10,"Student",5,9.5,10,6,5.5,1,1,0,1,1,0,1,1,0,1,1,0,"5-6","10-19y"
"429","356-1","Urban","5-9y","Female",8,"Student",5,5,5.5,3,3,0,0,0,0,0,0,0,0,0,0,0,0,"5-6","5-9y"
"430","356-2","Urban","<6mo","Male",0,"Child",5,5.5,7,3,4,0,0,0,1,0,0,0,0,0,1,0,0,"5-6","<4y"
"431","357-1","Urban","5-9y","Male",7,"Student",6,8.5,11.5,4.5,6,1,1,0,1,1,1,1,0,0,1,1,0,"5-6","5-9y"
"432","358-1","Urban","10-14y","Male",12,"Student",4,9.5,15.5,5,8,1,1,0,1,1,1,1,1,0,1,1,1,"3-4","10-19y"
"433","359-1","Rural","40-59y","Female",56,"Child",2,4.5,6.5,3,4,0,0,0,0,0,0,0,0,0,1,0,0,"2","50-59y"
"434","36-1","Rural","60+y","Female",60,"Child",3,2,2,1,1,0,0,0,0,0,0,0,0,0,0,0,0,"3-4","60+y"
"435","360-1","Rural","40-59y","Female",46,"Child",4,2,3,1,1.5,0,0,0,0,0,0,0,0,0,0,0,0,"3-4","40-49y"
"436","360-2","Rural","<6mo","Male",0,"Child",NA,3.5,4.5,2,2,0,0,0,0,0,0,0,0,0,0,0,0,NA,"<4y"
"437","361-1","Urban","60+y","Male",70,"Retired",6,7,5.5,3.5,3,1,0,0,0,0,0,0,0,0,0,0,0,"5-6","60+y"
"438","362-1","Urban","5-9y","Female",6,"Student",6,9,8.5,5.5,5.5,1,1,0,1,0,0,1,1,0,1,1,0,"5-6","5-9y"
"439","363-1","Urban","10-14y","Female",12,"Student",5,8.5,8.5,5,5,1,1,0,1,0,0,1,1,0,1,0,0,"5-6","10-19y"
"440","363-2","Urban","<6mo","Female",0,"Child",6,6.5,6.5,3.5,3.5,0,0,0,0,0,0,0,0,0,0,0,0,"5-6","<4y"
"441","364-1","Urban","5-9y","Female",9,"Student",5,7.5,8,5.5,6,1,0,0,1,0,0,1,1,0,1,1,0,"5-6","5-9y"
"442","365-1","Urban","10-14y","Male",10,"Student",7,9.5,7,6,4,1,1,0,1,0,0,1,1,0,1,0,0,"7+","10-19y"
"443","366-1","Rural","15-19y","Female",18,"Student",4,10.5,10.5,5,5,1,1,1,1,1,0,1,1,0,1,0,0,"3-4","10-19y"
"444","367-1","Rural","30-39y","Male",38,"Farmer/ Clerk/ Shopkeeper",5,9,9,7.5,7.5,1,1,0,1,1,0,1,1,1,1,1,1,"5-6","30-39y"
"445","368-1","Rural","30-39y","Male",32,"Unskilled laborer",9,9,9,5.5,5.5,1,1,0,1,1,0,1,1,0,1,1,0,"7+","30-39y"
"446","368-2","Rural","1-4y","Female",3,"Child",NA,10,10,5,5,1,1,0,1,1,0,1,1,0,1,0,0,NA,"<4y"
"447","369-1","Rural","10-14y","Female",11,"Student",10,11.5,12,6,6,1,1,1,1,1,1,1,1,0,1,1,0,"7+","10-19y"
"448","37-1","Rural","60+y","Male",62,"Unemployed adult",6,5,5,2.5,2.5,0,0,0,0,0,0,0,0,0,0,0,0,"5-6","60+y"
"449","37-2","Rural","<6mo","Female",0,"Child",NA,3,3,1.5,1.5,0,0,0,0,0,0,0,0,0,0,0,0,NA,"<4y"
"450","370-1","Rural","10-14y","Male",13,"Student",5,4.5,9.5,2,5.5,0,0,0,1,1,0,0,0,0,1,1,0,"5-6","10-19y"
"451","371-1","Rural","10-14y","Female",14,"Student",5,7,10,3.5,5,1,0,0,1,1,0,0,0,0,1,0,0,"5-6","10-19y"
"452","372-1","Rural","10-14y","Female",12,"Student",5,4,4,2,2,0,0,0,0,0,0,0,0,0,0,0,0,"5-6","10-19y"
"453","372-2","Urban","<6mo","Male",0,"Child",5,4.5,4.5,2.5,2.5,0,0,0,0,0,0,0,0,0,0,0,0,"5-6","<4y"
"454","373-1","Rural","15-19y","Male",17,"Student",5,4.5,10,2.5,8,0,0,0,1,1,0,0,0,0,1,1,1,"5-6","10-19y"
"455","374-1","Rural","15-19y","Male",19,"Student",5,10,5,7.5,3.5,1,1,0,0,0,0,1,1,1,0,0,0,"5-6","10-19y"
"456","375-1","Urban","10-14y","Female",14,"Student",5,8,7,4.5,4.5,1,0,0,1,0,0,1,0,0,1,0,0,"5-6","10-19y"
"457","376-1","Urban","10-14y","Female",10,"Student",4,13.5,9,8,5,1,1,1,1,1,0,1,1,1,1,0,0,"3-4","10-19y"
"458","376-2","Urban","1-4y","Female",1,"Child",5,4.5,8,3,6.5,0,0,0,1,0,0,0,0,0,1,1,0,"5-6","<4y"
"459","377-1","Urban","60+y","Male",63,"Unskilled laborer",6,6,5.5,3.5,3,0,0,0,0,0,0,0,0,0,0,0,0,"5-6","60+y"
"460","378-1","Urban","30-39y","Female",33,"Child",4,3,3,1.5,1.5,0,0,0,0,0,0,0,0,0,0,0,0,"3-4","30-39y"
"461","379-1","Urban","60+y","Female",65,"Child",6,6,6,3.5,3.5,0,0,0,0,0,0,0,0,0,0,0,0,"5-6","60+y"
"462","38-1","Rural","60+y","Female",63,"Child",4,3,5,1.5,2.5,0,0,0,0,0,0,0,0,0,0,0,0,"3-4","60+y"
"463","380-1","Urban","5-9y","Female",6,"Student",5,8,10,4.5,5.5,1,0,0,1,1,0,1,0,0,1,1,0,"5-6","5-9y"
"464","381-1","Urban","15-19y","Male",16,"Unskilled laborer",6,9.5,10,5,5.5,1,1,0,1,1,0,1,1,0,1,1,0,"5-6","10-19y"
"465","382-1","Urban","5-9y","Female",9,"Student",6,11.5,13,6.5,8,1,1,1,1,1,1,1,1,1,1,1,1,"5-6","5-9y"
"466","383-1","Urban","60+y","Male",66,"Unskilled laborer",3,6.5,6,4,3.5,0,0,0,0,0,0,1,0,0,0,0,0,"3-4","60+y"
"467","384-1","Urban","10-14y","Female",13,"Student",4,5.5,5,4,3,0,0,0,0,0,0,1,0,0,0,0,0,"3-4","10-19y"
"468","384-2","Rural","6-11mo","Female",1,"Child",NA,4,6.5,2,4,0,0,0,0,0,0,0,0,0,1,0,0,NA,"<4y"
"469","385-1","Urban","5-9y","Male",10,"Student",5,6,6,3.5,3.5,0,0,0,0,0,0,0,0,0,0,0,0,"5-6","5-9y"
"470","386-1","Rural","40-59y","Female",42,"Child",4,3.5,3.5,2,2,0,0,0,0,0,0,0,0,0,0,0,0,"3-4","40-49y"
"471","387-1","Rural","10-14y","Male",10,"Student",10,12,12,6,6,1,1,1,1,1,1,1,1,0,1,1,0,"7+","10-19y"
"472","388-1","Rural","5-9y","Male",8,"Student",6,7.5,7.5,4.5,4.5,1,0,0,1,0,0,1,0,0,1,0,0,"5-6","5-9y"
"473","388-2","Rural","<6mo","Female",0,"Child",NA,2.5,2.5,1,1,0,0,0,0,0,0,0,0,0,0,0,0,NA,"<4y"
"474","389-1","Rural","5-9y","Male",7,"Student",5,4,4,2,2,0,0,0,0,0,0,0,0,0,0,0,0,"5-6","5-9y"
"475","39-1","Rural","60+y","Male",74,"Farmer/ Clerk/ Shopkeeper",2,1,1,0.5,0.5,0,0,0,0,0,0,0,0,0,0,0,0,"2","60+y"
"476","390-1","Rural","5-9y","Female",7,"Student",4,3,3,1.5,1.5,0,0,0,0,0,0,0,0,0,0,0,0,"3-4","5-9y"
"477","391-1","Urban","60+y","Female",65,"Unemployed adult",1,2.5,2.5,1.5,1.5,0,0,0,0,0,0,0,0,0,0,0,0,"2","60+y"
"478","392-1","Urban","40-59y","Male",45,"Semiskilled laborer",4,7.5,7,4,3.5,1,0,0,1,0,0,1,0,0,0,0,0,"3-4","40-49y"
"479","393-1","Urban","30-39y","Male",33,"Semiskilled laborer",7,11.5,11.5,6,6,1,1,1,1,1,1,1,1,0,1,1,0,"7+","30-39y"
"480","394-1","Urban","20-29y","Male",22,"Student",4,8,8,5,5,1,0,0,1,0,0,1,1,0,1,0,0,"3-4","20-29y"
"481","395-1","Urban","30-39y","Female",33,"Skilled laborer",7,10,10.5,5.5,5.5,1,1,0,1,1,0,1,1,0,1,1,0,"7+","30-39y"
"482","396-1","Urban","10-14y","Male",13,"Student",4,5.5,7,3,4.5,0,0,0,1,0,0,0,0,0,1,0,0,"3-4","10-19y"
"483","397-1","Urban","60+y","Male",60,"Semiskilled laborer",6,5.5,5.5,3,3,0,0,0,0,0,0,0,0,0,0,0,0,"5-6","60+y"
"484","398-1","Urban","5-9y","Male",8,"Student",7,11.5,14,7,8.5,1,1,1,1,1,1,1,1,1,1,1,1,"7+","5-9y"
"485","399-1","Urban","5-9y","Male",6,"Student",6,10,10,5.5,5.5,1,1,0,1,1,0,1,1,0,1,1,0,"5-6","5-9y"
"486","4-1","Urban","60+y","Female",75,"Unemployed adult",4,3.5,3.5,2,2,0,0,0,0,0,0,0,0,0,0,0,0,"3-4","60+y"
"487","40-1","Rural","60+y","Female",71,"Child",2,1,1,0.5,0.5,0,0,0,0,0,0,0,0,0,0,0,0,"2","60+y"
"488","400-1","Urban","20-29y","Female",23,"Skilled laborer",4,5.5,8,3,4.5,0,0,0,1,0,0,0,0,0,1,0,0,"3-4","20-29y"
"489","400-2","Urban","6-11mo","Male",1,"Child",4,6,8.5,4.5,6,0,0,0,1,0,0,1,0,0,1,1,0,"3-4","<4y"
"490","401-1","Urban","20-29y","Male",28,"Skilled laborer",6,10,10,5.5,5.5,1,1,0,1,1,0,1,1,0,1,1,0,"5-6","20-29y"
"491","402-1","Urban","15-19y","Male",19,"Skilled laborer",5,9.5,9.5,6.5,6.5,1,1,0,1,1,0,1,1,1,1,1,0,"5-6","10-19y"
"492","403-1","Urban","60+y","Female",75,"Unemployed adult",1,3,3,2,2,0,0,0,0,0,0,0,0,0,0,0,0,"2","60+y"
"493","403-2","Rural","1-4y","Male",2,"Child",NA,5,6,3.5,4.5,0,0,0,0,0,0,0,0,0,1,0,0,NA,"<4y"
"494","404-1","Urban","60+y","Male",82,"Unemployed adult",1,4.5,6,2.5,3.5,0,0,0,0,0,0,0,0,0,0,0,0,"2","60+y"
"495","405-1","Urban","60+y","Male",61,"Retired",5,6.5,6,3.5,3.5,0,0,0,0,0,0,0,0,0,0,0,0,"5-6","60+y"
"496","406-1","Urban","60+y","Female",62,"Unemployed adult",3,6,8,4,5,0,0,0,1,0,0,1,0,0,1,0,0,"3-4","60+y"
"497","407-1","Urban","20-29y","Male",25,"Unemployed adult",4,9,9.5,5,5.5,1,1,0,1,1,0,1,1,0,1,1,0,"3-4","20-29y"
"498","408-1","Urban","60+y","Male",63,"Unemployed adult",4,6.5,7.5,4,5,0,0,0,1,0,0,1,0,0,1,0,0,"3-4","60+y"
"499","408-2","Rural","6-11mo","Female",0,"Child",NA,4.5,5.5,3,3.5,0,0,0,0,0,0,0,0,0,0,0,0,NA,"<4y"
"500","409-1","Urban","40-59y","Male",44,"Skilled laborer",4,5.5,5.5,3,3,0,0,0,0,0,0,0,0,0,0,0,0,"3-4","40-49y"
"501","41-1","Rural","60+y","Female",79,"Child",1,1.5,1.5,1.5,1.5,0,0,0,0,0,0,0,0,0,0,0,0,"2","60+y"
"502","41-2","Rural","1-4y","Female",3,"Child",NA,13,16,11,14,1,1,1,1,1,1,1,1,1,1,1,1,NA,"<4y"
"503","410-1","Urban","15-19y","Male",15,"Student",4,5.5,6.5,3.5,4.5,0,0,0,0,0,0,0,0,0,1,0,0,"3-4","10-19y"
"504","411-1","Urban","30-39y","Female",32,"Child",5,10.5,9,7,5.5,1,1,1,1,1,0,1,1,1,1,1,0,"5-6","30-39y"
"505","412-1","Urban","15-19y","Male",19,"Student",6,9.5,9.5,6,6,1,1,0,1,1,0,1,1,0,1,1,0,"5-6","10-19y"
"506","413-1","Urban","15-19y","Male",18,"Student",6,9,9,5.5,5.5,1,1,0,1,1,0,1,1,0,1,1,0,"5-6","10-19y"
"507","414-1","Urban","10-14y","Male",12,"Student",3,6.5,7.5,4.5,5.5,0,0,0,1,0,0,1,0,0,1,1,0,"3-4","10-19y"
"508","414-2","Urban","<6mo","Female",0,"Child",3,6,6,3,3,0,0,0,0,0,0,0,0,0,0,0,0,"3-4","<4y"
"509","415-1","Urban","10-14y","Male",14,"Student",5,8,9.5,5,6.5,1,0,0,1,1,0,1,1,0,1,1,0,"5-6","10-19y"
"510","416-1","Urban","40-59y","Female",55,"Child",3,2.5,2.5,1.5,1.5,0,0,0,0,0,0,0,0,0,0,0,0,"3-4","50-59y"
"511","417-1","Urban","15-19y","Female",19,"Student",5,7,9,3.5,5.5,1,0,0,1,1,0,0,0,0,1,1,0,"5-6","10-19y"
"512","418-1","Urban","40-59y","Male",56,"Farmer/ Clerk/ Shopkeeper",5,4,5,2,2.5,0,0,0,0,0,0,0,0,0,0,0,0,"5-6","50-59y"
"513","419-1","Urban","20-29y","Female",28,"Semiskilled laborer",3,5,5,2.5,2.5,0,0,0,0,0,0,0,0,0,0,0,0,"3-4","20-29y"
"514","42-1","Rural","60+y","Female",81,"Unemployed adult",2,1,1,0.5,0.5,0,0,0,0,0,0,0,0,0,0,0,0,"2","60+y"
"515","420-1","Urban","15-19y","Female",17,"Student",4,7.5,7.5,4,4,1,0,0,1,0,0,1,0,0,1,0,0,"3-4","10-19y"
"516","420-2","Rural","6-11mo","Male",1,"Child",4,4,4,2,2,0,0,0,0,0,0,0,0,0,0,0,0,"3-4","<4y"
"517","421-1","Urban","30-39y","Male",31,"Skilled laborer",4,7,5.5,5,3.5,1,0,0,0,0,0,1,1,0,0,0,0,"3-4","30-39y"
"518","421-2","Rural","<6mo","Male",0,"Child",7,5.5,5.5,3,3,0,0,0,0,0,0,0,0,0,0,0,0,"7+","<4y"
"519","422-1","Urban","5-9y","Male",10,"Student",4,9.5,9.5,8,8,1,1,0,1,1,0,1,1,1,1,1,1,"3-4","5-9y"
"520","422-2","Urban","1-4y","Male",1,"Child",3,6.5,6.5,3.5,3.5,0,0,0,0,0,0,0,0,0,0,0,0,"3-4","<4y"
"521","423-1","Urban","40-59y","Male",60,"Professional",5,5.5,6,3,3.5,0,0,0,0,0,0,0,0,0,0,0,0,"5-6","50-59y"
"522","423-2","Rural","6-11mo","Female",1,"Child",NA,6,6,3,3,0,0,0,0,0,0,0,0,0,0,0,0,NA,"<4y"
"523","424-1","Urban","10-14y","Male",14,"Student",5,11.5,13,6,7.5,1,1,1,1,1,1,1,1,0,1,1,1,"5-6","10-19y"
"524","425-1","Urban","30-39y","Male",35,"Farmer/ Clerk/ Shopkeeper",6,9.5,9.5,6,6,1,1,0,1,1,0,1,1,0,1,1,0,"5-6","30-39y"
"525","426-1","Urban","60+y","Female",82,"Unemployed adult",6,7.5,7,4,3.5,1,0,0,1,0,0,1,0,0,0,0,0,"5-6","60+y"
"526","427-1","Urban","15-19y","Female",19,"Unemployed adult",6,7,7,3.5,3.5,1,0,0,1,0,0,0,0,0,0,0,0,"5-6","10-19y"
"527","428-1","Urban","20-29y","Male",22,"Unemployed adult",6,7.5,7.5,4.5,4.5,1,0,0,1,0,0,1,0,0,1,0,0,"5-6","20-29y"
"528","428-2","Urban","1-4y","Male",1,"Child",4,8,9,4.5,5,1,0,0,1,1,0,1,0,0,1,0,0,"3-4","<4y"
"529","429-1","Urban","20-29y","Female",26,"Child",3,6.5,6.5,4,4,0,0,0,0,0,0,1,0,0,1,0,0,"3-4","20-29y"
"530","43-1","Rural","60+y","Male",70,"Unemployed adult",2,1,1,0.5,0.5,0,0,0,0,0,0,0,0,0,0,0,0,"2","60+y"
"531","430-1","Urban","20-29y","Female",25,"Child",2,8.5,8.5,4.5,4.5,1,1,0,1,0,0,1,0,0,1,0,0,"2","20-29y"
"532","431-1","Urban","15-19y","Female",16,"Student",4,9.5,6.5,5.5,4,1,1,0,0,0,0,1,1,0,1,0,0,"3-4","10-19y"
"533","431-2","Urban","1-4y","Male",1,"Child",5,8,8,4,4,1,0,0,1,0,0,1,0,0,1,0,0,"5-6","<4y"
"534","432-1","Urban","40-59y","Male",47,"Skilled laborer",4,3,3,1.5,1.5,0,0,0,0,0,0,0,0,0,0,0,0,"3-4","40-49y"
"535","433-1","Urban","40-59y","Female",52,"Child",2,5.5,5,3,2.5,0,0,0,0,0,0,0,0,0,0,0,0,"2","50-59y"
"536","434-1","Urban","60+y","Male",63,"Unemployed adult",6,5.5,5.5,3,3,0,0,0,0,0,0,0,0,0,0,0,0,"5-6","60+y"
"537","435-1","Urban","60+y","Female",78,"Unemployed adult",1,3.5,2.5,2,1,0,0,0,0,0,0,0,0,0,0,0,0,"2","60+y"
"538","436-2","Urban","6-11mo","Female",1,"Child",4,6,6,3,3,0,0,0,0,0,0,0,0,0,0,0,0,"3-4","<4y"
"539","438-2","Urban","6-11mo","Male",1,"Child",4,8,8,4,4,1,0,0,1,0,0,1,0,0,1,0,0,"3-4","<4y"
"540","44-1","Rural","60+y","Female",66,"Unskilled laborer",5,4,4,2,2,0,0,0,0,0,0,0,0,0,0,0,0,"5-6","60+y"
"541","441-2","Urban","6-11mo","Male",1,"Child",3,8.5,8.5,4.5,4.5,1,1,0,1,0,0,1,0,0,1,0,0,"3-4","<4y"
"542","443-1","Rural","15-19y","Male",18,"Student",5,4.5,4,2,2,0,0,0,0,0,0,0,0,0,0,0,0,"5-6","10-19y"
"543","444-1","Rural","10-14y","Male",12,"Student",5,10,10,5,5,1,1,0,1,1,0,1,1,0,1,0,0,"5-6","10-19y"
"544","444-2","Urban","1-4y","Female",1,"Child",4,8.5,8.5,4.5,4.5,1,1,0,1,0,0,1,0,0,1,0,0,"3-4","<4y"
"545","445-1","Rural","5-9y","Female",9,"Student",5,7,7,3.5,3.5,1,0,0,1,0,0,0,0,0,0,0,0,"5-6","5-9y"
"546","446-1","Rural","10-14y","Female",15,"Student",6,7,8,3.5,4,1,0,0,1,0,0,0,0,0,1,0,0,"5-6","10-19y"
"547","448-1","Rural","10-14y","Female",12,"Student",4,7,7,3.5,3.5,1,0,0,1,0,0,0,0,0,0,0,0,"3-4","10-19y"
"548","448-2","Urban","1-4y","Male",1,"Child",4,5.5,6,3,3,0,0,0,0,0,0,0,0,0,0,0,0,"3-4","<4y"
"549","449-1","Rural","15-19y","Female",17,"Student",4,7,3,3.5,1.5,1,0,0,0,0,0,0,0,0,0,0,0,"3-4","10-19y"
"550","45-1","Rural","60+y","Female",70,"Unskilled laborer",6,5,5,2.5,2.5,0,0,0,0,0,0,0,0,0,0,0,0,"5-6","60+y"
"551","45-2","Rural","6-11mo","Female",1,"Child",NA,7,10.5,5,8,1,0,0,1,1,0,1,1,0,1,1,1,NA,"<4y"
"552","450-1","Rural","10-14y","Male",13,"Student",5,7,9,3.5,5.5,1,0,0,1,1,0,0,0,0,1,1,0,"5-6","10-19y"
"553","451-1","Rural","40-59y","Male",44,"Skilled laborer",9,8,8,4,4,1,0,0,1,0,0,1,0,0,1,0,0,"7+","40-49y"
"554","452-1","Rural","5-9y","Female",9,"Student",3,1.5,4.5,1,4,0,0,0,0,0,0,0,0,0,1,0,0,"3-4","5-9y"
"555","452-2","Urban","<6mo","Female",0,"Child",7,6,6,3,3,0,0,0,0,0,0,0,0,0,0,0,0,"7+","<4y"
"556","453-1","Rural","10-14y","Male",14,"Student",5,3,4,1.5,2.5,0,0,0,0,0,0,0,0,0,0,0,0,"5-6","10-19y"
"557","454-1","Rural","30-39y","Female",39,"Unskilled laborer",4,7,7,3.5,3.5,1,0,0,1,0,0,0,0,0,0,0,0,"3-4","30-39y"
"558","455-1","Rural","15-19y","Male",16,"Student",4,9,9,4.5,4.5,1,1,0,1,1,0,1,0,0,1,0,0,"3-4","10-19y"
"559","456-1","Rural","5-9y","Female",8,"Student",6,5,5,3,3,0,0,0,0,0,0,0,0,0,0,0,0,"5-6","5-9y"
"560","457-1","Rural","5-9y","Female",7,"Student",6,9,10.5,6,7,1,1,0,1,1,0,1,1,0,1,1,1,"5-6","5-9y"
"561","457-2","Urban","<6mo","Female",0,"Child",6,8.5,8.5,4.5,4.5,1,1,0,1,0,0,1,0,0,1,0,0,"5-6","<4y"
"562","458-1","Rural","5-9y","Female",6,"Student",5,10,10,5,5,1,1,0,1,1,0,1,1,0,1,0,0,"5-6","5-9y"
"563","459-1","Rural","5-9y","Female",7,"Student",4,6.5,12.5,5,9,0,0,0,1,1,1,1,1,0,1,1,1,"3-4","5-9y"
"564","46-1","Rural","60+y","Female",83,"Unemployed adult",5,5.5,5.5,3,3,0,0,0,0,0,0,0,0,0,0,0,0,"5-6","60+y"
"565","460-1","Rural","10-14y","Female",13,"Student",5,15,11.5,8.5,6,1,1,1,1,1,1,1,1,1,1,1,0,"5-6","10-19y"
"566","461-1","Rural","20-29y","Male",28,"Professional",4,8,7.5,6.5,6,1,0,0,1,0,0,1,1,1,1,1,0,"3-4","20-29y"
"567","462-1","Rural","5-9y","Male",6,"Student",4,4,4,2,2,0,0,0,0,0,0,0,0,0,0,0,0,"3-4","5-9y"
"568","463-1","Rural","5-9y","Male",6,"Student",4,10,10,5.5,5.5,1,1,0,1,1,0,1,1,0,1,1,0,"3-4","5-9y"
"569","464-1","Rural","30-39y","Male",38,"Semiprofessional",5,4,4,2,2,0,0,0,0,0,0,0,0,0,0,0,0,"5-6","30-39y"
"570","464-2","Rural","<6mo","Female",0,"Child",NA,4,5.5,2,3,0,0,0,0,0,0,0,0,0,0,0,0,NA,"<4y"
"571","465-1","Rural","15-19y","Male",19,"Student",4,10,10,5,5,1,1,0,1,1,0,1,1,0,1,0,0,"3-4","10-19y"
"572","466-1","Rural","40-59y","Female",47,"Unskilled laborer",3,9,9,5,5,1,1,0,1,1,0,1,1,0,1,0,0,"3-4","40-49y"
"573","467-1","Rural","10-14y","Female",13,"Student",6,16.5,15.5,13,12,1,1,1,1,1,1,1,1,1,1,1,1,"5-6","10-19y"
"574","468-1","Rural","10-14y","Female",14,"Student",6,11.5,14,9.5,12,1,1,1,1,1,1,1,1,1,1,1,1,"5-6","10-19y"
"575","468-2","Urban","1-4y","Female",5,"Student",7,10,11,7,8,1,1,0,1,1,1,1,1,1,1,1,1,"7+","<4y"
"576","469-1","Rural","5-9y","Female",10,"Student",6,8,13,5.5,9.5,1,0,0,1,1,1,1,1,0,1,1,1,"5-6","5-9y"
"577","47-1","Rural","60+y","Female",88,"Unemployed adult",5,4,4,2,2,0,0,0,0,0,0,0,0,0,0,0,0,"5-6","60+y"
"578","470-1","Rural","15-19y","Female",16,"Student",6,7,7,4,4,1,0,0,1,0,0,1,0,0,1,0,0,"5-6","10-19y"
"579","471-1","Rural","5-9y","Male",6,"Student",11,12,12.5,6,6,1,1,1,1,1,1,1,1,0,1,1,0,"7+","5-9y"
"580","472-1","Rural","5-9y","Male",8,"Student",11,12.5,13,6.5,6.5,1,1,1,1,1,1,1,1,1,1,1,0,"7+","5-9y"
"581","473-1","Rural","10-14y","Male",11,"Student",8,6.5,6.5,3.5,3.5,0,0,0,0,0,0,0,0,0,0,0,0,"7+","10-19y"
"582","474-1","Rural","5-9y","Male",8,"Student",4,6.5,6.5,5,5,0,0,0,0,0,0,1,1,0,1,0,0,"3-4","5-9y"
"583","475-1","Rural","30-39y","Male",39,"Unskilled laborer",5,5.5,5.5,3.5,3.5,0,0,0,0,0,0,0,0,0,0,0,0,"5-6","30-39y"
"584","475-2","Rural","<6mo","Female",0,"Child",NA,5,5,3,3,0,0,0,0,0,0,0,0,0,0,0,0,NA,"<4y"
"585","476-1","Rural","15-19y","Male",16,"Student",5,4,6,2,3,0,0,0,0,0,0,0,0,0,0,0,0,"5-6","10-19y"
"586","477-1","Rural","10-14y","Female",11,"Student",4,9.5,9.5,5,5,1,1,0,1,1,0,1,1,0,1,0,0,"3-4","10-19y"
"587","478-1","Rural","5-9y","Male",8,"Student",3,8.5,8.5,7,7,1,1,0,1,0,0,1,1,1,1,1,1,"3-4","5-9y"
"588","479-1","Rural","10-14y","Male",14,"Student",5,20,20,10,10,1,1,1,1,1,1,1,1,1,1,1,1,"5-6","10-19y"
"589","48-1","Rural","60+y","Female",75,"Unskilled laborer",1,2,2.5,0.5,1.5,0,0,0,0,0,0,0,0,0,0,0,0,"2","60+y"
"590","480-1","Rural","10-14y","Male",13,"Student",5,20,20,10,10,1,1,1,1,1,1,1,1,1,1,1,1,"5-6","10-19y"
"591","481-1","Rural","10-14y","Male",13,"Student",5,6,6.5,3,3.5,0,0,0,0,0,0,0,0,0,0,0,0,"5-6","10-19y"
"592","481-2","Rural","<6mo","Male",0,"Child",NA,6.5,6.5,3,3,0,0,0,0,0,0,0,0,0,0,0,0,NA,"<4y"
"593","482-1","Rural","5-9y","Male",9,"Student",4,9,8.5,6,6,1,1,0,1,0,0,1,1,0,1,1,0,"3-4","5-9y"
"594","483-1","Rural","15-19y","Male",18,"Student",4,6,6,3,3,0,0,0,0,0,0,0,0,0,0,0,0,"3-4","10-19y"
"595","484-1","Rural","15-19y","Female",17,"Student",4,8,8,4,4,1,0,0,1,0,0,1,0,0,1,0,0,"3-4","10-19y"
"596","485-1","Rural","15-19y","Male",19,"Unemployed adult",4,7,7,3.5,3.5,1,0,0,1,0,0,0,0,0,0,0,0,"3-4","10-19y"
"597","485-2","Rural","<6mo","Female",0,"Child",NA,8.5,8.5,4.5,4.5,1,1,0,1,0,0,1,0,0,1,0,0,NA,"<4y"
"598","486-1","Rural","40-59y","Female",42,"Unemployed adult",3,2,2,1,1,0,0,0,0,0,0,0,0,0,0,0,0,"3-4","40-49y"
"599","487-1","Rural","30-39y","Male",39,"Unskilled laborer",3,10,10,5,5,1,1,0,1,1,0,1,1,0,1,0,0,"3-4","30-39y"
"600","488-1","Rural","40-59y","Female",52,"Unemployed adult",4,4,3.5,2.5,2,0,0,0,0,0,0,0,0,0,0,0,0,"3-4","50-59y"
"601","489-1","Rural","20-29y","Female",27,"Child",6,6,6,3,3,0,0,0,0,0,0,0,0,0,0,0,0,"5-6","20-29y"
"602","489-2","Urban","6-11mo","Female",1,"Child",5,7.5,7.5,5.5,5.5,1,0,0,1,0,0,1,1,0,1,1,0,"5-6","<4y"
"603","49-1","Rural","60+y","Female",77,"Unemployed adult",1,1,1,0.5,0.5,0,0,0,0,0,0,0,0,0,0,0,0,"2","60+y"
"604","490-1","Rural","30-39y","Male",35,"Unemployed adult",6,4,4,2,2,0,0,0,0,0,0,0,0,0,0,0,0,"5-6","30-39y"
"605","491-1","Rural","5-9y","Male",7,"Student",8,6.5,6.5,3.5,3.5,0,0,0,0,0,0,0,0,0,0,0,0,"7+","5-9y"
"606","492-1","Rural","10-14y","Female",11,"Student",6,8.5,8.5,5,5,1,1,0,1,0,0,1,1,0,1,0,0,"5-6","10-19y"
"607","493-1","Rural","20-29y","Male",24,"Unemployed adult",5,4,4.5,2,2.5,0,0,0,0,0,0,0,0,0,0,0,0,"5-6","20-29y"
"608","494-1","Rural","30-39y","Female",32,"Child",4,4,5,2.5,3,0,0,0,0,0,0,0,0,0,0,0,0,"3-4","30-39y"
"609","494-2","Urban","<6mo","Female",0,"Child",4,3.5,3.5,2,2,0,0,0,0,0,0,0,0,0,0,0,0,"3-4","<4y"
"610","495-1","Rural","30-39y","Male",32,"Farmer/ Clerk/ Shopkeeper",2,5,5,2.5,2.5,0,0,0,0,0,0,0,0,0,0,0,0,"2","30-39y"
"611","496-1","Rural","30-39y","Male",30,"Skilled laborer",5,4.5,4.5,2.5,2.5,0,0,0,0,0,0,0,0,0,0,0,0,"5-6","30-39y"
"612","497-1","Urban","5-9y","Female",8,"Student",5,10.5,12,6,7,1,1,1,1,1,1,1,1,0,1,1,1,"5-6","5-9y"
"613","498-1","Urban","10-14y","Female",11,"Student",4,10,10,5,5,1,1,0,1,1,0,1,1,0,1,0,0,"3-4","10-19y"
"614","498-2","Urban","6-11mo","Female",1,"Child",4,8,8,4.5,4.5,1,0,0,1,0,0,1,0,0,1,0,0,"3-4","<4y"
"615","499-1","Urban","20-29y","Male",28,"Farmer/ Clerk/ Shopkeeper",3,5,5,3,3,0,0,0,0,0,0,0,0,0,0,0,0,"3-4","20-29y"
"616","5-1","Urban","60+y","Male",65,"Unemployed adult",4,4,4,2.5,2.5,0,0,0,0,0,0,0,0,0,0,0,0,"3-4","60+y"
"617","50-1","Rural","60+y","Female",79,"Unemployed adult",5,4,4,2,2,0,0,0,0,0,0,0,0,0,0,0,0,"5-6","60+y"
"618","500-1","Urban","10-14y","Male",11,"Student",5,9.5,9.5,7.5,7.5,1,1,0,1,1,0,1,1,1,1,1,1,"5-6","10-19y"
"619","501-1","Urban","10-14y","Male",12,"Student",5,8.5,8.5,4.5,4.5,1,1,0,1,0,0,1,0,0,1,0,0,"5-6","10-19y"
"620","502-1","Urban","20-29y","Male",20,"Skilled laborer",4,7,7,3.5,3.5,1,0,0,1,0,0,0,0,0,0,0,0,"3-4","20-29y"
"621","502-2","Urban","6-11mo","Female",1,"Child",4,8,8,4,4,1,0,0,1,0,0,1,0,0,1,0,0,"3-4","<4y"
"622","503-1","Urban","15-19y","Male",18,"Skilled laborer",4,7.5,7.5,4.5,4.5,1,0,0,1,0,0,1,0,0,1,0,0,"3-4","10-19y"
"623","504-1","Urban","40-59y","Female",49,"Professional",4,5,3.5,2.5,2,0,0,0,0,0,0,0,0,0,0,0,0,"3-4","40-49y"
"624","505-1","Urban","30-39y","Female",35,"Child",4,3.5,3.5,2,2,0,0,0,0,0,0,0,0,0,0,0,0,"3-4","30-39y"
"625","506-1","Urban","15-19y","Female",15,"Student",6,8,8,4.5,4.5,1,0,0,1,0,0,1,0,0,1,0,0,"5-6","10-19y"
"626","507-1","Urban","40-59y","Female",45,"Child",6,3.5,3.5,2,2,0,0,0,0,0,0,0,0,0,0,0,0,"5-6","40-49y"
"627","508-1","Urban","15-19y","Female",18,"Student",6,6.5,5.5,4,3,0,0,0,0,0,0,1,0,0,0,0,0,"5-6","10-19y"
"628","509-1","Urban","10-14y","Female",12,"Student",4,7,4.5,4.5,2.5,1,0,0,0,0,0,1,0,0,0,0,0,"3-4","10-19y"
"629","51-1","Rural","60+y","Male",63,"Farmer/ Clerk/ Shopkeeper",2,1,1,0.5,0.5,0,0,0,0,0,0,0,0,0,0,0,0,"2","60+y"
"630","51-2","Rural","1-4y","Female",2,"Child",NA,7.5,7.5,4,4,1,0,0,1,0,0,1,0,0,1,0,0,NA,"<4y"
"631","510-1","Urban","15-19y","Male",18,"Student",3,7.5,6.5,4.5,4,1,0,0,0,0,0,1,0,0,1,0,0,"3-4","10-19y"
"632","511-1","Urban","10-14y","Female",11,"Student",5,8.5,6,5,3.5,1,1,0,0,0,0,1,1,0,0,0,0,"5-6","10-19y"
"633","512-1","Urban","10-14y","Male",12,"Student",5,11,9.5,7.5,6,1,1,1,1,1,0,1,1,1,1,1,0,"5-6","10-19y"
"634","514-1","Urban","20-29y","Female",21,"Semiskilled laborer",4,9.5,8,5,4.5,1,1,0,1,0,0,1,1,0,1,0,0,"3-4","20-29y"
"635","515-1","Rural","5-9y","Male",10,"Student",4,9,8.5,7.5,7,1,1,0,1,0,0,1,1,1,1,1,1,"3-4","5-9y"
"636","516-1","Rural","10-14y","Male",14,"Student",4,11,12,5.5,6.5,1,1,1,1,1,1,1,1,0,1,1,0,"3-4","10-19y"
"637","517-1","Rural","30-39y","Male",39,"Semiskilled laborer",4,2,2,1,1,0,0,0,0,0,0,0,0,0,0,0,0,"3-4","30-39y"
"638","518-1","Rural","15-19y","Male",20,"Student",3,7,7,4,4,1,0,0,1,0,0,1,0,0,1,0,0,"3-4","10-19y"
"639","519-1","Rural","20-29y","Male",27,"Professional",3,2,2,1,1,0,0,0,0,0,0,0,0,0,0,0,0,"3-4","20-29y"
"640","519-2","Urban","6-11mo","Female",1,"Child",4,14,14.5,8.5,9,1,1,1,1,1,1,1,1,1,1,1,1,"3-4","<4y"
"641","52-1","Rural","60+y","Male",66,"Retired",4,3.5,4,2,2.5,0,0,0,0,0,0,0,0,0,0,0,0,"3-4","60+y"
"642","520-1","Rural","10-14y","Male",13,"Unemployed adult",4,3.5,5,2,3.5,0,0,0,0,0,0,0,0,0,0,0,0,"3-4","10-19y"
"643","521-1","Rural","20-29y","Male",29,"Professional",7,6,6,3,3,0,0,0,0,0,0,0,0,0,0,0,0,"7+","20-29y"
"644","522-1","Rural","30-39y","Female",35,"Semiprofessional",5,12,12,6,6,1,1,1,1,1,1,1,1,0,1,1,0,"5-6","30-39y"
"645","522-2","Rural","6-11mo","Male",1,"Child",NA,5.5,7,3,4.5,0,0,0,1,0,0,0,0,0,1,0,0,NA,"<4y"
"646","523-1","Rural","10-14y","Female",14,"Student",5,13,12.5,6.5,6,1,1,1,1,1,1,1,1,1,1,1,0,"5-6","10-19y"
"647","524-1","Rural","15-19y","Female",15,"Student",5,11.5,14,6,7,1,1,1,1,1,1,1,1,0,1,1,1,"5-6","10-19y"
"648","525-1","Rural","30-39y","Male",34,"Farmer/ Clerk/ Shopkeeper",2,5,5,2.5,2.5,0,0,0,0,0,0,0,0,0,0,0,0,"2","30-39y"
"649","526-1","Rural","15-19y","Male",17,"Unemployed adult",4,8,8,4,4,1,0,0,1,0,0,1,0,0,1,0,0,"3-4","10-19y"
"650","526-2","Urban","6-11mo","Male",1,"Child",4,6.5,6.5,3.5,3.5,0,0,0,0,0,0,0,0,0,0,0,0,"3-4","<4y"
"651","527-1","Rural","10-14y","Male",11,"Student",6,10,10,5,5,1,1,0,1,1,0,1,1,0,1,0,0,"5-6","10-19y"
"652","528-1","Rural","5-9y","Female",8,"Student",4,8.5,9.5,5,5.5,1,1,0,1,1,0,1,1,0,1,1,0,"3-4","5-9y"
"653","529-1","Rural","20-29y","Male",29,"Professional",7,8.5,7.5,5.5,4.5,1,1,0,1,0,0,1,1,0,1,0,0,"7+","20-29y"
"654","529-2","Urban","1-4y","Male",1,"Child",4,8,8,4,4,1,0,0,1,0,0,1,0,0,1,0,0,"3-4","<4y"
"655","53-1","Rural","60+y","Male",65,"Unskilled laborer",6,5,5,2.5,2.5,0,0,0,0,0,0,0,0,0,0,0,0,"5-6","60+y"
"656","530-1","Rural","5-9y","Male",10,"Student",4,7.5,9,5,5.5,1,0,0,1,1,0,1,1,0,1,1,0,"3-4","5-9y"
"657","531-1","Urban","60+y","Male",83,"Retired",8,7.5,7.5,4,4,1,0,0,1,0,0,1,0,0,1,0,0,"7+","60+y"
"658","532-1","Urban","40-59y","Female",44,"Skilled laborer",8,5.5,9.5,3,5,0,0,0,1,1,0,0,0,0,1,0,0,"7+","40-49y"
"659","533-1","Urban","10-14y","Male",12,"Student",6,13.5,11.5,8,7,1,1,1,1,1,1,1,1,1,1,1,1,"5-6","10-19y"
"660","533-2","Rural","<6mo","Male",0,"Child",NA,6.5,6.5,4,4,0,0,0,0,0,0,1,0,0,1,0,0,NA,"<4y"
"661","534-1","Urban","15-19y","Female",17,"Unemployed adult",6,3.5,3.5,2,2,0,0,0,0,0,0,0,0,0,0,0,0,"5-6","10-19y"
"662","535-1","Rural","30-39y","Male",36,"Farmer/ Clerk/ Shopkeeper",10,10.5,11,6,6.5,1,1,1,1,1,1,1,1,0,1,1,0,"7+","30-39y"
"663","536-1","Rural","30-39y","Female",30,"Child",10,11.5,11.5,7,7,1,1,1,1,1,1,1,1,1,1,1,1,"7+","30-39y"
"664","537-1","Rural","5-9y","Male",5,"Student",7,6,6,3,3,0,0,0,0,0,0,0,0,0,0,0,0,"7+","5-9y"
"665","538-1","Rural","30-39y","Male",31,"Skilled laborer",4,5.5,5.5,3,3,0,0,0,0,0,0,0,0,0,0,0,0,"3-4","30-39y"
"666","538-2","Urban","<6mo","Female",0,"Child",5,8,8.5,5,5.5,1,0,0,1,0,0,1,1,0,1,1,0,"5-6","<4y"
"667","539-1","Urban","10-14y","Female",14,"Student",6,11.5,9.5,8,6,1,1,1,1,1,0,1,1,1,1,1,0,"5-6","10-19y"
"668","54-1","Rural","60+y","Female",67,"Unemployed adult",7,6,6,3,3,0,0,0,0,0,0,0,0,0,0,0,0,"7+","60+y"
"669","540-1","Urban","10-14y","Male",14,"Student",5,10,9.5,8,7.5,1,1,0,1,1,0,1,1,1,1,1,1,"5-6","10-19y"
"670","541-1","Rural","30-39y","Female",30,"Child",6,9.5,9.5,6,6,1,1,0,1,1,0,1,1,0,1,1,0,"5-6","30-39y"
"671","542-1","Rural","20-29y","Male",25,"Skilled laborer",5,6.5,5.5,4.5,4,0,0,0,0,0,0,1,0,0,1,0,0,"5-6","20-29y"
"672","542-2","Rural","1-4y","Male",2,"Child",4,7,7.5,5,5.5,1,0,0,1,0,0,1,1,0,1,1,0,"3-4","<4y"
"673","543-1","Rural","15-19y","Male",20,"Student",5,5.5,6,3.5,3.5,0,0,0,0,0,0,0,0,0,0,0,0,"5-6","10-19y"
"674","544-1","Rural","10-14y","Male",12,"Student",4,8.5,9,4,4.5,1,1,0,1,1,0,1,0,0,1,0,0,"3-4","10-19y"
"675","545-1","Rural","15-19y","Female",20,"Unemployed adult",4,5,5,3.5,3.5,0,0,0,0,0,0,0,0,0,0,0,0,"3-4","10-19y"
"676","546-1","Rural","15-19y","Male",15,"Student",5,11,11,6.5,6.5,1,1,1,1,1,1,1,1,1,1,1,0,"5-6","10-19y"
"677","546-2","Rural","<6mo","Female",0,"Child",5,3.5,3.5,2,2,0,0,0,0,0,0,0,0,0,0,0,0,"5-6","<4y"
"678","547-1","Rural","15-19y","Male",15,"Student",5,8,7.5,5.5,5,1,0,0,1,0,0,1,1,0,1,0,0,"5-6","10-19y"
"679","548-1","Rural","20-29y","Male",28,"Professional",5,3,3,1.5,1.5,0,0,0,0,0,0,0,0,0,0,0,0,"5-6","20-29y"
"680","549-1","Urban","10-14y","Male",11,"Student",4,7.5,6.5,4.5,4,1,0,0,0,0,0,1,0,0,1,0,0,"3-4","10-19y"
"681","55-1","Rural","40-59y","Female",57,"Child",5,4,4,2,2,0,0,0,0,0,0,0,0,0,0,0,0,"5-6","50-59y"
"682","550-1","Urban","10-14y","Female",15,"Student",4,9,7.5,5.5,4.5,1,1,0,1,0,0,1,1,0,1,0,0,"3-4","10-19y"
"683","550-2","Rural","1-4y","Female",3,"Child",5,7.5,7.5,5,5,1,0,0,1,0,0,1,1,0,1,0,0,"5-6","<4y"
"684","551-1","Urban","15-19y","Male",20,"Unemployed adult",8,13,12.5,7.5,7.5,1,1,1,1,1,1,1,1,1,1,1,1,"7+","10-19y"
"685","552-1","Urban","30-39y","Male",31,"Farmer/ Clerk/ Shopkeeper",5,4.5,3.5,2.5,2,0,0,0,0,0,0,0,0,0,0,0,0,"5-6","30-39y"
"686","554-1","Urban","40-59y","Female",40,"Farmer/ Clerk/ Shopkeeper",3,5,3.5,2.5,2,0,0,0,0,0,0,0,0,0,0,0,0,"3-4","40-49y"
"687","554-2","Rural","1-4y","Male",3,"Child",5,7,7,4.5,4.5,1,0,0,1,0,0,1,0,0,1,0,0,"5-6","<4y"
"688","555-1","Urban","30-39y","Male",36,"Skilled laborer",7,6.5,6.5,3.5,3.5,0,0,0,0,0,0,0,0,0,0,0,0,"7+","30-39y"
"689","556-1","Urban","15-19y","Male",16,"Student",5,10,10,6,6,1,1,0,1,1,0,1,1,0,1,1,0,"5-6","10-19y"
"690","558-1","Urban","15-19y","Female",17,"Student",5,6,6,3,3,0,0,0,0,0,0,0,0,0,0,0,0,"5-6","10-19y"
"691","559-1","Urban","40-59y","Male",47,"Farmer/ Clerk/ Shopkeeper",3,8,6,4.5,3.5,1,0,0,0,0,0,1,0,0,0,0,0,"3-4","40-49y"
"692","56-1","Urban","60+y","Male",66,"Unemployed adult",3,5.5,6,4,4.5,0,0,0,0,0,0,1,0,0,1,0,0,"3-4","60+y"
"693","560-1","Urban","5-9y","Female",7,"Student",3,8,8,4,4,1,0,0,1,0,0,1,0,0,1,0,0,"3-4","5-9y"
"694","561-2","Urban","1-4y","Female",2,"Child",4,7.5,7.5,4,4,1,0,0,1,0,0,1,0,0,1,0,0,"3-4","<4y"
"695","562-1","Urban","5-9y","Female",10,"Student",5,7,7,3.5,3.5,1,0,0,1,0,0,0,0,0,0,0,0,"5-6","5-9y"
"696","564-2","Urban","<6mo","Female",0,"Child",4,4.5,5.5,2.5,3,0,0,0,0,0,0,0,0,0,0,0,0,"3-4","<4y"
"697","565-1","Urban","15-19y","Female",17,"Unskilled laborer",5,14,14.5,7.5,8,1,1,1,1,1,1,1,1,1,1,1,1,"5-6","10-19y"
"698","566-1","Urban","40-59y","Female",41,"Child",4,7.5,8,4.5,5,1,0,0,1,0,0,1,0,0,1,0,0,"3-4","40-49y"
"699","568-1","Urban","30-39y","Female",30,"Child",6,7,7,4.5,4.5,1,0,0,1,0,0,1,0,0,1,0,0,"5-6","30-39y"
"700","568-2","Rural","<6mo","Female",0,"Child",6,5,5,2.5,2.5,0,0,0,0,0,0,0,0,0,0,0,0,"5-6","<4y"
"701","57-1","Urban","60+y","Male",70,"Unemployed adult",2,4,3.5,3,3,0,0,0,0,0,0,0,0,0,0,0,0,"2","60+y"
"702","570-1","Urban","20-29y","Male",22,"Unemployed adult",4,5,5,2.5,2.5,0,0,0,0,0,0,0,0,0,0,0,0,"3-4","20-29y"
"703","571-1","Urban","5-9y","Female",6,"Student",5,6,6,3,3,0,0,0,0,0,0,0,0,0,0,0,0,"5-6","5-9y"
"704","572-1","Urban","5-9y","Male",9,"Student",6,10,10,5,5,1,1,0,1,1,0,1,1,0,1,0,0,"5-6","5-9y"
"705","573-1","Urban","60+y","Male",63,"Professional",6,8,8,4,4,1,0,0,1,0,0,1,0,0,1,0,0,"5-6","60+y"
"706","574-1","Urban","20-29y","Male",27,"Skilled laborer",3,4.5,4.5,3.5,3.5,0,0,0,0,0,0,0,0,0,0,0,0,"3-4","20-29y"
"707","574-2","Rural","6-11mo","Male",1,"Child",3,6,6.5,3.5,4,0,0,0,0,0,0,0,0,0,1,0,0,"3-4","<4y"
"708","575-1","Urban","5-9y","Female",7,"Student",5,7.5,7.5,5.5,5.5,1,0,0,1,0,0,1,1,0,1,1,0,"5-6","5-9y"
"709","576-1","Urban","5-9y","Male",7,"Student",5,10.5,7.5,6,4,1,1,1,1,0,0,1,1,0,1,0,0,"5-6","5-9y"
"710","577-1","Urban","5-9y","Female",9,"Student",5,6.5,5.5,4,3,0,0,0,0,0,0,1,0,0,0,0,0,"5-6","5-9y"
"711","577-2","Rural","6-11mo","Female",1,"Child",5,7.5,7.5,5,5,1,0,0,1,0,0,1,1,0,1,0,0,"5-6","<4y"
"712","578-1","Urban","30-39y","Male",37,"Semiskilled laborer",6,6,5.5,3.5,3,0,0,0,0,0,0,0,0,0,0,0,0,"5-6","30-39y"
"713","579-1","Urban","15-19y","Male",17,"Skilled laborer",5,8,8,4,4,1,0,0,1,0,0,1,0,0,1,0,0,"5-6","10-19y"
"714","58-1","Urban","60+y","Female",64,"Child",2,1.5,1.5,1,1,0,0,0,0,0,0,0,0,0,0,0,0,"2","60+y"
"715","58-2","Rural","1-4y","Male",2,"Child",NA,9,9,6,6,1,1,0,1,1,0,1,1,0,1,1,0,NA,"<4y"
"716","580-1","Urban","30-39y","Male",32,"Skilled laborer",6,9,9,4.5,4.5,1,1,0,1,1,0,1,0,0,1,0,0,"5-6","30-39y"
"717","581-1","Rural","10-14y","Female",11,"Student",3,6.5,6.5,3.5,3.5,0,0,0,0,0,0,0,0,0,0,0,0,"3-4","10-19y"
"718","582-1","Rural","10-14y","Female",11,"Student",7,9,9,6,6,1,1,0,1,1,0,1,1,0,1,1,0,"7+","10-19y"
"719","582-2","Rural","1-4y","Female",2,"Child",6,10,10,7,7,1,1,0,1,1,0,1,1,1,1,1,1,"5-6","<4y"
"720","583-1","Rural","10-14y","Male",14,"Student",4,8.5,8,5,5,1,1,0,1,0,0,1,1,0,1,0,0,"3-4","10-19y"
"721","584-1","Rural","10-14y","Female",11,"Student",4,8,7,4.5,3.5,1,0,0,1,0,0,1,0,0,0,0,0,"3-4","10-19y"
"722","585-1","Rural","10-14y","Female",11,"Student",5,10.5,11,6,6.5,1,1,1,1,1,1,1,1,0,1,1,0,"5-6","10-19y"
"723","586-1","Rural","10-14y","Female",14,"Student",5,10.5,7.5,5,4,1,1,1,1,0,0,1,1,0,1,0,0,"5-6","10-19y"
"724","587-1","Urban","5-9y","Male",8,"Student",4,10.5,9.5,6.5,6,1,1,1,1,1,0,1,1,1,1,1,0,"3-4","5-9y"
"725","588-1","Urban","15-19y","Female",15,"Student",5,9,7,6.5,4.5,1,1,0,1,0,0,1,1,1,1,0,0,"5-6","10-19y"
"726","588-2","Rural","<6mo","Male",0,"Child",5,6,6,3,3,0,0,0,0,0,0,0,0,0,0,0,0,"5-6","<4y"
"727","589-1","Urban","5-9y","Male",7,"Student",5,6.5,5,4,3,0,0,0,0,0,0,1,0,0,0,0,0,"5-6","5-9y"
"728","59-1","Urban","60+y","Female",71,"Unemployed adult",1,4.5,4.5,3,3,0,0,0,0,0,0,0,0,0,0,0,0,"2","60+y"
"729","590-1","Rural","30-39y","Male",40,"Farmer/ Clerk/ Shopkeeper",4,7,7,3.5,3.5,1,0,0,1,0,0,0,0,0,0,0,0,"3-4","30-39y"
"730","591-1","Rural","10-14y","Male",12,"Student",4,13.5,13.5,7.5,7.5,1,1,1,1,1,1,1,1,1,1,1,1,"3-4","10-19y"
"731","592-1","Rural","10-14y","Male",10,"Student",4,19,19,9.5,9.5,1,1,1,1,1,1,1,1,1,1,1,1,"3-4","10-19y"
"732","593-1","Rural","5-9y","Female",7,"Student",10,12.5,12.5,8,8,1,1,1,1,1,1,1,1,1,1,1,1,"7+","5-9y"
"733","593-2","Rural","6-11mo","Male",1,"Child",8,4.5,4.5,3,3,0,0,0,0,0,0,0,0,0,0,0,0,"7+","<4y"
"734","594-1","Rural","5-9y","Female",6,"Student",4,4.5,4.5,3,3,0,0,0,0,0,0,0,0,0,0,0,0,"3-4","5-9y"
"735","595-1","Urban","5-9y","Female",8,"Student",16,15,12,9.5,6.5,1,1,1,1,1,1,1,1,1,1,1,0,"7+","5-9y"
"736","596-1","Urban","30-39y","Female",37,"Child",16,12.5,12.5,6.5,6.5,1,1,1,1,1,1,1,1,1,1,1,0,"7+","30-39y"
"737","597-1","Urban","10-14y","Male",13,"Student",6,11,10.5,6,5.5,1,1,1,1,1,0,1,1,0,1,1,0,"5-6","10-19y"
"738","598-1","Urban","60+y","Male",74,"Unemployed adult",3,4,4,2,2,0,0,0,0,0,0,0,0,0,0,0,0,"3-4","60+y"
"739","599-1","Urban","60+y","Male",61,"Retired",5,7,7,4,4,1,0,0,1,0,0,1,0,0,1,0,0,"5-6","60+y"
"740","599-2","Rural","6-11mo","Female",1,"Child",NA,6.5,7,4.5,5,0,0,0,1,0,0,1,0,0,1,0,0,NA,"<4y"
"741","6-1","Urban","60+y","Male",60,"Unskilled laborer",3,4,4,2,2,0,0,0,0,0,0,0,0,0,0,0,0,"3-4","60+y"
"742","60-1","Urban","60+y","Female",80,"Unemployed adult",2,2,2,1.5,1.5,0,0,0,0,0,0,0,0,0,0,0,0,"2","60+y"
"743","600-1","Urban","10-14y","Female",13,"Student",4,6,6,3,3,0,0,0,0,0,0,0,0,0,0,0,0,"3-4","10-19y"
"744","601-1","Urban","40-59y","Male",42,"Semiprofessional",5,9.5,9,5,4.5,1,1,0,1,1,0,1,1,0,1,0,0,"5-6","40-49y"
"745","602-1","Urban","5-9y","Male",6,"Student",5,10,10,5,5,1,1,0,1,1,0,1,1,0,1,0,0,"5-6","5-9y"
"746","603-1","Rural","20-29y","Female",25,"Unskilled laborer",4,2,2,1,1,0,0,0,0,0,0,0,0,0,0,0,0,"3-4","20-29y"
"747","603-2","Rural","<6mo","Male",0,"Child",NA,7,7.5,3.5,4,1,0,0,1,0,0,0,0,0,1,0,0,NA,"<4y"
"748","604-1","Rural","30-39y","Female",31,"Child",6,8.5,7,4,3.5,1,1,0,1,0,0,1,0,0,0,0,0,"5-6","30-39y"
"749","605-1","Rural","30-39y","Male",34,"Farmer/ Clerk/ Shopkeeper",6,9,5,4.5,2.5,1,1,0,0,0,0,1,0,0,0,0,0,"5-6","30-39y"
"750","606-1","Rural","5-9y","Male",6,"Student",6,7.5,7.5,5,5,1,0,0,1,0,0,1,1,0,1,0,0,"5-6","5-9y"
"751","607-1","Rural","5-9y","Male",7,"Student",4,11.5,12,6,6,1,1,1,1,1,1,1,1,0,1,1,0,"3-4","5-9y"
"752","608-1","Rural","10-14y","Female",12,"Student",5,13.5,15,7,7.5,1,1,1,1,1,1,1,1,1,1,1,1,"5-6","10-19y"
"753","608-2","Rural","6-11mo","Male",1,"Child",NA,10,10,6.5,6.5,1,1,0,1,1,0,1,1,1,1,1,0,NA,"<4y"
"754","609-1","Rural","10-14y","Female",12,"Student",2,10,9.5,5,5,1,1,0,1,1,0,1,1,0,1,0,0,"2","10-19y"
"755","61-1","Urban","60+y","Female",74,"Unemployed adult",7,6,6,3.5,3.5,0,0,0,0,0,0,0,0,0,0,0,0,"7+","60+y"
"756","610-1","Rural","20-29y","Male",26,"Unemployed adult",3,10,10,5,5,1,1,0,1,1,0,1,1,0,1,0,0,"3-4","20-29y"
"757","611-1","Rural","15-19y","Male",18,"Student",3,13,13,6.5,6.5,1,1,1,1,1,1,1,1,1,1,1,0,"3-4","10-19y"
"758","612-1","Rural","10-14y","Male",12,"Student",6,13.5,15,7,7.5,1,1,1,1,1,1,1,1,1,1,1,1,"5-6","10-19y"
"759","613-1","Rural","5-9y","Female",8,"Student",6,10.5,12,6,6.5,1,1,1,1,1,1,1,1,0,1,1,0,"5-6","5-9y"
"760","613-2","Rural","<6mo","Male",0,"Child",NA,5,5,2.5,2.5,0,0,0,0,0,0,0,0,0,0,0,0,NA,"<4y"
"761","614-1","Rural","15-19y","Male",19,"Student",3,10.5,10.5,5.5,5.5,1,1,1,1,1,0,1,1,0,1,1,0,"3-4","10-19y"
"762","615-1","Urban","20-29y","Male",27,"Skilled laborer",4,5,5.5,2.5,3,0,0,0,0,0,0,0,0,0,0,0,0,"3-4","20-29y"
"763","616-1","Urban","10-14y","Male",12,"Student",4,9,9,4.5,4.5,1,1,0,1,1,0,1,0,0,1,0,0,"3-4","10-19y"
"764","617-1","Urban","10-14y","Male",14,"Student",4,9,9,4.5,4.5,1,1,0,1,1,0,1,0,0,1,0,0,"3-4","10-19y"
"765","617-2","Urban","6-11mo","Male",1,"Child",7,6,6,3,3,0,0,0,0,0,0,0,0,0,0,0,0,"7+","<4y"
"766","618-1","Urban","15-19y","Male",16,"Student",4,9,9,4.5,4.5,1,1,0,1,1,0,1,0,0,1,0,0,"3-4","10-19y"
"767","618-2","Urban","6-11mo","Female",1,"Child",5,5,5,2.5,2.5,0,0,0,0,0,0,0,0,0,0,0,0,"5-6","<4y"
"768","619-1","Urban","15-19y","Male",16,"Student",5,7.5,8,4.5,5,1,0,0,1,0,0,1,0,0,1,0,0,"5-6","10-19y"
"769","619-2","Urban","6-11mo","Female",0,"Child",4,3,3,1.5,1.5,0,0,0,0,0,0,0,0,0,0,0,0,"3-4","<4y"
"770","62-1","Urban","60+y","Female",60,"Child",2,2.5,2.5,1.5,1.5,0,0,0,0,0,0,0,0,0,0,0,0,"2","60+y"
"771","620-1","Urban","10-14y","Male",14,"Student",5,9,9,4.5,4.5,1,1,0,1,1,0,1,0,0,1,0,0,"5-6","10-19y"
"772","621-1","Urban","20-29y","Male",26,"Semiskilled laborer",6,5,5,2.5,2.5,0,0,0,0,0,0,0,0,0,0,0,0,"5-6","20-29y"
"773","621-2","Rural","6-11mo","Female",0,"Child",NA,6,8,3.5,5,0,0,0,1,0,0,0,0,0,1,0,0,NA,"<4y"
"774","622-1","Urban","15-19y","Female",18,"Child",6,8,8,4,4,1,0,0,1,0,0,1,0,0,1,0,0,"5-6","10-19y"
"775","623-1","Urban","10-14y","Male",11,"Student",6,10,10,5,5,1,1,0,1,1,0,1,1,0,1,0,0,"5-6","10-19y"
"776","624-1","Rural","15-19y","Male",17,"Student",4,4,4,2,2,0,0,0,0,0,0,0,0,0,0,0,0,"3-4","10-19y"
"777","624-2","Rural","6-11mo","Female",1,"Child",5,6,6,3,3,0,0,0,0,0,0,0,0,0,0,0,0,"5-6","<4y"
"778","625-1","Rural","10-14y","Female",15,"Student",4,9,9,4.5,4.5,1,1,0,1,1,0,1,0,0,1,0,0,"3-4","10-19y"
"779","626-1","Urban","10-14y","Male",12,"Student",5,4.5,4,2,2,0,0,0,0,0,0,0,0,0,0,0,0,"5-6","10-19y"
"780","627-1","Rural","15-19y","Male",19,"Unskilled laborer",3,3,4,1.5,2.5,0,0,0,0,0,0,0,0,0,0,0,0,"3-4","10-19y"
"781","628-1","Rural","15-19y","Female",17,"Student",5,4,4,2,2,0,0,0,0,0,0,0,0,0,0,0,0,"5-6","10-19y"
"782","628-2","Rural","<6mo","Male",0,"Child",5,6.5,6.5,3.5,3.5,0,0,0,0,0,0,0,0,0,0,0,0,"5-6","<4y"
"783","629-1","Rural","15-19y","Male",19,"Student",5,8.5,6,4.5,3,1,1,0,0,0,0,1,0,0,0,0,0,"5-6","10-19y"
"784","63-1","Urban","60+y","Male",61,"Unemployed adult",3,2.5,2.5,1.5,1.5,0,0,0,0,0,0,0,0,0,0,0,0,"3-4","60+y"
"785","63-2","Rural","<6mo","Male",0,"Child",8,4.5,4.5,2.5,2.5,0,0,0,0,0,0,0,0,0,0,0,0,"7+","<4y"
"786","630-1","Rural","10-14y","Female",10,"Student",6,7,4,3.5,2,1,0,0,0,0,0,0,0,0,0,0,0,"5-6","10-19y"
"787","631-1","Rural","10-14y","Female",11,"Student",5,5.5,7.5,3.5,5.5,0,0,0,1,0,0,0,0,0,1,1,0,"5-6","10-19y"
"788","632-1","Rural","5-9y","Female",8,"Student",5,5.5,4,3.5,2,0,0,0,0,0,0,0,0,0,0,0,0,"5-6","5-9y"
"789","633-1","Rural","10-14y","Female",10,"Student",5,9,6.5,4.5,3.5,1,1,0,0,0,0,1,0,0,0,0,0,"5-6","10-19y"
"790","633-2","Rural","<6mo","Male",0,"Child",NA,7.5,7.5,4,4,1,0,0,1,0,0,1,0,0,1,0,0,NA,"<4y"
"791","634-1","Rural","30-39y","Female",31,"Unskilled laborer",4,4,5.5,2,3,0,0,0,0,0,0,0,0,0,0,0,0,"3-4","30-39y"
"792","635-1","Rural","20-29y","Female",25,"Unskilled laborer",2,3,7.5,1.5,4,0,0,0,1,0,0,0,0,0,1,0,0,"2","20-29y"
"793","636-1","Rural","10-14y","Female",11,"Student",5,9.5,11,6.5,8,1,1,0,1,1,1,1,1,1,1,1,1,"5-6","10-19y"
"794","637-1","Rural","10-14y","Female",13,"Student",5,12.5,20,8,13.5,1,1,1,1,1,1,1,1,1,1,1,1,"5-6","10-19y"
"795","637-2","Rural","<6mo","Female",0,"Child",NA,8,8,5.5,5.5,1,0,0,1,0,0,1,1,0,1,1,0,NA,"<4y"
"796","638-1","Rural","20-29y","Female",26,"Child",6,5,5,2.5,2.5,0,0,0,0,0,0,0,0,0,0,0,0,"5-6","20-29y"
"797","639-1","Rural","30-39y","Female",31,"Child",6,5,5,2.5,2.5,0,0,0,0,0,0,0,0,0,0,0,0,"5-6","30-39y"
"798","64-1","Urban","60+y","Male",61,"Skilled laborer",2,3,2,2,1.5,0,0,0,0,0,0,0,0,0,0,0,0,"2","60+y"
"799","640-1","Urban","5-9y","Male",6,"Student",5,5.5,5.5,3.5,3.5,0,0,0,0,0,0,0,0,0,0,0,0,"5-6","5-9y"
"800","640-2","Rural","<6mo","Female",0,"Child",NA,7,7,4.5,4.5,1,0,0,1,0,0,1,0,0,1,0,0,NA,"<4y"
"801","641-1","Urban","5-9y","Male",10,"Student",5,9.5,9.5,6,6,1,1,0,1,1,0,1,1,0,1,1,0,"5-6","5-9y"
"802","642-1","Urban","40-59y","Male",51,"Professional",5,8,8,4.5,4.5,1,0,0,1,0,0,1,0,0,1,0,0,"5-6","50-59y"
"803","643-1","Urban","40-59y","Male",43,"Semiskilled laborer",4,4,4.5,2,2.5,0,0,0,0,0,0,0,0,0,0,0,0,"3-4","40-49y"
"804","644-1","Rural","10-14y","Male",11,"Student",6,7,5,4.5,2.5,1,0,0,0,0,0,1,0,0,0,0,0,"5-6","10-19y"
"805","645-1","Rural","5-9y","Female",8,"Student",6,10,5,7.5,2.5,1,1,0,0,0,0,1,1,1,0,0,0,"5-6","5-9y"
"806","645-2","Rural","<6mo","Male",0,"Child",NA,5,5,3,3,0,0,0,0,0,0,0,0,0,0,0,0,NA,"<4y"
"807","646-1","Rural","5-9y","Male",8,"Student",4,6,8.5,4,5.5,0,0,0,1,0,0,1,0,0,1,1,0,"3-4","5-9y"
"808","647-1","Rural","5-9y","Female",6,"Student",5,8,11,4,5.5,1,0,0,1,1,1,1,0,0,1,1,0,"5-6","5-9y"
"809","648-1","Rural","30-39y","Female",31,"Child",5,7,7,3.5,3.5,1,0,0,1,0,0,0,0,0,0,0,0,"5-6","30-39y"
"810","649-1","Rural","15-19y","Female",18,"Student",4,5,4.5,3.5,3,0,0,0,0,0,0,0,0,0,0,0,0,"3-4","10-19y"
"811","649-2","Rural","<6mo","Female",0,"Child",NA,6,6,3.5,3.5,0,0,0,0,0,0,0,0,0,0,0,0,NA,"<4y"
"812","65-1","Urban","60+y","Female",75,"Unemployed adult",1,5.5,5.5,3,3,0,0,0,0,0,0,0,0,0,0,0,0,"2","60+y"
"813","650-1","Rural","10-14y","Female",14,"Student",4,14.5,14.5,8,8,1,1,1,1,1,1,1,1,1,1,1,1,"3-4","10-19y"
"814","651-1","Urban","20-29y","Female",26,"Child",3,3,2.5,2,1.5,0,0,0,0,0,0,0,0,0,0,0,0,"3-4","20-29y"
"815","652-1","Urban","10-14y","Male",13,"Student",5,9,8,7,6,1,1,0,1,0,0,1,1,1,1,1,0,"5-6","10-19y"
"816","653-1","Rural","20-29y","Male",23,"Semiskilled laborer",4,8,7.5,4,4,1,0,0,1,0,0,1,0,0,1,0,0,"3-4","20-29y"
"817","653-2","Rural","<6mo","Male",0,"Child",NA,8,8,5,5,1,0,0,1,0,0,1,1,0,1,0,0,NA,"<4y"
"818","654-1","Rural","20-29y","Male",28,"Skilled laborer",4,6,6.5,3.5,3.5,0,0,0,0,0,0,0,0,0,0,0,0,"3-4","20-29y"
"819","655-1","Urban","5-9y","Male",7,"Student",4,8,8,5,5,1,0,0,1,0,0,1,1,0,1,0,0,"3-4","5-9y"
"820","656-1","Rural","5-9y","Female",6,"Student",4,7,7,4,4,1,0,0,1,0,0,1,0,0,1,0,0,"3-4","5-9y"
"821","657-1","Rural","20-29y","Female",22,"Semiprofessional",2,1.5,1,1,0.5,0,0,0,0,0,0,0,0,0,0,0,0,"2","20-29y"
"822","658-1","Rural","5-9y","Male",7,"Student",8,11,11,6,6,1,1,1,1,1,1,1,1,0,1,1,0,"7+","5-9y"
"823","659-2","Rural","6-11mo","Male",1,"Child",NA,4,5.5,2,3,0,0,0,0,0,0,0,0,0,0,0,0,NA,"<4y"
"824","66-1","Rural","60+y","Male",73,"Retired",2,3,5.5,2.5,5,0,0,0,0,0,0,0,0,0,1,0,0,"2","60+y"
"825","660-1","Urban","5-9y","Male",7,"Student",4,6.5,6,5,4.5,0,0,0,0,0,0,1,1,0,1,0,0,"3-4","5-9y"
"826","662-1","Urban","30-39y","Male",33,"Skilled laborer",5,4,4,2,2,0,0,0,0,0,0,0,0,0,0,0,0,"5-6","30-39y"
"827","663-1","Rural","10-14y","Female",10,"Student",5,8.5,8.5,4.5,4.5,1,1,0,1,0,0,1,0,0,1,0,0,"5-6","10-19y"
"828","663-2","Rural","<6mo","Female",0,"Child",NA,7.5,7.5,4,4,1,0,0,1,0,0,1,0,0,1,0,0,NA,"<4y"
"829","664-1","Rural","5-9y","Male",7,"Student",4,8,9,4,4.5,1,0,0,1,1,0,1,0,0,1,0,0,"3-4","5-9y"
"830","665-1","Rural","5-9y","Female",7,"Student",4,10.5,10.5,8,8,1,1,1,1,1,0,1,1,1,1,1,1,"3-4","5-9y"
"831","666-1","Rural","10-14y","Male",11,"Student",6,7,7,4.5,4.5,1,0,0,1,0,0,1,0,0,1,0,0,"5-6","10-19y"
"832","666-2","Rural","<6mo","Male",0,"Child",NA,5.5,5.5,3,3,0,0,0,0,0,0,0,0,0,0,0,0,NA,"<4y"
"833","667-1","Urban","5-9y","Female",7,"Student",5,12,11.5,7,7,1,1,1,1,1,1,1,1,1,1,1,1,"5-6","5-9y"
"834","668-1","Urban","30-39y","Female",37,"Professional",6,7,5,4,2.5,1,0,0,0,0,0,1,0,0,0,0,0,"5-6","30-39y"
"835","669-1","Urban","60+y","Female",70,"Unemployed adult",3,5.5,5.5,3.5,3.5,0,0,0,0,0,0,0,0,0,0,0,0,"3-4","60+y"
"836","67-1","Rural","60+y","Male",79,"Unemployed adult",3,2,2.5,1,1.5,0,0,0,0,0,0,0,0,0,0,0,0,"3-4","60+y"
"837","67-2","Rural","<6mo","Male",0,"Child",4,7,7,3.5,3.5,1,0,0,1,0,0,0,0,0,0,0,0,"3-4","<4y"
"838","670-1","Urban","5-9y","Female",6,"Student",5,6.5,6,4.5,4,0,0,0,0,0,0,1,0,0,1,0,0,"5-6","5-9y"
"839","670-2","Urban","1-4y","Male",1,"Child",6,5.5,9,3,4.5,0,0,0,1,1,0,0,0,0,1,0,0,"5-6","<4y"
"840","671-1","Urban","10-14y","Male",12,"Student",5,6.5,6,4.5,4,0,0,0,0,0,0,1,0,0,1,0,0,"5-6","10-19y"
"841","674-1","Urban","5-9y","Male",5,"Student",5,8,8,4,4,1,0,0,1,0,0,1,0,0,1,0,0,"5-6","5-9y"
"842","675-1","Rural","15-19y","Male",16,"Student",6,9.5,9,5,4.5,1,1,0,1,1,0,1,1,0,1,0,0,"5-6","10-19y"
"843","675-2","Urban","<6mo","Male",0,"Child",5,3,4,1.5,2,0,0,0,0,0,0,0,0,0,0,0,0,"5-6","<4y"
"844","676-1","Rural","60+y","Male",65,"Unemployed adult",5,7,7,3.5,3.5,1,0,0,1,0,0,0,0,0,0,0,0,"5-6","60+y"
"845","677-1","Rural","60+y","Male",79,"Unemployed adult",6,6.5,6.5,3.5,3.5,0,0,0,0,0,0,0,0,0,0,0,0,"5-6","60+y"
"846","678-1","Rural","60+y","Male",78,"Unemployed adult",6,5,6,2.5,3,0,0,0,0,0,0,0,0,0,0,0,0,"5-6","60+y"
"847","679-1","Rural","10-14y","Female",14,"Student",6,7.5,7.5,5,5,1,0,0,1,0,0,1,1,0,1,0,0,"5-6","10-19y"
"848","679-2","Urban","6-11mo","Female",0,"Child",5,6,6,3,3,0,0,0,0,0,0,0,0,0,0,0,0,"5-6","<4y"
"849","68-1","Rural","60+y","Female",76,"Child",4,3,3,1.5,1.5,0,0,0,0,0,0,0,0,0,0,0,0,"3-4","60+y"
"850","680-1","Rural","15-19y","Male",19,"Unemployed adult",5,8,5,5.5,3,1,0,0,0,0,0,1,1,0,0,0,0,"5-6","10-19y"
"851","681-1","Rural","15-19y","Male",19,"Unemployed adult",4,4,4,3,3,0,0,0,0,0,0,0,0,0,0,0,0,"3-4","10-19y"
"852","682-1","Rural","15-19y","Male",17,"Student",5,4.5,5.5,3,4,0,0,0,0,0,0,0,0,0,1,0,0,"5-6","10-19y"
"853","683-1","Rural","60+y","Male",67,"Unemployed adult",2,3,2.5,1.5,1.5,0,0,0,0,0,0,0,0,0,0,0,0,"2","60+y"
"854","683-2","Urban","<6mo","Male",0,"Child",3,5,5,2.5,2.5,0,0,0,0,0,0,0,0,0,0,0,0,"3-4","<4y"
"855","684-1","Rural","60+y","Male",61,"Farmer/ Clerk/ Shopkeeper",7,7.5,7.5,4,4,1,0,0,1,0,0,1,0,0,1,0,0,"7+","60+y"
"856","685-1","Rural","15-19y","Male",17,"Unemployed adult",4,3,8,1.5,4,0,0,0,1,0,0,0,0,0,1,0,0,"3-4","10-19y"
"857","685-2","Urban","<6mo","Male",0,"Child",7,7,7,3.5,3.5,1,0,0,1,0,0,0,0,0,0,0,0,"7+","<4y"
"858","686-1","Rural","15-19y","Male",16,"Student",4,11.5,9,10,7.5,1,1,1,1,1,0,1,1,1,1,1,1,"3-4","10-19y"
"859","687-1","Rural","5-9y","Male",6,"Student",6,10,13.5,6.5,9,1,1,0,1,1,1,1,1,1,1,1,1,"5-6","5-9y"
"860","688-1","Rural","20-29y","Female",25,"Child",5,5,5,2.5,2.5,0,0,0,0,0,0,0,0,0,0,0,0,"5-6","20-29y"
"861","688-2","Urban","6-11mo","Female",1,"Child",5,7,7,3.5,3.5,1,0,0,1,0,0,0,0,0,0,0,0,"5-6","<4y"
"862","689-1","Rural","20-29y","Male",27,"Skilled laborer",2,9.5,3,8,2,1,1,0,0,0,0,1,1,1,0,0,0,"2","20-29y"
"863","69-1","Rural","60+y","Female",67,"Child",4,1,1,0.5,0.5,0,0,0,0,0,0,0,0,0,0,0,0,"3-4","60+y"
"864","690-1","Urban","60+y","Female",62,"Unemployed adult",1,4.5,4.5,2.5,2.5,0,0,0,0,0,0,0,0,0,0,0,0,"2","60+y"
"865","691-1","Urban","60+y","Male",61,"Semiprofessional",5,4.5,4,2,2,0,0,0,0,0,0,0,0,0,0,0,0,"5-6","60+y"
"866","691-2","Urban","<6mo","Male",0,"Child",4,8,8,4,4,1,0,0,1,0,0,1,0,0,1,0,0,"3-4","<4y"
"867","692-1","Urban","30-39y","Male",37,"Semiprofessional",6,5.5,5,3,2.5,0,0,0,0,0,0,0,0,0,0,0,0,"5-6","30-39y"
"868","693-1","Urban","10-14y","Female",10,"Student",6,7.5,6.5,4,3.5,1,0,0,0,0,0,1,0,0,0,0,0,"5-6","10-19y"
"869","694-1","Urban","20-29y","Male",24,"Unemployed adult",4,3,3,1.5,1.5,0,0,0,0,0,0,0,0,0,0,0,0,"3-4","20-29y"
"870","695-1","Urban","20-29y","Male",26,"Skilled laborer",4,8,8,4,4,1,0,0,1,0,0,1,0,0,1,0,0,"3-4","20-29y"
"871","696-1","Urban","20-29y","Male",23,"Unemployed adult",2,6,6,3.5,3.5,0,0,0,0,0,0,0,0,0,0,0,0,"2","20-29y"
"872","697-1","Rural","10-14y","Female",15,"Student",4,7.5,7.5,4,4,1,0,0,1,0,0,1,0,0,1,0,0,"3-4","10-19y"
"873","697-2","Urban","6-11mo","Female",1,"Child",3,7,7,3.5,3.5,1,0,0,1,0,0,0,0,0,0,0,0,"3-4","<4y"
"874","698-1","Rural","10-14y","Female",10,"Student",4,12.5,14.5,11,12.5,1,1,1,1,1,1,1,1,1,1,1,1,"3-4","10-19y"
"875","699-1","Rural","10-14y","Male",15,"Student",4,14.5,14.5,9.5,9.5,1,1,1,1,1,1,1,1,1,1,1,1,"3-4","10-19y"
"876","7-1","Urban","60+y","Female",62,"Unskilled laborer",5,11.5,9.5,7.5,5.5,1,1,1,1,1,0,1,1,1,1,1,0,"5-6","60+y"
"877","70-1","Rural","40-59y","Male",60,"Farmer/ Clerk/ Shopkeeper",3,2,3.5,1,2.5,0,0,0,0,0,0,0,0,0,0,0,0,"3-4","50-59y"
"878","70-2","Rural","<6mo","Female",0,"Child",4,3.5,3.5,2,2,0,0,0,0,0,0,0,0,0,0,0,0,"3-4","<4y"
"879","700-1","Urban","5-9y","Female",8,"Student",10,13.5,12.5,7,7,1,1,1,1,1,1,1,1,1,1,1,1,"7+","5-9y"
"880","700-2","Urban","6-11mo","Male",1,"Child",3,6,6,3,3,0,0,0,0,0,0,0,0,0,0,0,0,"3-4","<4y"
"881","701-1","Urban","5-9y","Female",6,"Student",10,13.5,11.5,7,6,1,1,1,1,1,1,1,1,1,1,1,0,"7+","5-9y"
"882","702-1","Rural","15-19y","Female",18,"Student",13,12,13,6,7,1,1,1,1,1,1,1,1,0,1,1,1,"7+","10-19y"
"883","703-1","Rural","10-14y","Male",13,"Student",13,13,14.5,6.5,8,1,1,1,1,1,1,1,1,1,1,1,1,"7+","10-19y"
"884","703-2","Urban","<6mo","Male",0,"Child",5,3,3,1.5,1.5,0,0,0,0,0,0,0,0,0,0,0,0,"5-6","<4y"
"885","704-1","Rural","60+y","Male",62,"Semiskilled laborer",4,5.5,6,3,3,0,0,0,0,0,0,0,0,0,0,0,0,"3-4","60+y"
"886","705-1","Urban","20-29y","Female",29,"Child",5,4.5,4.5,2.5,2.5,0,0,0,0,0,0,0,0,0,0,0,0,"5-6","20-29y"
"887","706-1","Urban","15-19y","Female",17,"Student",5,9,7,5.5,4,1,1,0,1,0,0,1,1,0,1,0,0,"5-6","10-19y"
"888","707-1","Urban","20-29y","Female",21,"Child",7,7,6.5,4.5,4,1,0,0,0,0,0,1,0,0,1,0,0,"7+","20-29y"
"889","708-1","Rural","15-19y","Male",18,"Student",7,9,9,5,5,1,1,0,1,1,0,1,1,0,1,0,0,"7+","10-19y"
"890","708-2","Urban","<6mo","Male",0,"Child",5,8,8,4,4,1,0,0,1,0,0,1,0,0,1,0,0,"5-6","<4y"
"891","709-1","Urban","10-14y","Female",11,"Student",7,10,6,5,3,1,1,0,0,0,0,1,1,0,0,0,0,"7+","10-19y"
"892","71-1","Rural","30-39y","Male",34,"Unemployed adult",3,2,5,1,4,0,0,0,0,0,0,0,0,0,1,0,0,"3-4","30-39y"
"893","710-1","Urban","30-39y","Female",31,"Child",3,2.5,2.5,1.5,1.5,0,0,0,0,0,0,0,0,0,0,0,0,"3-4","30-39y"
"894","711-1","Rural","30-39y","Male",33,"Semiskilled laborer",3,6,4,3,2,0,0,0,0,0,0,0,0,0,0,0,0,"3-4","30-39y"
"895","712-1","Rural","15-19y","Male",17,"Student",3,7.5,8.5,5,6,1,0,0,1,0,0,1,1,0,1,1,0,"3-4","10-19y"
"896","713-1","Rural","10-14y","Male",10,"Student",8,7.5,9.5,4,5,1,0,0,1,1,0,1,0,0,1,0,0,"7+","10-19y"
"897","714-1","Rural","10-14y","Male",11,"Student",8,12,12,6,6,1,1,1,1,1,1,1,1,0,1,1,0,"7+","10-19y"
"898","715-1","Rural","5-9y","Male",7,"Student",5,10,12.5,5,6,1,1,0,1,1,1,1,1,0,1,1,0,"5-6","5-9y"
"899","716-1","Rural","15-19y","Male",18,"Unemployed adult",5,5,7,3.5,4.5,0,0,0,1,0,0,0,0,0,1,0,0,"5-6","10-19y"
"900","717-1","Rural","15-19y","Female",16,"Student",5,16.5,16.5,8,8,1,1,1,1,1,1,1,1,1,1,1,1,"5-6","10-19y"
"901","718-1","Urban","5-9y","Female",10,"Student",6,7.5,6.5,4,3,1,0,0,0,0,0,1,0,0,0,0,0,"5-6","5-9y"
"902","719-1","Urban","10-14y","Female",14,"Student",3,5,3,2.5,1.5,0,0,0,0,0,0,0,0,0,0,0,0,"3-4","10-19y"
"903","72-1","Rural","30-39y","Female",36,"Unemployed adult",4,3,3.5,1.5,2,0,0,0,0,0,0,0,0,0,0,0,0,"3-4","30-39y"
"904","720-1","Urban","10-14y","Female",13,"Student",4,5.5,4,3,2.5,0,0,0,0,0,0,0,0,0,0,0,0,"3-4","10-19y"
"905","721-1","Urban","20-29y","Female",25,"Child",8,8,7.5,4.5,4,1,0,0,1,0,0,1,0,0,1,0,0,"7+","20-29y"
"906","722-1","Rural","30-39y","Female",35,"Child",NA,5,6,2.5,3.5,0,0,0,0,0,0,0,0,0,0,0,0,NA,"30-39y"
"907","723-1","Rural","30-39y","Female",32,"Farmer/ Clerk/ Shopkeeper",NA,3,3,1.5,1.5,0,0,0,0,0,0,0,0,0,0,0,0,NA,"30-39y"
"908","724-1","Urban","15-19y","Female",18,"Student",6,13,13,7,7,1,1,1,1,1,1,1,1,1,1,1,1,"5-6","10-19y"
"909","725-1","Urban","30-39y","Female",37,"Child",3,3,4,1.5,2,0,0,0,0,0,0,0,0,0,0,0,0,"3-4","30-39y"
"910","725-2","Urban","<6mo","Female",0,"Child",5,4,4,2,2,0,0,0,0,0,0,0,0,0,0,0,0,"5-6","<4y"
"911","726-1","Rural","5-9y","Male",7,"Student",4,5,5,3.5,3.5,0,0,0,0,0,0,0,0,0,0,0,0,"3-4","5-9y"
"912","727-1","Rural","20-29y","Male",28,"Semiskilled laborer",3,3,2,1.5,1,0,0,0,0,0,0,0,0,0,0,0,0,"3-4","20-29y"
"913","728-1","Rural","20-29y","Female",26,"Child",5,3,3,1.5,1.5,0,0,0,0,0,0,0,0,0,0,0,0,"5-6","20-29y"
"914","729-1","Urban","10-14y","Female",13,"Student",5,8,8,4.5,4.5,1,0,0,1,0,0,1,0,0,1,0,0,"5-6","10-19y"
"915","729-2","Urban","<6mo","Female",0,"Child",6,5,5,2.5,2.5,0,0,0,0,0,0,0,0,0,0,0,0,"5-6","<4y"
"916","73-1","Urban","40-59y","Female",52,"Unskilled laborer",2,3.5,3.5,2.5,2.5,0,0,0,0,0,0,0,0,0,0,0,0,"2","50-59y"
"917","730-1","Urban","10-14y","Female",13,"Student",4,6.5,4,4,2.5,0,0,0,0,0,0,1,0,0,0,0,0,"3-4","10-19y"
"918","731-1","Urban","5-9y","Female",8,"Student",5,7,8,4,5,1,0,0,1,0,0,1,0,0,1,0,0,"5-6","5-9y"
"919","732-1","Urban","5-9y","Female",10,"Student",5,8,8,4.5,4,1,0,0,1,0,0,1,0,0,1,0,0,"5-6","5-9y"
"920","733-1","Rural","10-14y","Male",14,"Student",4,7,7,5,5,1,0,0,1,0,0,1,1,0,1,0,0,"3-4","10-19y"
"921","734-1","Urban","30-39y","Female",30,"Semiskilled laborer",4,11,11,6,6,1,1,1,1,1,1,1,1,0,1,1,0,"3-4","30-39y"
"922","734-2","Urban","<6mo","Male",0,"Child",4,3,3,1.5,1.5,0,0,0,0,0,0,0,0,0,0,0,0,"3-4","<4y"
"923","735-1","Urban","10-14y","Female",13,"Student",5,9.5,9.5,5,5,1,1,0,1,1,0,1,1,0,1,0,0,"5-6","10-19y"
"924","736-1","Urban","15-19y","Female",16,"Student",7,13,13,6.5,6.5,1,1,1,1,1,1,1,1,1,1,1,0,"7+","10-19y"
"925","737-1","Urban","15-19y","Male",16,"Student",5,11,11,5.5,5.5,1,1,1,1,1,1,1,1,0,1,1,0,"5-6","10-19y"
"926","737-2","Urban","<6mo","Female",0,"Child",3,2,5,1,2.5,0,0,0,0,0,0,0,0,0,0,0,0,"3-4","<4y"
"927","738-1","Urban","10-14y","Female",10,"Student",5,4,4,2,2,0,0,0,0,0,0,0,0,0,0,0,0,"5-6","10-19y"
"928","738-2","Urban","<6mo","Male",0,"Child",6,6,6,3,3,0,0,0,0,0,0,0,0,0,0,0,0,"5-6","<4y"
"929","739-1","Urban","15-19y","Female",16,"Student",6,7,7,3.5,3.5,1,0,0,1,0,0,0,0,0,0,0,0,"5-6","10-19y"
"930","74-1","Urban","40-59y","Female",57,"Unemployed adult",2,5.5,5.5,3.5,3.5,0,0,0,0,0,0,0,0,0,0,0,0,"2","50-59y"
"931","740-1","Rural","30-39y","Female",38,"Farmer/ Clerk/ Shopkeeper",NA,5,5,3.5,3.5,0,0,0,0,0,0,0,0,0,0,0,0,NA,"30-39y"
"932","741-1","Urban","20-29y","Male",30,"Semiskilled laborer",6,7,7.5,4.5,5,1,0,0,1,0,0,1,0,0,1,0,0,"5-6","20-29y"
"933","741-2","Urban","<6mo","Male",0,"Child",5,6,6,3,3,0,0,0,0,0,0,0,0,0,0,0,0,"5-6","<4y"
"934","742-1","Urban","15-19y","Male",19,"Unemployed adult",5,9,9,4.5,4.5,1,1,0,1,1,0,1,0,0,1,0,0,"5-6","10-19y"
"935","743-1","Urban","15-19y","Male",16,"Student",5,7.5,7.5,5.5,5.5,1,0,0,1,0,0,1,1,0,1,1,0,"5-6","10-19y"
"936","744-1","Urban","20-29y","Male",20,"Student",5,9,9,4.5,4.5,1,1,0,1,1,0,1,0,0,1,0,0,"5-6","20-29y"
"937","744-2","Urban","6-11mo","Male",1,"Child",4,3,8,1.5,4,0,0,0,1,0,0,0,0,0,1,0,0,"3-4","<4y"
"938","745-1","Urban","15-19y","Female",19,"Child",4,7.5,7.5,4.5,4.5,1,0,0,1,0,0,1,0,0,1,0,0,"3-4","10-19y"
"939","746-1","Urban","10-14y","Female",12,"Student",6,15,15,11.5,11.5,1,1,1,1,1,1,1,1,1,1,1,1,"5-6","10-19y"
"940","747-1","Urban","30-39y","Female",40,"Child",4,8,8,4.5,4.5,1,0,0,1,0,0,1,0,0,1,0,0,"3-4","30-39y"
"941","747-2","Urban","<6mo","Female",0,"Child",4,7.5,8,4,4,1,0,0,1,0,0,1,0,0,1,0,0,"3-4","<4y"
"942","748-1","Urban","15-19y","Female",17,"Student",4,6,6,3.5,3.5,0,0,0,0,0,0,0,0,0,0,0,0,"3-4","10-19y"
"943","749-1","Urban","15-19y","Male",20,"Skilled laborer",4,5,3.5,2.5,2,0,0,0,0,0,0,0,0,0,0,0,0,"3-4","10-19y"
"944","75-1","Urban","30-39y","Male",40,"Farmer/ Clerk/ Shopkeeper",6,8.5,6.5,5,3.5,1,1,0,0,0,0,1,1,0,0,0,0,"5-6","30-39y"
"945","75-2","Rural","<6mo","Male",0,"Child",5,5,5,2.5,2.5,0,0,0,0,0,0,0,0,0,0,0,0,"5-6","<4y"
"946","750-1","Urban","15-19y","Female",19,"Unskilled laborer",8,8.5,7.5,4.5,4,1,1,0,1,0,0,1,0,0,1,0,0,"7+","10-19y"
"947","751-1","Rural","20-29y","Male",21,"Unskilled laborer",NA,3.5,4,2,2.5,0,0,0,0,0,0,0,0,0,0,0,0,NA,"20-29y"
"948","751-2","Urban","<6mo","Female",0,"Child",6,4,4,2,2,0,0,0,0,0,0,0,0,0,0,0,0,"5-6","<4y"
"949","753-1","Rural","20-29y","Male",21,"Unemployed adult",4,4.5,4.5,2.5,2.5,0,0,0,0,0,0,0,0,0,0,0,0,"3-4","20-29y"
"950","754-1","Rural","15-19y","Male",17,"Student",4,5,5.5,3.5,3.5,0,0,0,0,0,0,0,0,0,0,0,0,"3-4","10-19y"
"951","755-1","Rural","10-14y","Male",13,"Student",4,14,14,7,7,1,1,1,1,1,1,1,1,1,1,1,1,"3-4","10-19y"
"952","755-2","Urban","6-11mo","Male",1,"Child",4,5,5,2.5,2.5,0,0,0,0,0,0,0,0,0,0,0,0,"3-4","<4y"
"953","756-1","Urban","30-39y","Female",35,"Child",4,5,5,2.5,2.5,0,0,0,0,0,0,0,0,0,0,0,0,"3-4","30-39y"
"954","757-1","Urban","10-14y","Female",12,"Student",4,11,11,5.5,5.5,1,1,1,1,1,1,1,1,0,1,1,0,"3-4","10-19y"
"955","758-1","Urban","15-19y","Female",16,"Student",5,11,11,5.5,5.5,1,1,1,1,1,1,1,1,0,1,1,0,"5-6","10-19y"
"956","759-1","Urban","30-39y","Female",34,"Child",5,5.5,5.5,3.5,3.5,0,0,0,0,0,0,0,0,0,0,0,0,"5-6","30-39y"
"957","76-1","Urban","40-59y","Female",55,"Unemployed adult",4,5.5,5.5,3,3,0,0,0,0,0,0,0,0,0,0,0,0,"3-4","50-59y"
"958","760-1","Rural","10-14y","Female",15,"Student",5,9.5,9.5,6.5,6.5,1,1,0,1,1,0,1,1,1,1,1,0,"5-6","10-19y"
"959","761-1","Rural","10-14y","Female",12,"Student",7,7.5,7.5,4.5,4.5,1,0,0,1,0,0,1,0,0,1,0,0,"7+","10-19y"
"960","761-2","Urban","<6mo","Female",0,"Child",5,5,5,2.5,2.5,0,0,0,0,0,0,0,0,0,0,0,0,"5-6","<4y"
"961","762-1","Rural","10-14y","Female",13,"Student",4,6.5,6.5,3.5,3.5,0,0,0,0,0,0,0,0,0,0,0,0,"3-4","10-19y"
"962","763-1","Rural","30-39y","Female",31,"Child",4,10,10,7,7,1,1,0,1,1,0,1,1,1,1,1,1,"3-4","30-39y"
"963","764-1","Rural","1-4y","Female",1,"Child",7,6,6,3,3,0,0,0,0,0,0,0,0,0,0,0,0,"7+","<4y"
"964","764-2","Urban","6-11mo","Male",1,"Child",4,5,5,2.5,2.5,0,0,0,0,0,0,0,0,0,0,0,0,"3-4","<4y"
"965","765-1","Rural","15-19y","Female",16,"Student",5,9,10,7,8,1,1,0,1,1,0,1,1,1,1,1,1,"5-6","10-19y"
"966","766-1","Rural","15-19y","Female",16,"Student",5,12.5,12.5,9.5,9.5,1,1,1,1,1,1,1,1,1,1,1,1,"5-6","10-19y"
"967","767-1","Rural","1-4y","Male",2,"Child",7,6,6,3,3,0,0,0,0,0,0,0,0,0,0,0,0,"7+","<4y"
"968","767-2","Rural","6-11mo","Female",1,"Child",NA,7,7,3.5,3.5,1,0,0,1,0,0,0,0,0,0,0,0,NA,"<4y"
"969","768-1","Urban","15-19y","Female",19,"Unemployed adult",4,3.5,3,2,1.5,0,0,0,0,0,0,0,0,0,0,0,0,"3-4","10-19y"
"970","769-1","Urban","20-29y","Female",27,"Child",2,2.5,2,1.5,1.5,0,0,0,0,0,0,0,0,0,0,0,0,"2","20-29y"
"971","77-1","Urban","40-59y","Female",52,"Child",5,8,6,4.5,3.5,1,0,0,0,0,0,1,0,0,0,0,0,"5-6","50-59y"
"972","770-1","Urban","5-9y","Female",10,"Student",5,7,7,4.5,4.5,1,0,0,1,0,0,1,0,0,1,0,0,"5-6","5-9y"
"973","770-2","Rural","6-11mo","Male",1,"Child",NA,5.5,5.5,3.5,3.5,0,0,0,0,0,0,0,0,0,0,0,0,NA,"<4y"
"974","771-1","Rural","20-29y","Female",21,"Farmer/ Clerk/ Shopkeeper",NA,4,4,2.5,2.5,0,0,0,0,0,0,0,0,0,0,0,0,NA,"20-29y"
"975","772-1","Rural","30-39y","Female",32,"Child",NA,4,4,2.5,2.5,0,0,0,0,0,0,0,0,0,0,0,0,NA,"30-39y"
"976","773-1","Urban","20-29y","Female",28,"Child",5,8,8,4,4,1,0,0,1,0,0,1,0,0,1,0,0,"5-6","20-29y"
"977","773-2","Rural","6-11mo","Male",1,"Child",NA,4,4,2,2,0,0,0,0,0,0,0,0,0,0,0,0,NA,"<4y"
"978","774-1","Urban","10-14y","Female",13,"Student",5,9,9,6.5,6.5,1,1,0,1,1,0,1,1,1,1,1,0,"5-6","10-19y"
"979","775-1","Urban","15-19y","Female",16,"Student",4,11,11,5.5,5.5,1,1,1,1,1,1,1,1,0,1,1,0,"3-4","10-19y"
"980","776-1","Urban","10-14y","Female",10,"Student",4,9,11,4.5,5.5,1,1,0,1,1,1,1,0,0,1,1,0,"3-4","10-19y"
"981","776-2","Rural","6-11mo","Female",1,"Child",6,5,5,2.5,2.5,0,0,0,0,0,0,0,0,0,0,0,0,"5-6","<4y"
"982","777-1","Rural","10-14y","Male",12,"Student",4,10.5,12,7,8,1,1,1,1,1,1,1,1,1,1,1,1,"3-4","10-19y"
"983","778-1","Rural","5-9y","Female",7,"Student",4,7,8,5,6,1,0,0,1,0,0,1,1,0,1,1,0,"3-4","5-9y"
"984","779-1","Rural","1-4y","Female",2,"Child",4,8,8,4,4,1,0,0,1,0,0,1,0,0,1,0,0,"3-4","<4y"
"985","78-1","Urban","40-59y","Female",47,"Skilled laborer",3,5,4.5,3,2.5,0,0,0,0,0,0,0,0,0,0,0,0,"3-4","40-49y"
"986","780-1","Rural","20-29y","Female",23,"Student",NA,11.5,10.5,9.5,9,1,1,1,1,1,0,1,1,1,1,1,1,NA,"20-29y"
"987","781-1","Urban","15-19y","Female",16,"Student",5,7.5,8.5,4.5,5,1,0,0,1,0,0,1,0,0,1,0,0,"5-6","10-19y"
"988","781-2","Rural","6-11mo","Female",1,"Child",NA,9,9,5.5,5.5,1,1,0,1,1,0,1,1,0,1,1,0,NA,"<4y"
"989","782-1","Urban","15-19y","Female",15,"Student",5,10,9.5,5.5,5,1,1,0,1,1,0,1,1,0,1,0,0,"5-6","10-19y"
"990","783-1","Rural","20-29y","Female",23,"Professional",NA,4.5,12,2,9.5,0,0,0,1,1,1,0,0,0,1,1,1,NA,"20-29y"
"991","784-1","Urban","30-39y","Male",39,"Semiskilled laborer",4,9.5,9.5,5.5,5.5,1,1,0,1,1,0,1,1,0,1,1,0,"3-4","30-39y"
"992","784-2","Rural","6-11mo","Male",1,"Child",NA,6,6,3,3,0,0,0,0,0,0,0,0,0,0,0,0,NA,"<4y"
"993","785-1","Urban","5-9y","Female",8,"Student",4,10,10,5.5,5.5,1,1,0,1,1,0,1,1,0,1,1,0,"3-4","5-9y"
"994","786-1","Urban","15-19y","Female",18,"Student",4,9,9,4.5,4.5,1,1,0,1,1,0,1,0,0,1,0,0,"3-4","10-19y"
"995","787-1","Urban","15-19y","Male",15,"Student",7,11,11,5.5,5.5,1,1,1,1,1,1,1,1,0,1,1,0,"7+","10-19y"
"996","787-2","Urban","6-11mo","Male",1,"Child",5,4.5,4.5,2.5,2.5,0,0,0,0,0,0,0,0,0,0,0,0,"5-6","<4y"
"997","788-1","Urban","5-9y","Female",6,"Student",5,4.5,5.5,2.5,3,0,0,0,0,0,0,0,0,0,0,0,0,"5-6","5-9y"
"998","789-1","Urban","30-39y","Male",32,"Semiprofessional",5,19,19,9.5,9.5,1,1,1,1,1,1,1,1,1,1,1,1,"5-6","30-39y"
"999","79-1","Rural","20-29y","Male",20,"Student",4,8,8,4,4,1,0,0,1,0,0,1,0,0,1,0,0,"3-4","20-29y"
"1000","790-1","Urban","5-9y","Female",7,"Student",5,6,6,3,3,0,0,0,0,0,0,0,0,0,0,0,0,"5-6","5-9y"
"1001","790-2","Urban","<6mo","Female",0,"Child",3,8.5,9,4,4.5,1,1,0,1,1,0,1,0,0,1,0,0,"3-4","<4y"
"1002","791-1","Urban","15-19y","Female",18,"Student",7,12,12,6,6,1,1,1,1,1,1,1,1,0,1,1,0,"7+","10-19y"
"1003","792-1","Urban","15-19y","Female",19,"Child",4,6.5,6.5,5,5,0,0,0,0,0,0,1,1,0,1,0,0,"3-4","10-19y"
"1004","792-2","Urban","<6mo","Female",0,"Child",3,6,6,3,3,0,0,0,0,0,0,0,0,0,0,0,0,"3-4","<4y"
"1005","793-1","Urban","20-29y","Female",22,"Student",3,5.5,5.5,3,3,0,0,0,0,0,0,0,0,0,0,0,0,"3-4","20-29y"
"1006","794-1","Urban","10-14y","Female",14,"Student",4,8,8,4,4,1,0,0,1,0,0,1,0,0,1,0,0,"3-4","10-19y"
"1007","794-2","Urban","<6mo","Female",0,"Child",3,6,6,3,3,0,0,0,0,0,0,0,0,0,0,0,0,"3-4","<4y"
"1008","795-1","Urban","20-29y","Female",26,"Child",7,9,9,5,5,1,1,0,1,1,0,1,1,0,1,0,0,"7+","20-29y"
"1009","796-1","Urban","15-19y","Male",16,"Student",4,9,9,5,5,1,1,0,1,1,0,1,1,0,1,0,0,"3-4","10-19y"
"1010","797-1","Urban","5-9y","Male",8,"Student",4,9,10,4.5,5,1,1,0,1,1,0,1,0,0,1,0,0,"3-4","5-9y"
"1011","797-2","Urban","<6mo","Female",0,"Child",5,7,7,3.5,3.5,1,0,0,1,0,0,0,0,0,0,0,0,"5-6","<4y"
"1012","798-1","Urban","5-9y","Female",9,"Student",6,11,12,5.5,6,1,1,1,1,1,1,1,1,0,1,1,0,"5-6","5-9y"
"1013","799-1","Urban","30-39y","Male",36,"Unskilled laborer",4,7,7,3.5,3.5,1,0,0,1,0,0,0,0,0,0,0,0,"3-4","30-39y"
"1014","8-1","Urban","60+y","Female",67,"Child",2,1,2,0.5,1,0,0,0,0,0,0,0,0,0,0,0,0,"2","60+y"
"1015","80-1","Rural","20-29y","Female",28,"Farmer/ Clerk/ Shopkeeper",4,6.5,8,5.5,6.5,0,0,0,1,0,0,1,1,0,1,1,0,"3-4","20-29y"
"1016","800-1","Urban","20-29y","Male",26,"Unskilled laborer",5,9,9,4.5,4.5,1,1,0,1,1,0,1,0,0,1,0,0,"5-6","20-29y"
"1017","801-1","Urban","10-14y","Male",14,"Student",6,9,9,4.5,4.5,1,1,0,1,1,0,1,0,0,1,0,0,"5-6","10-19y"
"1018","802-1","Urban","30-39y","Male",38,"Unskilled laborer",3,7,7,3.5,3.5,1,0,0,1,0,0,0,0,0,0,0,0,"3-4","30-39y"
"1019","803-1","Rural","30-39y","Female",30,"Child",5,3,3,1.5,1.5,0,0,0,0,0,0,0,0,0,0,0,0,"5-6","30-39y"
"1020","804-1","Urban","10-14y","Female",14,"Student",6,15,14.5,7.5,7,1,1,1,1,1,1,1,1,1,1,1,1,"5-6","10-19y"
"1021","805-1","Urban","5-9y","Female",8,"Student",4,6,6,3,3,0,0,0,0,0,0,0,0,0,0,0,0,"3-4","5-9y"
"1022","806-1","Urban","5-9y","Female",6,"Student",4,5,5,2.5,2.5,0,0,0,0,0,0,0,0,0,0,0,0,"3-4","5-9y"
"1023","807-1","Rural","<6mo","Male",0,"Child",5,5,5,2.5,2.5,0,0,0,0,0,0,0,0,0,0,0,0,"5-6","<4y"
"1024","808-1","Rural","1-4y","Female",1,"Child",3,3,5,1.5,2.5,0,0,0,0,0,0,0,0,0,0,0,0,"3-4","<4y"
"1025","809-1","Rural","5-9y","Male",8,"Student",9,10.5,10.5,6.5,6.5,1,1,1,1,1,0,1,1,1,1,1,0,"7+","5-9y"
"1026","81-1","Rural","40-59y","Male",46,"Farmer/ Clerk/ Shopkeeper",6,6.5,6.5,4,4,0,0,0,0,0,0,1,0,0,1,0,0,"5-6","40-49y"
"1027","810-1","Rural","5-9y","Female",7,"Student",5,12,12,6,6,1,1,1,1,1,1,1,1,0,1,1,0,"5-6","5-9y"
"1028","811-1","Urban","6-11mo","Male",1,"Child",12,8,8,4.5,4.5,1,0,0,1,0,0,1,0,0,1,0,0,"7+","<4y"
"1029","812-1","Urban","1-4y","Female",4,"Child",8,5.5,5.5,3,3,0,0,0,0,0,0,0,0,0,0,0,0,"7+","<4y"
"1030","813-1","Urban","15-19y","Female",17,"Student",3,6,6,5,5,0,0,0,0,0,0,1,1,0,1,0,0,"3-4","10-19y"
"1031","814-1","Urban","10-14y","Female",12,"Student",3,4.5,4.5,3.5,3.5,0,0,0,0,0,0,0,0,0,0,0,0,"3-4","10-19y"
"1032","815-1","Urban","10-14y","Male",13,"Student",6,8.5,11.5,5.5,7,1,1,0,1,1,1,1,1,0,1,1,1,"5-6","10-19y"
"1033","816-1","Urban","10-14y","Male",13,"Student",5,9,9,5.5,5.5,1,1,0,1,1,0,1,1,0,1,1,0,"5-6","10-19y"
"1034","817-1","Urban","5-9y","Male",8,"Student",5,9,9,5,5,1,1,0,1,1,0,1,1,0,1,0,0,"5-6","5-9y"
"1035","818-1","Rural","30-39y","Female",32,"Child",NA,4.5,5,3,3,0,0,0,0,0,0,0,0,0,0,0,0,NA,"30-39y"
"1036","819-1","Rural","30-39y","Female",30,"Child",NA,6.5,6.5,3.5,3.5,0,0,0,0,0,0,0,0,0,0,0,0,NA,"30-39y"
"1037","82-1","Rural","40-59y","Male",48,"Farmer/ Clerk/ Shopkeeper",9,8,10,4,5.5,1,0,0,1,1,0,1,0,0,1,1,0,"7+","40-49y"
"1038","820-1","Rural","<6mo","Male",0,"Child",5,4,4,2,2,0,0,0,0,0,0,0,0,0,0,0,0,"5-6","<4y"
"1039","821-1","Rural","<6mo","Male",0,"Child",4,4,4,2.5,2.5,0,0,0,0,0,0,0,0,0,0,0,0,"3-4","<4y"
"1040","822-1","Rural","30-39y","Female",38,"Child",6,9,9,4.5,4.5,1,1,0,1,1,0,1,0,0,1,0,0,"5-6","30-39y"
"1041","824-1","Rural","1-4y","Female",1,"Child",4,3,3,1.5,1.5,0,0,0,0,0,0,0,0,0,0,0,0,"3-4","<4y"
"1042","825-1","Rural","15-19y","Female",15,"Student",5,12.5,13,6,6.5,1,1,1,1,1,1,1,1,0,1,1,0,"5-6","10-19y"
"1043","826-1","Rural","5-9y","Male",8,"Student",5,4,4,2,2,0,0,0,0,0,0,0,0,0,0,0,0,"5-6","5-9y"
"1044","827-1","Rural","<6mo","Male",0,"Child",7,6,6,3,3,0,0,0,0,0,0,0,0,0,0,0,0,"7+","<4y"
"1045","828-1","Rural","<6mo","Female",0,"Child",5,6,6,3,3,0,0,0,0,0,0,0,0,0,0,0,0,"5-6","<4y"
"1046","829-1","Rural","1-4y","Male",3,"Child",6,5,5.5,2.5,3,0,0,0,0,0,0,0,0,0,0,0,0,"5-6","<4y"
"1047","83-1","Rural","30-39y","Male",35,"Unskilled laborer",4,3.5,5,2,3,0,0,0,0,0,0,0,0,0,0,0,0,"3-4","30-39y"
"1048","830-1","Rural","5-9y","Male",9,"Student",NA,7,7,3.5,3.5,1,0,0,1,0,0,0,0,0,0,0,0,NA,"5-9y"
"1049","831-1","Rural","5-9y","Male",8,"Student",NA,4.5,4.5,3,3,0,0,0,0,0,0,0,0,0,0,0,0,NA,"5-9y"
"1050","832-1","Rural","<6mo","Female",0,"Child",NA,3,3,1.5,1.5,0,0,0,0,0,0,0,0,0,0,0,0,NA,"<4y"
"1051","833-1","Urban","20-29y","Female",27,"Semiprofessional",4,6,4,3,2,0,0,0,0,0,0,0,0,0,0,0,0,"3-4","20-29y"
"1052","834-1","Urban","10-14y","Female",15,"Student",4,7,7,3.5,3.5,1,0,0,1,0,0,0,0,0,0,0,0,"3-4","10-19y"
"1053","835-1","Urban","10-14y","Male",11,"Student",4,11,11,5.5,5.5,1,1,1,1,1,1,1,1,0,1,1,0,"3-4","10-19y"
"1054","836-1","Urban","20-29y","Female",24,"Semiprofessional",6,8,7.5,4,4,1,0,0,1,0,0,1,0,0,1,0,0,"5-6","20-29y"
"1055","837-1","Rural","5-9y","Female",9,"Student",5,6.5,6.5,4.5,4.5,0,0,0,0,0,0,1,0,0,1,0,0,"5-6","5-9y"
"1056","838-1","Rural","15-19y","Female",17,"Student",5,5,6,3.5,4.5,0,0,0,0,0,0,0,0,0,1,0,0,"5-6","10-19y"
"1057","839-1","Rural","5-9y","Female",8,"Student",5,4,4,2,2,0,0,0,0,0,0,0,0,0,0,0,0,"5-6","5-9y"
"1058","84-1","Urban","30-39y","Female",33,"Semiskilled laborer",4,5,5,2.5,2.5,0,0,0,0,0,0,0,0,0,0,0,0,"3-4","30-39y"
"1059","84-2","Rural","<6mo","Male",0,"Child",6,5,5,2.5,2.5,0,0,0,0,0,0,0,0,0,0,0,0,"5-6","<4y"
"1060","840-1","Rural","15-19y","Female",15,"Student",4,9,9,5.5,5.5,1,1,0,1,1,0,1,1,0,1,1,0,"3-4","10-19y"
"1061","841-1","Rural","15-19y","Female",15,"Student",NA,4.5,4.5,3,3,0,0,0,0,0,0,0,0,0,0,0,0,NA,"10-19y"
"1062","842-1","Rural","15-19y","Female",15,"Student",NA,5,5,2.5,2.5,0,0,0,0,0,0,0,0,0,0,0,0,NA,"10-19y"
"1063","843-1","Rural","1-4y","Male",3,"Child",4,4.5,5,2,2.5,0,0,0,0,0,0,0,0,0,0,0,0,"3-4","<4y"
"1064","844-1","Rural","5-9y","Female",7,"Student",4,9.5,9.5,7.5,7.5,1,1,0,1,1,0,1,1,1,1,1,1,"3-4","5-9y"
"1065","845-1","Rural","5-9y","Female",6,"Student",6,12.5,16.5,6,8,1,1,1,1,1,1,1,1,0,1,1,1,"5-6","5-9y"
"1066","846-1","Rural","1-4y","Female",2,"Child",6,12,14,6,7,1,1,1,1,1,1,1,1,0,1,1,1,"5-6","<4y"
"1067","847-1","Rural","5-9y","Female",10,"Student",5,15.5,18.5,8,9.5,1,1,1,1,1,1,1,1,1,1,1,1,"5-6","5-9y"
"1068","848-1","Urban","10-14y","Male",12,"Student",4,9.5,10.5,5,5,1,1,0,1,1,0,1,1,0,1,0,0,"3-4","10-19y"
"1069","849-1","Urban","20-29y","Male",20,"Student",5,7.5,8,4,4,1,0,0,1,0,0,1,0,0,1,0,0,"5-6","20-29y"
"1070","85-1","Urban","30-39y","Female",32,"Child",3,2.5,2.5,1.5,1.5,0,0,0,0,0,0,0,0,0,0,0,0,"3-4","30-39y"
"1071","850-1","Urban","10-14y","Male",15,"Student",4,8,9,4,4.5,1,0,0,1,1,0,1,0,0,1,0,0,"3-4","10-19y"
"1072","851-1","Urban","5-9y","Male",6,"Student",4,7,7,3.5,3.5,1,0,0,1,0,0,0,0,0,0,0,0,"3-4","5-9y"
"1073","852-1","Urban","5-9y","Female",8,"Student",4,9,9,4.5,4.5,1,1,0,1,1,0,1,0,0,1,0,0,"3-4","5-9y"
"1074","853-1","Urban","20-29y","Female",29,"Unskilled laborer",4,5,5,3,3,0,0,0,0,0,0,0,0,0,0,0,0,"3-4","20-29y"
"1075","854-1","Urban","15-19y","Male",15,"Student",4,13,13,6.5,6.5,1,1,1,1,1,1,1,1,1,1,1,0,"3-4","10-19y"
"1076","855-1","Rural","15-19y","Female",15,"Student",NA,10.5,10.5,8,8,1,1,1,1,1,0,1,1,1,1,1,1,NA,"10-19y"
"1077","856-1","Rural","15-19y","Female",15,"Student",NA,5.5,5.5,3.5,3.5,0,0,0,0,0,0,0,0,0,0,0,0,NA,"10-19y"
"1078","857-1","Rural","15-19y","Female",16,"Student",4,8.5,9,6,6,1,1,0,1,1,0,1,1,0,1,1,0,"3-4","10-19y"
"1079","858-1","Rural","5-9y","Male",10,"Student",5,7.5,7.5,5.5,5.5,1,0,0,1,0,0,1,1,0,1,1,0,"5-6","5-9y"
"1080","859-1","Rural","5-9y","Female",6,"Student",5,6.5,6.5,4.5,4.5,0,0,0,0,0,0,1,0,0,1,0,0,"5-6","5-9y"
"1081","86-1","Urban","30-39y","Female",34,"Child",6,5.5,5.5,3,3,0,0,0,0,0,0,0,0,0,0,0,0,"5-6","30-39y"
"1082","860-1","Urban","6-11mo","Male",0,"Child",9,5.5,5.5,3,3,0,0,0,0,0,0,0,0,0,0,0,0,"7+","<4y"
"1083","861-1","Urban","1-4y","Female",4,"Child",6,9,9,5,5,1,1,0,1,1,0,1,1,0,1,0,0,"5-6","<4y"
"1084","862-1","Urban","6-11mo","Female",1,"Child",6,5.5,5.5,3,3,0,0,0,0,0,0,0,0,0,0,0,0,"5-6","<4y"
"1085","863-1","Urban","6-11mo","Female",1,"Child",6,4.5,4.5,2.5,2.5,0,0,0,0,0,0,0,0,0,0,0,0,"5-6","<4y"
"1086","864-1","Urban","1-4y","Female",2,"Child",4,7,7,4.5,4.5,1,0,0,1,0,0,1,0,0,1,0,0,"3-4","<4y"
"1087","865-1","Urban","15-19y","Female",18,"Unemployed adult",6,9,9,5,5,1,1,0,1,1,0,1,1,0,1,0,0,"5-6","10-19y"
"1088","866-1","Urban","20-29y","Male",25,"Semiprofessional",5,5.5,5,3,2.5,0,0,0,0,0,0,0,0,0,0,0,0,"5-6","20-29y"
"1089","867-1","Urban","10-14y","Male",12,"Student",6,7,10.5,4.5,7,1,0,0,1,1,0,1,0,0,1,1,1,"5-6","10-19y"
"1090","868-1","Urban","15-19y","Female",18,"Student",6,3,3,1.5,1.5,0,0,0,0,0,0,0,0,0,0,0,0,"5-6","10-19y"
"1091","869-1","Urban","15-19y","Male",15,"Student",6,4,4,2,2,0,0,0,0,0,0,0,0,0,0,0,0,"5-6","10-19y"
"1092","87-1","Rural","20-29y","Female",28,"Child",4,3.5,3.5,2,2,0,0,0,0,0,0,0,0,0,0,0,0,"3-4","20-29y"
"1093","870-1","Urban","10-14y","Female",13,"Student",5,5,5,2.5,2.5,0,0,0,0,0,0,0,0,0,0,0,0,"5-6","10-19y"
"1094","871-1","Urban","10-14y","Male",14,"Student",5,4.5,4.5,3,3,0,0,0,0,0,0,0,0,0,0,0,0,"5-6","10-19y"
"1095","872-1","Urban","10-14y","Male",12,"Student",5,5,5,2.5,2.5,0,0,0,0,0,0,0,0,0,0,0,0,"5-6","10-19y"
"1096","873-1","Urban","5-9y","Male",9,"Student",4,5,5,2.5,2.5,0,0,0,0,0,0,0,0,0,0,0,0,"3-4","5-9y"
"1097","874-1","Urban","5-9y","Female",7,"Student",4,5,5,2.5,2.5,0,0,0,0,0,0,0,0,0,0,0,0,"3-4","5-9y"
"1098","875-1","Urban","10-14y","Female",12,"Student",6,6,6,3,3,0,0,0,0,0,0,0,0,0,0,0,0,"5-6","10-19y"
"1099","876-1","Urban","5-9y","Male",10,"Student",4,7.5,7.5,5.5,5.5,1,0,0,1,0,0,1,1,0,1,1,0,"3-4","5-9y"
"1100","877-1","Urban","<6mo","Male",0,"Child",5,5,5,2.5,2.5,0,0,0,0,0,0,0,0,0,0,0,0,"5-6","<4y"
"1101","878-1","Urban","20-29y","Female",26,"Child",5,6.5,7,3,3.5,0,0,0,1,0,0,0,0,0,0,0,0,"5-6","20-29y"
"1102","879-1","Urban","1-4y","Male",2,"Child",5,7,7,3.5,3.5,1,0,0,1,0,0,0,0,0,0,0,0,"5-6","<4y"
"1103","88-1","Rural","20-29y","Male",24,"Unemployed adult",5,5,6.5,3.5,5,0,0,0,0,0,0,0,0,0,1,0,0,"5-6","20-29y"
"1104","880-1","Urban","20-29y","Female",21,"Child",7,9.5,9.5,5,5,1,1,0,1,1,0,1,1,0,1,0,0,"7+","20-29y"
"1105","881-1","Urban","6-11mo","Female",0,"Child",7,9,9,4.5,4.5,1,1,0,1,1,0,1,0,0,1,0,0,"7+","<4y"
"1106","882-1","Urban","1-4y","Male",3,"Child",6,6,6,3,3,0,0,0,0,0,0,0,0,0,0,0,0,"5-6","<4y"
"1107","883-1","Urban","20-29y","Female",21,"Skilled laborer",3,5,5,2.5,2.5,0,0,0,0,0,0,0,0,0,0,0,0,"3-4","20-29y"
"1108","884-1","Urban","20-29y","Male",25,"Semiskilled laborer",5,8,8,4,4,1,0,0,1,0,0,1,0,0,1,0,0,"5-6","20-29y"
"1109","885-1","Urban","15-19y","Male",20,"Unskilled laborer",5,8,8,4,4,1,0,0,1,0,0,1,0,0,1,0,0,"5-6","10-19y"
"1110","886-1","Urban","20-29y","Male",22,"Unemployed adult",5,9,9,4.5,4.5,1,1,0,1,1,0,1,0,0,1,0,0,"5-6","20-29y"
"1111","887-1","Urban","15-19y","Male",20,"Student",5,9,9,4.5,4.5,1,1,0,1,1,0,1,0,0,1,0,0,"5-6","10-19y"
"1112","888-1","Urban","6-11mo","Male",1,"Child",6,5,5,2.5,2.5,0,0,0,0,0,0,0,0,0,0,0,0,"5-6","<4y"
"1113","889-1","Urban","6-11mo","Female",0,"Child",6,7,7,3.5,3.5,1,0,0,1,0,0,0,0,0,0,0,0,"5-6","<4y"
"1114","89-1","Rural","40-59y","Female",45,"Child",4,4,4,2,2,0,0,0,0,0,0,0,0,0,0,0,0,"3-4","40-49y"
"1115","890-1","Urban","1-4y","Female",2,"Child",6,7,7,3.5,3.5,1,0,0,1,0,0,0,0,0,0,0,0,"5-6","<4y"
"1116","891-1","Rural","15-19y","Female",16,"Student",7,16,16,8,8,1,1,1,1,1,1,1,1,1,1,1,1,"7+","10-19y"
"1117","892-1","Rural","1-4y","Female",1,"Child",7,6,6,3,3,0,0,0,0,0,0,0,0,0,0,0,0,"7+","<4y"
"1118","893-1","Rural","15-19y","Female",17,"Student",5,4,10,2,5,0,0,0,1,1,0,0,0,0,1,0,0,"5-6","10-19y"
"1119","894-1","Rural","15-19y","Female",19,"Unemployed adult",3,6,5.5,3.5,3.5,0,0,0,0,0,0,0,0,0,0,0,0,"3-4","10-19y"
"1120","895-1","Urban","5-9y","Male",7,"Student",6,8,8,4.5,4.5,1,0,0,1,0,0,1,0,0,1,0,0,"5-6","5-9y"
"1121","896-1","Urban","5-9y","Male",6,"Student",6,10,10,5,5,1,1,0,1,1,0,1,1,0,1,0,0,"5-6","5-9y"
"1122","897-1","Urban","15-19y","Male",19,"Skilled laborer",3,6,6,3,3,0,0,0,0,0,0,0,0,0,0,0,0,"3-4","10-19y"
"1123","898-1","Urban","10-14y","Male",12,"Student",5,8,8,5,5,1,0,0,1,0,0,1,1,0,1,0,0,"5-6","10-19y"
"1124","899-1","Urban","30-39y","Male",31,"Unskilled laborer",4,8,8,4,4,1,0,0,1,0,0,1,0,0,1,0,0,"3-4","30-39y"
"1125","9-1","Urban","60+y","Male",76,"Unemployed adult",2,2.5,2.5,1.5,1.5,0,0,0,0,0,0,0,0,0,0,0,0,"2","60+y"
"1126","90-1","Rural","40-59y","Male",59,"Farmer/ Clerk/ Shopkeeper",6,7.5,9.5,5,7,1,0,0,1,1,0,1,1,0,1,1,1,"5-6","50-59y"
"1127","900-1","Urban","20-29y","Female",23,"Child",6,6.5,6.5,3.5,3.5,0,0,0,0,0,0,0,0,0,0,0,0,"5-6","20-29y"
"1128","901-1","Urban","20-29y","Male",22,"Semiskilled laborer",3,4,4,3,3,0,0,0,0,0,0,0,0,0,0,0,0,"3-4","20-29y"
"1129","902-1","Urban","20-29y","Female",22,"Student",4,5.5,5.5,3,3,0,0,0,0,0,0,0,0,0,0,0,0,"3-4","20-29y"
"1130","903-1","Urban","20-29y","Male",29,"Skilled laborer",4,5.5,5.5,3,3,0,0,0,0,0,0,0,0,0,0,0,0,"3-4","20-29y"
"1131","904-1","Urban","15-19y","Female",17,"Student",4,8,8,4,4,1,0,0,1,0,0,1,0,0,1,0,0,"3-4","10-19y"
"1132","905-1","Urban","10-14y","Male",11,"Student",4,9.5,9.5,6.5,6.5,1,1,0,1,1,0,1,1,1,1,1,0,"3-4","10-19y"
"1133","906-1","Urban","20-29y","Female",21,"Child",5,15,15,7.5,7.5,1,1,1,1,1,1,1,1,1,1,1,1,"5-6","20-29y"
"1134","907-1","Urban","5-9y","Male",7,"Student",4,3,3,1.5,1.5,0,0,0,0,0,0,0,0,0,0,0,0,"3-4","5-9y"
"1135","908-1","Urban","15-19y","Male",16,"Student",5,10,10,5,5,1,1,0,1,1,0,1,1,0,1,0,0,"5-6","10-19y"
"1136","909-1","Urban","15-19y","Female",20,"Unemployed adult",4,3,7,1.5,3.5,0,0,0,1,0,0,0,0,0,0,0,0,"3-4","10-19y"
"1137","91-1","Rural","30-39y","Female",33,"Unskilled laborer",6,6.5,7,4,4.5,0,0,0,1,0,0,1,0,0,1,0,0,"5-6","30-39y"
"1138","910-1","Urban","15-19y","Male",19,"Student",4,7,7,4.5,4.5,1,0,0,1,0,0,1,0,0,1,0,0,"3-4","10-19y"
"1139","911-1","Urban","15-19y","Female",20,"Unemployed adult",6,10,10,5,5,1,1,0,1,1,0,1,1,0,1,0,0,"5-6","10-19y"
"1140","912-1","Urban","<6mo","Female",0,"Child",4,1,1,0.5,0.5,0,0,0,0,0,0,0,0,0,0,0,0,"3-4","<4y"
"1141","913-1","Urban","20-29y","Female",29,"Child",6,5,5,2.5,2.5,0,0,0,0,0,0,0,0,0,0,0,0,"5-6","20-29y"
"1142","914-1","Urban","5-9y","Male",7,"Student",4,9,9,4.5,4.5,1,1,0,1,1,0,1,0,0,1,0,0,"3-4","5-9y"
"1143","915-1","Urban","20-29y","Female",21,"Semiskilled laborer",6,9,9,4.5,4.5,1,1,0,1,1,0,1,0,0,1,0,0,"5-6","20-29y"
"1144","916-1","Urban","20-29y","Male",20,"Unemployed adult",6,11,11,6,6,1,1,1,1,1,1,1,1,0,1,1,0,"5-6","20-29y"
"1145","917-1","Urban","20-29y","Female",24,"Child",2,8.5,8,4.5,4,1,1,0,1,0,0,1,0,0,1,0,0,"2","20-29y"
"1146","918-1","Urban","20-29y","Male",29,"Skilled laborer",3,2,3,1,2,0,0,0,0,0,0,0,0,0,0,0,0,"3-4","20-29y"
"1147","919-1","Urban","15-19y","Male",19,"Unemployed adult",5,6.5,7.5,4,4.5,0,0,0,1,0,0,1,0,0,1,0,0,"5-6","10-19y"
"1148","92-1","Rural","30-39y","Female",36,"Skilled laborer",7,8,6,5,3,1,0,0,0,0,0,1,1,0,0,0,0,"7+","30-39y"
"1149","920-1","Urban","10-14y","Male",14,"Student",5,10,10,5,5,1,1,0,1,1,0,1,1,0,1,0,0,"5-6","10-19y"
"1150","921-1","Urban","1-4y","Male",3,"Child",4,6,6,4.5,4.5,0,0,0,0,0,0,1,0,0,1,0,0,"3-4","<4y"
"1151","922-1","Urban","1-4y","Female",3,"Child",6,5,6,2.5,3,0,0,0,0,0,0,0,0,0,0,0,0,"5-6","<4y"
"1152","923-1","Urban","<6mo","Male",0,"Child",6,5,5,2.5,2.5,0,0,0,0,0,0,0,0,0,0,0,0,"5-6","<4y"
"1153","924-1","Urban","15-19y","Male",19,"Unskilled laborer",3,5,5,2.5,2.5,0,0,0,0,0,0,0,0,0,0,0,0,"3-4","10-19y"
"1154","925-1","Urban","5-9y","Male",8,"Student",4,3,3,1.5,1.5,0,0,0,0,0,0,0,0,0,0,0,0,"3-4","5-9y"
"1155","926-1","Urban","15-19y","Male",18,"Student",5,9,9,4.5,4.5,1,1,0,1,1,0,1,0,0,1,0,0,"5-6","10-19y"
"1156","927-1","Urban","15-19y","Male",17,"Student",4,5,8,2.5,4,0,0,0,1,0,0,0,0,0,1,0,0,"3-4","10-19y"
"1157","928-1","Urban","20-29y","Male",25,"Unskilled laborer",4,5,5,2.5,2.5,0,0,0,0,0,0,0,0,0,0,0,0,"3-4","20-29y"
"1158","929-1","Urban","6-11mo","Female",1,"Child",4,5,5,2.5,2.5,0,0,0,0,0,0,0,0,0,0,0,0,"3-4","<4y"
"1159","930-1","Urban","20-29y","Male",23,"Semiskilled laborer",5,11,11,5.5,5.5,1,1,1,1,1,1,1,1,0,1,1,0,"5-6","20-29y"
"1160","931-1","Urban","1-4y","Female",3,"Child",5,4.5,4.5,2.5,2.5,0,0,0,0,0,0,0,0,0,0,0,0,"5-6","<4y"
"1161","932-1","Urban","1-4y","Female",2,"Child",6,5.5,5.5,3,3,0,0,0,0,0,0,0,0,0,0,0,0,"5-6","<4y"
"1162","933-1","Urban","5-9y","Male",7,"Student",6,10,9.5,6.5,6,1,1,0,1,1,0,1,1,1,1,1,0,"5-6","5-9y"
"1163","934-1","Rural","15-19y","Female",17,"Student",NA,5,11,2.5,6.5,0,0,0,1,1,1,0,0,0,1,1,0,NA,"10-19y"
"1164","935-1","Rural","1-4y","Male",1,"Child",NA,4.5,5.5,2,3,0,0,0,0,0,0,0,0,0,0,0,0,NA,"<4y"
"1165","936-1","Rural","15-19y","Female",18,"Student",4,5,5,2.5,2.5,0,0,0,0,0,0,0,0,0,0,0,0,"3-4","10-19y"
"1166","937-1","Rural","15-19y","Female",19,"Student",2,7,5,3.5,2.5,1,0,0,0,0,0,0,0,0,0,0,0,"2","10-19y"
"1167","938-1","Rural","5-9y","Female",7,"Student",4,9,9,4.5,4.5,1,1,0,1,1,0,1,0,0,1,0,0,"3-4","5-9y"
"1168","939-1","Rural","5-9y","Female",7,"Student",7,7.5,7.5,4,4,1,0,0,1,0,0,1,0,0,1,0,0,"7+","5-9y"
"1169","940-1","Rural","5-9y","Female",9,"Student",4,14,15,7.5,8.5,1,1,1,1,1,1,1,1,1,1,1,1,"3-4","5-9y"
"1170","941-1","Rural","15-19y","Female",19,"Student",3,13,13,7.5,7.5,1,1,1,1,1,1,1,1,1,1,1,1,"3-4","10-19y"
"1171","942-1","Rural","6-11mo","Female",1,"Child",4,3,3,1.5,1.5,0,0,0,0,0,0,0,0,0,0,0,0,"3-4","<4y"
"1172","943-1","Rural","1-4y","Male",5,"Child",4,6,8.5,4.5,7,0,0,0,1,0,0,1,0,0,1,1,1,"3-4","<4y"
"1173","944-1","Rural","1-4y","Female",2,"Child",NA,2.5,4.5,1,2.5,0,0,0,0,0,0,0,0,0,0,0,0,NA,"<4y"
"1174","945-1","Rural","1-4y","Male",5,"Child",NA,8,8,4,4,1,0,0,1,0,0,1,0,0,1,0,0,NA,"<4y"
"1175","946-1","Rural","1-4y","Female",4,"Child",4,5.5,7,3,4.5,0,0,0,1,0,0,0,0,0,1,0,0,"3-4","<4y"
"1176","947-1","Rural","1-4y","Female",1,"Child",7,6,6,3,3,0,0,0,0,0,0,0,0,0,0,0,0,"7+","<4y"
"1177","948-1","Rural","<6mo","Female",0,"Child",5,6,7,3,4,0,0,0,1,0,0,0,0,0,1,0,0,"5-6","<4y"
"1178","949-1","Rural","1-4y","Female",3,"Child",NA,3.5,5.5,2,3,0,0,0,0,0,0,0,0,0,0,0,0,NA,"<4y"
"1179","95-1","Rural","40-59y","Female",49,"Semiskilled laborer",1,2,1.5,1,1,0,0,0,0,0,0,0,0,0,0,0,0,"2","40-49y"
"1180","950-1","Rural","<6mo","Female",0,"Child",6,5,5,2.5,2.5,0,0,0,0,0,0,0,0,0,0,0,0,"5-6","<4y"
"1181","952-1","Rural","<6mo","Male",0,"Child",5,4,4,2,2,0,0,0,0,0,0,0,0,0,0,0,0,"5-6","<4y"
"1182","953-1","Rural","1-4y","Female",1,"Child",NA,4,5.5,2,3,0,0,0,0,0,0,0,0,0,0,0,0,NA,"<4y"
"1183","954-1","Rural","1-4y","Female",2,"Child",NA,5.5,7,4,5.5,0,0,0,1,0,0,1,0,0,1,1,0,NA,"<4y"
"1184","955-1","Rural","1-4y","Female",2,"Child",NA,6.5,10.5,4,6,0,0,0,1,1,0,1,0,0,1,1,0,NA,"<4y"
"1185","956-1","Rural","1-4y","Male",3,"Child",5,4,4,2,2,0,0,0,0,0,0,0,0,0,0,0,0,"5-6","<4y"
"1186","957-1","Rural","1-4y","Male",5,"Child",6,6,6,3,3,0,0,0,0,0,0,0,0,0,0,0,0,"5-6","<4y"
"1187","958-1","Rural","6-11mo","Male",1,"Child",5,4,4,2,2,0,0,0,0,0,0,0,0,0,0,0,0,"5-6","<4y"
"1188","959-1","Rural","1-4y","Male",2,"Child",4,6,6,3,3,0,0,0,0,0,0,0,0,0,0,0,0,"3-4","<4y"
"1189","96-1","Rural","40-59y","Female",49,"Child",4,6,6,3.5,3.5,0,0,0,0,0,0,0,0,0,0,0,0,"3-4","40-49y"
"1190","960-1","Rural","1-4y","Female",4,"Child",4,5,5,2.5,2.5,0,0,0,0,0,0,0,0,0,0,0,0,"3-4","<4y"
"1191","961-1","Rural","1-4y","Male",4,"Child",7,8.5,8.5,5.5,5.5,1,1,0,1,0,0,1,1,0,1,1,0,"7+","<4y"
"1192","962-1","Rural","1-4y","Female",2,"Child",5,4,4,2,2,0,0,0,0,0,0,0,0,0,0,0,0,"5-6","<4y"
"1193","963-1","Rural","1-4y","Female",3,"Child",3,8,8,4,4,1,0,0,1,0,0,1,0,0,1,0,0,"3-4","<4y"
"1194","964-1","Rural","1-4y","Male",2,"Child",5,9,9.5,4.5,5,1,1,0,1,1,0,1,0,0,1,0,0,"5-6","<4y"
"1195","965-1","Rural","1-4y","Male",2,"Child",4,8,11,4,5.5,1,0,0,1,1,1,1,0,0,1,1,0,"3-4","<4y"
"1196","966-1","Rural","1-4y","Male",3,"Child",6,12,12,6,6,1,1,1,1,1,1,1,1,0,1,1,0,"5-6","<4y"
"1197","967-1","Rural","<6mo","Female",0,"Child",5,5,5,2.5,2.5,0,0,0,0,0,0,0,0,0,0,0,0,"5-6","<4y"
"1198","968-1","Rural","1-4y","Male",5,"Child",6,5,5,2.5,2.5,0,0,0,0,0,0,0,0,0,0,0,0,"5-6","<4y"
"1199","969-1","Rural","<6mo","Female",0,"Child",6,7,7,3.5,3.5,1,0,0,1,0,0,0,0,0,0,0,0,"5-6","<4y"
"1200","97-1","Rural","15-19y","Male",20,"Student",4,5.5,11,4,8,0,0,0,1,1,1,1,0,0,1,1,1,"3-4","10-19y"
"1201","970-1","Rural","1-4y","Male",3,"Child",6,6,6,3.5,3.5,0,0,0,0,0,0,0,0,0,0,0,0,"5-6","<4y"
"1202","971-1","Urban","15-19y","Male",15,"Student",5,6,6,3,3,0,0,0,0,0,0,0,0,0,0,0,0,"5-6","10-19y"
"1203","972-1","Urban","6-11mo","Female",1,"Child",5,5,7,2.5,3.5,0,0,0,1,0,0,0,0,0,0,0,0,"5-6","<4y"
"1204","973-1","Urban","20-29y","Male",25,"Unskilled laborer",3,8,8,4,4,1,0,0,1,0,0,1,0,0,1,0,0,"3-4","20-29y"
"1205","974-1","Urban","6-11mo","Female",1,"Child",3,5.5,5.5,3,3,0,0,0,0,0,0,0,0,0,0,0,0,"3-4","<4y"
"1206","975-1","Urban","6-11mo","Male",0,"Child",5,4,4,2,2,0,0,0,0,0,0,0,0,0,0,0,0,"5-6","<4y"
"1207","976-1","Urban","<6mo","Female",0,"Child",5,5,5,2.5,2.5,0,0,0,0,0,0,0,0,0,0,0,0,"5-6","<4y"
"1208","977-1","Urban","6-11mo","Female",1,"Child",9,10,10,7,7,1,1,0,1,1,0,1,1,1,1,1,1,"7+","<4y"
"1209","978-1","Urban","<6mo","Female",0,"Child",6,9,9,4.5,4.5,1,1,0,1,1,0,1,0,0,1,0,0,"5-6","<4y"
"1210","979-1","Urban","1-4y","Female",2,"Child",4,5,5,2.5,2.5,0,0,0,0,0,0,0,0,0,0,0,0,"3-4","<4y"
"1211","98-1","Urban","30-39y","Female",38,"Child",4,3.5,3,2,1.5,0,0,0,0,0,0,0,0,0,0,0,0,"3-4","30-39y"
"1212","980-1","Urban","1-4y","Female",4,"Child",11,3.5,5,2,2.5,0,0,0,0,0,0,0,0,0,0,0,0,"7+","<4y"
"1213","981-1","Urban","1-4y","Male",4,"Child",4,6,6,3,3,0,0,0,0,0,0,0,0,0,0,0,0,"3-4","<4y"
"1214","982-1","Urban","1-4y","Male",2,"Child",4,6,6,3,3,0,0,0,0,0,0,0,0,0,0,0,0,"3-4","<4y"
"1215","983-1","Urban","1-4y","Male",1,"Child",4,6,6,3,3,0,0,0,0,0,0,0,0,0,0,0,0,"3-4","<4y"
"1216","984-1","Urban","30-39y","Male",37,"Semiskilled laborer",4,2,2,1,1,0,0,0,0,0,0,0,0,0,0,0,0,"3-4","30-39y"
"1217","985-1","Urban","20-29y","Male",25,"Farmer/ Clerk/ Shopkeeper",3,4,4,3,3,0,0,0,0,0,0,0,0,0,0,0,0,"3-4","20-29y"
"1218","986-1","Urban","5-9y","Male",10,"Student",5,4.5,7,2,3.5,0,0,0,1,0,0,0,0,0,0,0,0,"5-6","5-9y"
"1219","987-1","Urban","6-11mo","Male",1,"Child",5,4,5,2,2.5,0,0,0,0,0,0,0,0,0,0,0,0,"5-6","<4y"
"1220","988-1","Urban","1-4y","Female",1,"Child",6,7,11,3.5,5.5,1,0,0,1,1,1,0,0,0,1,1,0,"5-6","<4y"
"1221","989-1","Urban","<6mo","Female",0,"Child",5,4,4,2,2,0,0,0,0,0,0,0,0,0,0,0,0,"5-6","<4y"
"1222","99-1","Rural","40-59y","Male",47,"Semiskilled laborer",5,4,5.5,2,3.5,0,0,0,0,0,0,0,0,0,0,0,0,"5-6","40-49y"
"1223","990-1","Urban","1-4y","Female",3,"Child",5,8,8,4,4,1,0,0,1,0,0,1,0,0,1,0,0,"5-6","<4y"
"1224","991-1","Urban","6-11mo","Male",0,"Child",5,4.5,7,2,3.5,0,0,0,1,0,0,0,0,0,0,0,0,"5-6","<4y"
"1225","992-1","Urban","1-4y","Male",2,"Child",3,3,4,1.5,2,0,0,0,0,0,0,0,0,0,0,0,0,"3-4","<4y"
"1226","994-1","Urban","1-4y","Female",3,"Child",6,5,5,2.5,2.5,0,0,0,0,0,0,0,0,0,0,0,0,"5-6","<4y"
"1227","995-1","Urban","6-11mo","Male",1,"Child",3,3.5,6,2,3,0,0,0,0,0,0,0,0,0,0,0,0,"3-4","<4y"
"1228","996-1","Urban","1-4y","Male",4,"Child",4,5,5,2.5,2.5,0,0,0,0,0,0,0,0,0,0,0,0,"3-4","<4y"
"1229","998-1","Urban","1-4y","Female",4,"Child",4,8,8,4,4,1,0,0,1,0,0,1,0,0,1,0,0,"3-4","<4y"
"1230","999-1","Urban","1-4y","Female",3,"Child",5,3,3,1.5,1.5,0,0,0,0,0,0,0,0,0,0,0,0,"5-6","<4y"
